defined_class	affected_entity_1_sub	affected_entity_1_super	pato_id
ZP:0000283	GO:0008219	ZFA:0000029	PATO:0000912
ZP:0000307	GO:0035282	ZFA:0001117	PATO:0000297
ZP:0000673	GO:0048747	ZFA:0009116	PATO:0002302
ZP:0000674	GO:0048747	ZFA:0009117	PATO:0002302
ZP:0000775	GO:0006403	ZFA:0000093	PATO:0000502
ZP:0000976	GO:0048675	ZFA:0001657	PATO:0000460
ZP:0000979	GO:0048675	ZFA:0007001	PATO:0000460
ZP:0001166	GO:0022008	ZFA:0000152	PATO:0002302
ZP:0001167	GO:0030182	ZFA:0000152	PATO:0000502
ZP:0001168	GO:0030182	ZFA:0000152	PATO:0002302
ZP:0001275	GO:0008219	ZFA:0000152	PATO:0002051
ZP:0001337	GO:0006915	ZFA:0001094	PATO:0002051
ZP:0001338	GO:0009790	ZFA:0001094	PATO:0000297
ZP:0001339	GO:0010467	ZFA:0001094	PATO:0000057
ZP:0001340	GO:0044770	ZFA:0001094	PATO:0002052
ZP:0001341	GO:0097296	ZFA:0001094	PATO:0002051
ZP:0001595	GO:0048870	ZFA:0009288	PATO:0000304
ZP:0001733	GO:0060855	ZFA:0005034	PATO:0000297
ZP:0002300	GO:0008283	ZFA:0001078	PATO:0002052
ZP:0002342	GO:0072332	ZFA:0000152	PATO:0002051
ZP:0002399	GO:0000087	ZFA:0000152	PATO:0000498
ZP:0002400	GO:0000236	ZFA:0000152	PATO:0000297
ZP:0002401	GO:0000236	ZFA:0000152	PATO:0000498
ZP:0002402	GO:0000279	ZFA:0000152	PATO:0000498
ZP:0002403	GO:0006915	ZFA:0000152	PATO:0002051
ZP:0002407	GO:0051301	ZFA:0000152	PATO:0000498
ZP:0002533	GO:0097475	ZFA:0000029	PATO:0001236
ZP:0002863	GO:0042391	ZFA:0009091	PATO:0001507
ZP:0003046	GO:0006974	ZFA:0000008	PATO:0002051
ZP:0003482	GO:0014032	ZFA:0001194	PATO:0001507
ZP:0003677	GO:0001569	ZFA:0001061	PATO:0002302
ZP:0003783	GO:0008219	ZFA:0001114	PATO:0002304
ZP:0003825	GO:0048668	ZFA:0009243	PATO:0002302
ZP:0003928	GO:0016477	ZFA:0009076	PATO:0002051
ZP:0003929	GO:0016477	ZFA:0009076	PATO:0002304
ZP:0003930	GO:0070374	ZFA:0009248	PATO:0002051
ZP:0004017	GO:0007389	ZFA:0001064	PATO:0000057
ZP:0004018	GO:0030182	ZFA:0001064	PATO:0002051
ZP:0004019	GO:0007389	ZFA:0001120	PATO:0000057
ZP:0004341	GO:0046847	ZFA:0009303	PATO:0002051
ZP:0004488	GO:0006915	ZFA:0000094	PATO:0002051
ZP:0004522	GO:0006915	ZFA:0001058	PATO:0002051
ZP:0004523	GO:0006915	ZFA:0001114	PATO:0002051
ZP:0004937	GO:0006915	ZFA:0009114	PATO:0002051
ZP:0004938	GO:0008219	ZFA:0009114	PATO:0002051
ZP:0005014	GO:0060285	ZFA:0009358	PATO:0000912
ZP:0005015	GO:0060285	ZFA:0009358	PATO:0002302
ZP:0005281	GO:0008015	ZFA:0001285	PATO:0000462
ZP:0005315	GO:0030953	ZFA:0000093	PATO:0001507
ZP:0005348	GO:0048870	ZFA:0009288	PATO:0002052
ZP:0005371	GO:0008219	ZFA:0000030	PATO:0002051
ZP:0005373	GO:0008219	ZFA:0007000	PATO:0002051
ZP:0005463	GO:0002040	ZFA:0001061	PATO:0001507
ZP:0005464	GO:0002040	ZFA:0005035	PATO:0001507
ZP:0005516	GO:0008015	ZFA:0000014	PATO:0002302
ZP:0005622	GO:0051301	ZFA:0000107	PATO:0001507
ZP:0006018	GO:0032922	ZFA:0000019	PATO:0002018
ZP:0006097	GO:0048675	ZFA:0000405	PATO:0001236
ZP:0006177	GO:0008283	ZFA:0000155	PATO:0002052
ZP:0006180	GO:0007519	ZFA:0000328	PATO:0002302
ZP:0006247	GO:0019915	ZFA:0000208	PATO:0001507
ZP:0006306	GO:0000422	ZFA:0009399	PATO:0002304
ZP:0006318	GO:0006914	ZFA:0009399	PATO:0002051
ZP:0006319	GO:0008283	ZFA:0009399	PATO:0002302
ZP:0006323	GO:0034263	ZFA:0009399	PATO:0002304
ZP:0006437	GO:0048813	ZFA:0009255	PATO:0001236
ZP:0006440	GO:0097484	ZFA:0009255	PATO:0000460
ZP:0006497	GO:0031175	ZFA:0009238	PATO:0001236
ZP:0006817	GO:0072332	ZFA:0000098	PATO:0002051
ZP:0006820	GO:0072332	ZFA:0001058	PATO:0002051
ZP:0006821	GO:0072332	ZFA:0001094	PATO:0002051
ZP:0006822	GO:0072332	ZFA:0001114	PATO:0002051
ZP:0006823	GO:0072332	ZFA:0001115	PATO:0002051
ZP:0006853	GO:0043534	ZFA:0000186	PATO:0001507
ZP:0006854	GO:0072554	ZFA:0001285	PATO:0000462
ZP:0007034	GO:0003341	ZFA:0000001	PATO:0001236
ZP:0007077	GO:0016477	ZFA:0001372	PATO:0001507
ZP:0007463	GO:0001501	ZFA:0000317	PATO:0001530
ZP:0007474	GO:0045197	ZFA:0000029	PATO:0001236
ZP:0007475	GO:0045197	ZFA:0000101	PATO:0001236
ZP:0007481	GO:0031580	ZFA:0001285	PATO:0001507
ZP:0007482	GO:0031580	ZFA:0009303	PATO:0001507
ZP:0007547	GO:0006309	ZFA:0000075	PATO:0002304
ZP:0007548	GO:0006309	ZFA:0000107	PATO:0002304
ZP:0007626	GO:0060285	ZFA:0000151	PATO:0002302
ZP:0007651	GO:0048755	ZFA:0000008	PATO:0002052
ZP:0007772	GO:0008283	ZFA:0000152	PATO:0001236
ZP:0008002	GO:0006915	ZFA:0001078	PATO:0002051
ZP:0008031	GO:0003242	ZFA:0005061	PATO:0002052
ZP:0008139	GO:0008219	ZFA:0000029	PATO:0002051
ZP:0008140	GO:0008219	ZFA:0000128	PATO:0002051
ZP:0008142	GO:0002040	ZFA:0001285	PATO:0002302
ZP:0008234	GO:0030239	ZFA:0009116	PATO:0001507
ZP:0008238	GO:0045214	ZFA:0009117	PATO:0001507
ZP:0008239	GO:0071688	ZFA:0009117	PATO:0001507
ZP:0008240	GO:0071689	ZFA:0009117	PATO:0001507
ZP:0008335	GO:0060218	ZFA:0005028	PATO:0002302
ZP:0008400	GO:0035988	ZFA:0001405	PATO:0002052
ZP:0008413	GO:0002062	ZFA:0001306	PATO:0002302
ZP:0008414	GO:0007179	ZFA:0001306	PATO:0002302
ZP:0008415	GO:0008283	ZFA:0001306	PATO:0002052
ZP:0008569	GO:0002042	ZFA:0001285	PATO:0000297
ZP:0008589	GO:0008283	ZFA:0000008	PATO:0002052
ZP:0008590	GO:0048675	ZFA:0000008	PATO:0001507
ZP:0008591	GO:0060384	ZFA:0000008	PATO:0001507
ZP:0008594	GO:0008283	ZFA:0000028	PATO:0002052
ZP:0008595	GO:0008283	ZFA:0000128	PATO:0002052
ZP:0008658	GO:0008015	ZFA:0001286	PATO:0002052
ZP:0008758	GO:0002040	ZFA:0001285	PATO:0001236
ZP:0008935	GO:0008015	ZFA:0000180	PATO:0000462
ZP:0008937	GO:0008015	ZFA:0005025	PATO:0000462
ZP:0008949	GO:0035787	ZFA:0005242	PATO:0002302
ZP:0009002	GO:0006915	ZFA:0000008	PATO:0002051
ZP:0009003	GO:0006915	ZFA:0000035	PATO:0002051
ZP:0009004	GO:0008283	ZFA:0000119	PATO:0002051
ZP:0009005	GO:0008283	ZFA:0000152	PATO:0002051
ZP:0009006	GO:0006915	ZFA:0001202	PATO:0002051
ZP:0009007	GO:0008283	ZFA:0001464	PATO:0002051
ZP:0009008	GO:0006915	ZFA:0001679	PATO:0002052
ZP:0009055	GO:0000723	ZFA:0000598	PATO:0002052
ZP:0009153	GO:0048668	ZFA:0009244	PATO:0002302
ZP:0009231	GO:0051646	ZFA:0009248	PATO:0002302
ZP:0009798	GO:0048846	ZFA:0000359	PATO:0002302
ZP:0009832	GO:0048675	ZFA:0009052	PATO:0002302
ZP:0009834	GO:0048675	ZFA:0009244	PATO:0002302
ZP:0009836	GO:0048675	ZFA:0009247	PATO:0002302
ZP:0009917	GO:0006915	ZFA:0009091	PATO:0002051
ZP:0009932	GO:0008015	ZFA:0001058	PATO:0002302
ZP:0009954	GO:0021654	ZFA:0000069	PATO:0000297
ZP:0009956	GO:0021654	ZFA:0000823	PATO:0000297
ZP:0009962	GO:0001755	ZFA:0007063	PATO:0001236
ZP:0009988	GO:0007411	ZFA:0009243	PATO:0002062
ZP:0009991	GO:0048675	ZFA:0009243	PATO:0002302
ZP:0010048	GO:0008283	ZFA:0009280	PATO:0002052
ZP:0010076	GO:0008283	ZFA:0001157	PATO:0002302
ZP:0010106	GO:0048675	ZFA:0001108	PATO:0000460
ZP:0010286	GO:0042133	ZFA:0000475	PATO:0000462
ZP:0010300	GO:0008283	ZFA:0009316	PATO:0002302
ZP:0010301	GO:0006909	ZFA:0009327	PATO:0002302
ZP:0010501	GO:0022402	ZFA:0000152	PATO:0000498
ZP:0010502	GO:0051320	ZFA:0000152	PATO:0000498
ZP:0010569	GO:0070983	ZFA:0009310	PATO:0001236
ZP:0010570	GO:0097485	ZFA:0009310	PATO:0001236
ZP:0010723	GO:0048598	ZFA:0001612	PATO:0001507
ZP:0010736	GO:0030432	ZFA:0001338	PATO:0002051
ZP:0010738	GO:0032400	ZFA:0000144	PATO:0000460
ZP:0010747	GO:0008219	ZFA:0009262	PATO:0002304
ZP:0010752	GO:0006936	ZFA:0009116	PATO:0001236
ZP:0010753	GO:0006936	ZFA:0009117	PATO:0001236
ZP:0010767	GO:0043932	ZFA:0000863	PATO:0002052
ZP:0010768	GO:0045453	ZFA:0000863	PATO:0002051
ZP:0010772	GO:0045453	ZFA:0005606	PATO:0002051
ZP:0010775	GO:0050908	ZFA:0009262	PATO:0002304
ZP:0010782	GO:0061572	ZFA:0001157	PATO:0001236
ZP:0010791	GO:0008015	ZFA:0000014	PATO:0001507
ZP:0010792	GO:0008015	ZFA:0001073	PATO:0001507
ZP:0010794	GO:0008015	ZFA:0001267	PATO:0001507
ZP:0010796	GO:0072554	ZFA:0005020	PATO:0001507
ZP:0010797	GO:0008015	ZFA:0005037	PATO:0001507
ZP:0010811	GO:0008045	ZFA:0009243	PATO:0000498
ZP:0010812	GO:0001508	ZFA:0009149	PATO:0001236
ZP:0010813	GO:0001508	ZFA:0009149	PATO:0002051
ZP:0010814	GO:0001508	ZFA:0009149	PATO:0002323
ZP:0010815	GO:0019226	ZFA:0009149	PATO:0001236
ZP:0010831	GO:0044458	ZFA:0000001	PATO:0002302
ZP:0010835	GO:0044458	ZFA:0000051	PATO:0002302
ZP:0010842	GO:0001503	ZFA:0001590	PATO:0002302
ZP:0010850	GO:0042476	ZFA:0001143	PATO:0000502
ZP:0010855	GO:0045165	ZFA:0000091	PATO:0001507
ZP:0010868	GO:0006915	ZFA:0001094	PATO:0002304
ZP:0010887	GO:0006915	ZFA:0000008	PATO:0002304
ZP:0010888	GO:0006915	ZFA:0000107	PATO:0002304
ZP:0010923	GO:0002040	ZFA:0000014	PATO:0001236
ZP:0010977	GO:0072554	ZFA:0001285	PATO:0000460
ZP:0010979	GO:0072554	ZFA:0005025	PATO:0000460
ZP:0010980	GO:0006915	ZFA:0000678	PATO:0002051
ZP:0010989	GO:0022008	ZFA:0000051	PATO:0002302
ZP:0010990	GO:0030182	ZFA:0000051	PATO:0002302
ZP:0010995	GO:0048668	ZFA:0009052	PATO:0001236
ZP:0011000	GO:0016477	ZFA:0009076	PATO:0002302
ZP:0011002	GO:0042552	ZFA:0009149	PATO:0002304
ZP:0011004	GO:0042552	ZFA:0009248	PATO:0002304
ZP:0011038	GO:0042074	ZFA:0000017	PATO:0001507
ZP:0011043	GO:0042074	ZFA:0000416	PATO:0001236
ZP:0011052	GO:0007268	ZFA:0009262	PATO:0000460
ZP:0011056	GO:0060113	ZFA:0000051	PATO:0002302
ZP:0011062	GO:0000132	ZFA:0000948	PATO:0000460
ZP:0011063	GO:0000132	ZFA:0000948	PATO:0001584
ZP:0011064	GO:0000132	ZFA:0001032	PATO:0000460
ZP:0011065	GO:0000132	ZFA:0001032	PATO:0001584
ZP:0011066	GO:0008283	ZFA:0000107	PATO:0002302
ZP:0011067	GO:0097193	ZFA:0000107	PATO:0002304
ZP:0011068	GO:0008283	ZFA:0001289	PATO:0002302
ZP:0011075	GO:0007411	ZFA:0000109	PATO:0001236
ZP:0011089	GO:0007411	ZFA:0009310	PATO:0001236
ZP:0011097	GO:0021654	ZFA:0000823	PATO:0000460
ZP:0011099	GO:0021654	ZFA:0000948	PATO:0000460
ZP:0011112	GO:0014025	ZFA:0000029	PATO:0000460
ZP:0011113	GO:0014025	ZFA:0000948	PATO:0000460
ZP:0011114	GO:0014025	ZFA:0001032	PATO:0000460
ZP:0011136	GO:0048675	ZFA:0001657	PATO:0001236
ZP:0011137	GO:0048675	ZFA:0007001	PATO:0001236
ZP:0011139	GO:0048669	ZFA:0009310	PATO:0002302
ZP:0011152	GO:0006915	ZFA:0001464	PATO:0002304
ZP:0011153	GO:0008219	ZFA:0001464	PATO:0002304
ZP:0011156	GO:0072554	ZFA:0001285	PATO:0001236
ZP:0011157	GO:0072554	ZFA:0005025	PATO:0001236
ZP:0011160	GO:0042552	ZFA:0000175	PATO:0000297
ZP:0011161	GO:0042552	ZFA:0000175	PATO:0002302
ZP:0011164	GO:0042552	ZFA:0009052	PATO:0000297
ZP:0011165	GO:0042552	ZFA:0009052	PATO:0002302
ZP:0011173	GO:0006915	ZFA:0001128	PATO:0002304
ZP:0011174	GO:0006915	ZFA:0001130	PATO:0002304
ZP:0011176	GO:0006915	ZFA:0001309	PATO:0002304
ZP:0011181	GO:0006915	ZFA:0007059	PATO:0002304
ZP:0011185	GO:0032400	ZFA:0000144	PATO:0001236
ZP:0011191	GO:0097484	ZFA:0009255	PATO:0001236
ZP:0011194	GO:0002040	ZFA:0001285	PATO:0001507
ZP:0011195	GO:0030199	ZFA:0000035	PATO:0001507
ZP:0011202	GO:0007268	ZFA:0009262	PATO:0001236
ZP:0011206	GO:0006915	ZFA:0000101	PATO:0002304
ZP:0011207	GO:0006915	ZFA:0000110	PATO:0002304
ZP:0011208	GO:0000132	ZFA:0000948	PATO:0001236
ZP:0011209	GO:0000132	ZFA:0001032	PATO:0001236
ZP:0011216	GO:0048675	ZFA:0001108	PATO:0001236
ZP:0011221	GO:0021654	ZFA:0000823	PATO:0001236
ZP:0011222	GO:0021654	ZFA:0000948	PATO:0001236
ZP:0011224	GO:0014025	ZFA:0000029	PATO:0001236
ZP:0011225	GO:0014025	ZFA:0000948	PATO:0001236
ZP:0011226	GO:0014025	ZFA:0001032	PATO:0001236
ZP:0011228	GO:0006694	ZFA:0001345	PATO:0002052
ZP:0011229	GO:0016477	ZFA:0001346	PATO:0001507
ZP:0011234	GO:0050808	ZFA:0009367	PATO:0001236
ZP:0011235	GO:0071260	ZFA:0009367	PATO:0001236
ZP:0011252	GO:0008045	ZFA:0001115	PATO:0000460
ZP:0011262	GO:0008015	ZFA:0001115	PATO:0002052
ZP:0011263	GO:0060562	ZFA:0001338	PATO:0001507
ZP:0011267	GO:0035545	ZFA:0001360	PATO:0001236
ZP:0011271	GO:0000084	ZFA:0000032	PATO:0000498
ZP:0011272	GO:0006885	ZFA:0005327	PATO:0001236
ZP:0011273	GO:0015991	ZFA:0005327	PATO:0000161
ZP:0011298	GO:0015991	ZFA:0005327	PATO:0000911
ZP:0011317	GO:0072659	ZFA:0001106	PATO:0002052
ZP:0011321	GO:0019228	ZFA:0000445	PATO:0000380
ZP:0011322	GO:0019228	ZFA:0000445	PATO:0001845
ZP:0011323	GO:0098908	ZFA:0000445	PATO:0002302
ZP:0011324	GO:0000278	ZFA:0001094	PATO:0001236
ZP:0011325	GO:0008283	ZFA:0001094	PATO:0002304
ZP:0011328	GO:0008283	ZFA:0000017	PATO:0002302
ZP:0011329	GO:0016477	ZFA:0000017	PATO:0001236
ZP:0011334	GO:0016477	ZFA:0009139	PATO:0000502
ZP:0011335	GO:0016477	ZFA:0009139	PATO:0001236
ZP:0011339	GO:0003259	ZFA:0000115	PATO:0001236
ZP:0011340	GO:0061312	ZFA:0001724	PATO:0002302
ZP:0011342	GO:0002040	ZFA:0001286	PATO:0002051
ZP:0011346	GO:0006915	ZFA:0000029	PATO:0002304
ZP:0011347	GO:0006915	ZFA:0000128	PATO:0002304
ZP:0011348	GO:0006915	ZFA:0000671	PATO:0002304
ZP:0011349	GO:0006915	ZFA:0001114	PATO:0002304
ZP:0011350	GO:0006915	ZFA:0001115	PATO:0002304
ZP:0011354	GO:0016322	ZFA:0009310	PATO:0002302
ZP:0011360	GO:0048669	ZFA:0009310	PATO:0000057
ZP:0011361	GO:0048669	ZFA:0009310	PATO:0002051
ZP:0011365	GO:0086001	ZFA:0000114	PATO:0000499
ZP:0011388	GO:0048666	ZFA:0009301	PATO:0001507
ZP:0011389	GO:0009952	ZFA:0000029	PATO:0001507
ZP:0011409	GO:0016477	ZFA:0005768	PATO:0001236
ZP:0011412	GO:0008283	ZFA:0000123	PATO:0002052
ZP:0011418	GO:0001756	ZFA:0000857	PATO:0000498
ZP:0011425	GO:0019722	ZFA:0000001	PATO:0001236
ZP:0011427	GO:0001944	ZFA:0005046	PATO:0000502
ZP:0011428	GO:0001944	ZFA:0005046	PATO:0001236
ZP:0011444	GO:0001946	ZFA:0005110	PATO:0002302
ZP:0011446	GO:0071679	ZFA:0000059	PATO:0001507
ZP:0011447	GO:0071679	ZFA:0000109	PATO:0001507
ZP:0011448	GO:0071679	ZFA:0000435	PATO:0001507
ZP:0011450	GO:0071679	ZFA:0001108	PATO:0001507
ZP:0011456	GO:0060026	ZFA:0000017	PATO:0001236
ZP:0011470	GO:0008219	ZFA:0001613	PATO:0002304
ZP:0011479	GO:0006915	ZFA:0001135	PATO:0002304
ZP:0011482	GO:0007411	ZFA:0005177	PATO:0001236
ZP:0011483	GO:0007411	ZFA:0005240	PATO:0001236
ZP:0011490	GO:0001736	ZFA:0000022	PATO:0001236
ZP:0011507	GO:0006915	ZFA:0000445	PATO:0002051
ZP:0011508	GO:0033278	ZFA:0000445	PATO:0002051
ZP:0011509	GO:0050767	ZFA:0000445	PATO:0001236
ZP:0011539	GO:0001764	ZFA:0001155	PATO:0000502
ZP:0011540	GO:0001764	ZFA:0001155	PATO:0000911
ZP:0011541	GO:0051301	ZFA:0001155	PATO:0002052
ZP:0011543	GO:0006915	ZFA:0005028	PATO:0002304
ZP:0011544	GO:0007219	ZFA:0005028	PATO:0002302
ZP:0011546	GO:0007219	ZFA:0009065	PATO:0002302
ZP:0011552	GO:0001525	ZFA:0001267	PATO:0001236
ZP:0011553	GO:0001525	ZFA:0001285	PATO:0001236
ZP:0011557	GO:0043473	ZFA:0000107	PATO:0001236
ZP:0011559	GO:0072577	ZFA:0000477	PATO:0002051
ZP:0011574	GO:0060026	ZFA:0000117	PATO:0001236
ZP:0011576	GO:0008219	ZFA:0000029	PATO:0002304
ZP:0011579	GO:0008015	ZFA:0001117	PATO:0000462
ZP:0011587	GO:0002040	ZFA:0001057	PATO:0000502
ZP:0011588	GO:0002040	ZFA:0001057	PATO:0001507
ZP:0011589	GO:0008015	ZFA:0001057	PATO:0001507
ZP:0011590	GO:0008283	ZFA:0001057	PATO:0002052
ZP:0011596	GO:0000132	ZFA:0000132	PATO:0001236
ZP:0011605	GO:0008283	ZFA:0000152	PATO:0001507
ZP:0011620	GO:0007274	ZFA:0009116	PATO:0002018
ZP:0011622	GO:0007274	ZFA:0009117	PATO:0000297
ZP:0011641	GO:0006914	ZFA:0009262	PATO:0001236
ZP:0011642	GO:0007040	ZFA:0009262	PATO:0001236
ZP:0011643	GO:0016197	ZFA:0009262	PATO:0001236
ZP:0011644	GO:0051684	ZFA:0009262	PATO:0002302
ZP:0011649	GO:0007224	ZFA:0000075	PATO:0002302
ZP:0011650	GO:0007224	ZFA:0001135	PATO:0002302
ZP:0011652	GO:0008283	ZFA:0000083	PATO:0002051
ZP:0011656	GO:0008283	ZFA:0001289	PATO:0001507
ZP:0011659	GO:0006915	ZFA:0001058	PATO:0002304
ZP:0011660	GO:0006915	ZFA:0000056	PATO:0002304
ZP:0011662	GO:0008283	ZFA:0001273	PATO:0002302
ZP:0011665	GO:0008283	ZFA:0001338	PATO:0002304
ZP:0011674	GO:0014881	ZFA:0007049	PATO:0001507
ZP:0011677	GO:0014881	ZFA:0007051	PATO:0001507
ZP:0011683	GO:0043473	ZFA:0001115	PATO:0002302
ZP:0011690	GO:0032922	ZFA:0001359	PATO:0001236
ZP:0011698	GO:0008219	ZFA:0009091	PATO:0002304
ZP:0011705	GO:0006915	ZFA:0000123	PATO:0002304
ZP:0011734	GO:0022008	ZFA:0001295	PATO:0002052
ZP:0011736	GO:0022008	ZFA:0001296	PATO:0002052
ZP:0011738	GO:0022008	ZFA:0001297	PATO:0002052
ZP:0011740	GO:0022008	ZFA:0001298	PATO:0002052
ZP:0011742	GO:0022008	ZFA:0001299	PATO:0002052
ZP:0011744	GO:0022008	ZFA:0001300	PATO:0002052
ZP:0011747	GO:0008283	ZFA:0000028	PATO:0002302
ZP:0011749	GO:0060037	ZFA:0001106	PATO:0001236
ZP:0011759	GO:0001755	ZFA:0009091	PATO:0001236
ZP:0011763	GO:0021538	ZFA:0001360	PATO:0001236
ZP:0011764	GO:0035462	ZFA:0001360	PATO:0001236
ZP:0011769	GO:0007010	ZFA:0000213	PATO:0002302
ZP:0011771	GO:0048846	ZFA:0000213	PATO:0001507
ZP:0011776	GO:0030282	ZFA:0000250	PATO:0002058
ZP:0011777	GO:0034505	ZFA:0001143	PATO:0000462
ZP:0011778	GO:0034505	ZFA:0001143	PATO:0001507
ZP:0011779	GO:0001503	ZFA:0001516	PATO:0000462
ZP:0011780	GO:0001503	ZFA:0001516	PATO:0001507
ZP:0011792	GO:0060242	ZFA:0009004	PATO:0001507
ZP:0011801	GO:0022011	ZFA:0000944	PATO:0000297
ZP:0011834	GO:0008219	ZFA:0001114	PATO:0002051
ZP:0011835	GO:0006915	ZFA:0001115	PATO:0002051
ZP:0011839	GO:0001946	ZFA:0001338	PATO:0002302
ZP:0011841	GO:0001946	ZFA:0005108	PATO:0002302
ZP:0011857	GO:0032291	ZFA:0005266	PATO:0002302
ZP:0011860	GO:0048668	ZFA:0000295	PATO:0002052
ZP:0011862	GO:0008089	ZFA:0009150	PATO:0002052
ZP:0011865	GO:0048668	ZFA:0009150	PATO:0002052
ZP:0011866	GO:0048675	ZFA:0009150	PATO:0000912
ZP:0011867	GO:1990126	ZFA:0009150	PATO:0002052
ZP:0011876	GO:0000278	ZFA:0000152	PATO:0001236
ZP:0011877	GO:0006915	ZFA:0000152	PATO:0002302
ZP:0011878	GO:0010458	ZFA:0000152	PATO:0002302
ZP:0011897	GO:0006915	ZFA:0000007	PATO:0002304
ZP:0011900	GO:0006914	ZFA:0001094	PATO:0002051
ZP:0011903	GO:0006914	ZFA:0009256	PATO:0002051
ZP:0011909	GO:0019722	ZFA:0000114	PATO:0001507
ZP:0011913	GO:0007049	ZFA:0000123	PATO:0000297
ZP:0011914	GO:0008219	ZFA:0000217	PATO:0002304
ZP:0011915	GO:0008219	ZFA:0001227	PATO:0002304
ZP:0011917	GO:0006306	ZFA:0009111	PATO:0002302
ZP:0011919	GO:0032053	ZFA:0001558	PATO:0002302
ZP:0011924	GO:0006915	ZFA:0009115	PATO:0002304
ZP:0011929	GO:0016973	ZFA:0000123	PATO:0002302
ZP:0011930	GO:0016973	ZFA:0000140	PATO:0002302
ZP:0011933	GO:0006915	ZFA:0000152	PATO:0002304
ZP:0011934	GO:0016973	ZFA:0000152	PATO:0002302
ZP:0011936	GO:0016973	ZFA:0001338	PATO:0002302
ZP:0011951	GO:0021923	ZFA:0000029	PATO:0002051
ZP:0011956	GO:0008283	ZFA:0009065	PATO:0000912
ZP:0011961	GO:0008015	ZFA:0000186	PATO:0002302
ZP:0011991	GO:0030282	ZFA:0000135	PATO:0000396
ZP:0012002	GO:0030282	ZFA:0001189	PATO:0002051
ZP:0012003	GO:0045453	ZFA:0001189	PATO:0002051
ZP:0012006	GO:0030282	ZFA:0001400	PATO:0002051
ZP:0012007	GO:0036073	ZFA:0001400	PATO:0000694
ZP:0012011	GO:0030282	ZFA:0005744	PATO:0002051
ZP:0012021	GO:0003341	ZFA:0000151	PATO:0001236
ZP:0012030	GO:0016477	ZFA:0000206	PATO:0000297
ZP:0012058	GO:0048665	ZFA:0005209	PATO:0001236
ZP:0012063	GO:0006915	ZFA:0001282	PATO:0002051
ZP:0012064	GO:0060128	ZFA:0001282	PATO:0002052
ZP:0012108	GO:0007219	ZFA:0009365	PATO:0002304
ZP:0012109	GO:0008543	ZFA:0009365	PATO:0002304
ZP:0012110	GO:0060070	ZFA:0009365	PATO:0002304
ZP:0012142	GO:0030282	ZFA:0000250	PATO:0002302
ZP:0012143	GO:0030282	ZFA:0000476	PATO:0002302
ZP:0012144	GO:0030282	ZFA:0000578	PATO:0002302
ZP:0012145	GO:0030282	ZFA:0000621	PATO:0002302
ZP:0012146	GO:0030282	ZFA:0000672	PATO:0002302
ZP:0012147	GO:0030282	ZFA:0001189	PATO:0002302
ZP:0012148	GO:0030282	ZFA:0005606	PATO:0002302
ZP:0012153	GO:0035118	ZFA:0000141	PATO:0002302
ZP:0012155	GO:0061564	ZFA:0009301	PATO:0001507
ZP:0012162	GO:0030182	ZFA:0000101	PATO:0002302
ZP:0012167	GO:0006915	ZFA:0000109	PATO:0002051
ZP:0012168	GO:0006915	ZFA:0000128	PATO:0002051
ZP:0012170	GO:0030182	ZFA:0000304	PATO:0002302
ZP:0012171	GO:0008283	ZFA:0001000	PATO:0002052
ZP:0012210	GO:0043482	ZFA:0009091	PATO:0000057
ZP:0012211	GO:0071484	ZFA:0009091	PATO:0002052
ZP:0012217	GO:0008283	ZFA:0000123	PATO:0002302
ZP:0012218	GO:0008283	ZFA:0001058	PATO:0002302
ZP:0012219	GO:0008283	ZFA:0001115	PATO:0002302
ZP:0012220	GO:0051216	ZFA:0001205	PATO:0001507
ZP:0012221	GO:0051216	ZFA:0001399	PATO:0001507
ZP:0012225	GO:0006915	ZFA:0001286	PATO:0002304
ZP:0012226	GO:0003341	ZFA:0000529	PATO:0002302
ZP:0012241	GO:0008283	ZFA:0005028	PATO:0002302
ZP:0012276	GO:0008219	ZFA:0001157	PATO:0002304
ZP:0012279	GO:0010458	ZFA:0000029	PATO:0000502
ZP:0012280	GO:0022008	ZFA:0000029	PATO:0000498
ZP:0012281	GO:0022008	ZFA:0000029	PATO:0002051
ZP:0012283	GO:0001946	ZFA:0005298	PATO:0002302
ZP:0012297	GO:0006915	ZFA:0000075	PATO:0002304
ZP:0012313	GO:0022617	ZFA:0005768	PATO:0002052
ZP:0012314	GO:0097374	ZFA:0005768	PATO:0002302
ZP:0012321	GO:0016477	ZFA:0009395	PATO:0001236
ZP:0012334	GO:0048668	ZFA:0009150	PATO:0002302
ZP:0012350	GO:0019228	ZFA:0009150	PATO:0001236
ZP:0012351	GO:0019228	ZFA:0009243	PATO:0001236
ZP:0012354	GO:0086009	ZFA:0009243	PATO:0001236
ZP:0012356	GO:0008015	ZFA:0005024	PATO:0001507
ZP:0012357	GO:0008015	ZFA:0005295	PATO:0001507
ZP:0012358	GO:0021530	ZFA:0000075	PATO:0001507
ZP:0012359	GO:0070445	ZFA:0000075	PATO:0001507
ZP:0012361	GO:0051301	ZFA:0009169	PATO:0002051
ZP:0012370	GO:0030855	ZFA:0001499	PATO:0001507
ZP:0012381	GO:0001570	ZFA:0001271	PATO:0002052
ZP:0012382	GO:0060384	ZFA:0001271	PATO:0002052
ZP:0012384	GO:0016477	ZFA:0001106	PATO:0000304
ZP:0012386	GO:0097475	ZFA:0000206	PATO:0002302
ZP:0012400	GO:0048813	ZFA:0009310	PATO:0002052
ZP:0012403	GO:0001570	ZFA:0005003	PATO:0002302
ZP:0012404	GO:0035779	ZFA:0005003	PATO:0002302
ZP:0012405	GO:0060837	ZFA:0005003	PATO:0002052
ZP:0012406	GO:0061626	ZFA:0005003	PATO:0002302
ZP:0012411	GO:0016477	ZFA:0001106	PATO:0000303
ZP:0012415	GO:0009953	ZFA:0000152	PATO:0001236
ZP:0012416	GO:0060384	ZFA:0000445	PATO:0002302
ZP:0012420	GO:0003140	ZFA:0000121	PATO:0002302
ZP:0012428	GO:0007368	ZFA:0000213	PATO:0001507
ZP:0012429	GO:0022008	ZFA:0000213	PATO:0001236
ZP:0012430	GO:0007368	ZFA:0000509	PATO:0001507
ZP:0012433	GO:0048066	ZFA:0009091	PATO:0001236
ZP:0012440	GO:0045216	ZFA:0001320	PATO:0002302
ZP:0012441	GO:0055007	ZFA:0001320	PATO:0001236
ZP:0012445	GO:0002011	ZFA:0001724	PATO:0002302
ZP:0012450	GO:0021923	ZFA:0000029	PATO:0002052
ZP:0012451	GO:0022008	ZFA:0000029	PATO:0000694
ZP:0012456	GO:0030432	ZFA:0000706	PATO:0002052
ZP:0012461	GO:0007219	ZFA:0005124	PATO:0001236
ZP:0012483	GO:0001764	ZFA:0005731	PATO:0002472
ZP:0012488	GO:0048870	ZFA:0000132	PATO:0001236
ZP:0012490	GO:0051301	ZFA:0001135	PATO:0001529
ZP:0012493	GO:0008078	ZFA:0000060	PATO:0001236
ZP:0012501	GO:0060852	ZFA:0000477	PATO:0001236
ZP:0012512	GO:0071679	ZFA:0000059	PATO:0002302
ZP:0012514	GO:2001266	ZFA:0000109	PATO:0002304
ZP:0012517	GO:0071679	ZFA:0001108	PATO:0002302
ZP:0012518	GO:0034332	ZFA:0001106	PATO:0001236
ZP:0012519	GO:0045176	ZFA:0001106	PATO:0002052
ZP:0012521	GO:0010631	ZFA:0001106	PATO:0001236
ZP:0012547	GO:0007368	ZFA:0000213	PATO:0001236
ZP:0012550	GO:0006915	ZFA:0001306	PATO:0002304
ZP:0012560	GO:0048675	ZFA:0009052	PATO:0001236
ZP:0012582	GO:0035462	ZFA:0000213	PATO:0001236
ZP:0012584	GO:0022011	ZFA:0000175	PATO:0002302
ZP:0012587	GO:0001525	ZFA:0005024	PATO:0001236
ZP:0012594	GO:0008283	ZFA:0009033	PATO:0002302
ZP:0012597	GO:0055005	ZFA:0005062	PATO:0002302
ZP:0012609	GO:0045214	ZFA:0009316	PATO:0001507
ZP:0012616	GO:0030282	ZFA:0000126	PATO:0002052
ZP:0012618	GO:0030282	ZFA:0000250	PATO:0002052
ZP:0012619	GO:0030282	ZFA:0000578	PATO:0002052
ZP:0012620	GO:0030282	ZFA:0000737	PATO:0002052
ZP:0012628	GO:0003002	ZFA:0000050	PATO:0002302
ZP:0012629	GO:0006915	ZFA:0000050	PATO:0002051
ZP:0012647	GO:0048813	ZFA:0009149	PATO:0001236
ZP:0012667	GO:0042552	ZFA:0000075	PATO:0002302
ZP:0012674	GO:0008219	ZFA:0000094	PATO:0002304
ZP:0012678	GO:0008219	ZFA:0009324	PATO:0002304
ZP:0012685	GO:0030432	ZFA:0000112	PATO:0002302
ZP:0012688	GO:0006915	ZFA:0000029	PATO:0002051
ZP:0012695	GO:0006915	ZFA:0009041	PATO:0002051
ZP:0012696	GO:0008283	ZFA:0001180	PATO:0002051
ZP:0012697	GO:0008283	ZFA:0001185	PATO:0002051
ZP:0012716	GO:0070509	ZFA:0009367	PATO:0015003
ZP:0012718	GO:0035889	ZFA:0000676	PATO:0000297
ZP:0012720	GO:0032475	ZFA:0000051	PATO:0000502
ZP:0012721	GO:0035889	ZFA:0000051	PATO:0000502
ZP:0012728	GO:0003351	ZFA:0000151	PATO:0000297
ZP:0012747	GO:0001755	ZFA:0001194	PATO:0001236
ZP:0012751	GO:0001755	ZFA:0001612	PATO:0001236
ZP:0012753	GO:0008219	ZFA:0000141	PATO:0002051
ZP:0012754	GO:0008283	ZFA:0000141	PATO:0002052
ZP:0012763	GO:0048514	ZFA:0005024	PATO:0001236
ZP:0012772	GO:0009952	ZFA:0000133	PATO:0001236
ZP:0012778	GO:1902414	ZFA:0001106	PATO:0000057
ZP:0012785	GO:0061437	ZFA:0001557	PATO:0001236
ZP:0012810	GO:0039014	ZFA:0001620	PATO:0001236
ZP:0012811	GO:0039014	ZFA:0001621	PATO:0001236
ZP:0012908	GO:0006915	ZFA:0000008	PATO:0000057
ZP:0012909	GO:0006915	ZFA:0000107	PATO:0000057
ZP:0012910	GO:0031290	ZFA:0009310	PATO:0000057
ZP:0013012	GO:0014032	ZFA:0001115	PATO:0000001
ZP:0013105	GO:0007030	ZFA:0009262	PATO:0001236
ZP:0013128	GO:0045214	ZFA:0007049	PATO:0001236
ZP:0013132	GO:0045214	ZFA:0007051	PATO:0001236
ZP:0013146	GO:0060113	ZFA:0000051	PATO:0001236
ZP:0013192	GO:0001755	ZFA:0001135	PATO:0002323
ZP:0013193	GO:0036032	ZFA:0001135	PATO:0002323
ZP:0013194	GO:0001755	ZFA:0001273	PATO:0001236
ZP:0013229	GO:0006915	ZFA:0009165	PATO:0000057
ZP:0013260	GO:0032922	ZFA:0000019	PATO:0001236
ZP:0013264	GO:0006915	ZFA:0005041	PATO:0000161
ZP:0013326	GO:0021923	ZFA:0000029	PATO:0000057
ZP:0013371	GO:0006974	ZFA:0000008	PATO:0000057
ZP:0013395	GO:0045214	ZFA:0005061	PATO:0001236
ZP:0013424	GO:0007224	ZFA:0000118	PATO:0001236
ZP:0013429	GO:0006915	ZFA:0001282	PATO:0000057
ZP:0013430	GO:0060128	ZFA:0001282	PATO:0000057
ZP:0013494	GO:0045198	ZFA:0000001	PATO:0001236
ZP:0013550	GO:0000278	ZFA:0009141	PATO:0001236
ZP:0013570	GO:0001570	ZFA:0001115	PATO:0001236
ZP:0013576	GO:0006915	ZFA:0001405	PATO:0000057
ZP:0013581	GO:0006915	ZFA:0001306	PATO:0000057
ZP:0013680	GO:0010842	ZFA:0000107	PATO:0000057
ZP:0013700	GO:0031173	ZFA:0000530	PATO:0015002
ZP:0013701	GO:0035889	ZFA:0000530	PATO:0001236
ZP:0013702	GO:0031173	ZFA:0000676	PATO:0015002
ZP:0013707	GO:0035889	ZFA:0000051	PATO:0001236
ZP:0013712	GO:0021522	ZFA:0000075	PATO:0001236
ZP:0013724	GO:0022008	ZFA:0001295	PATO:0000057
ZP:0013725	GO:0022008	ZFA:0001300	PATO:0000057
ZP:0013730	GO:0072659	ZFA:0001106	PATO:0000057
ZP:0013796	GO:0007219	ZFA:0005024	PATO:0001236
ZP:0013825	GO:0008015	ZFA:0005309	PATO:0000467
ZP:0013837	GO:0008219	ZFA:0000152	PATO:0000161
ZP:0013857	GO:0016477	ZFA:0000509	PATO:0001236
ZP:0013866	GO:0001755	ZFA:0001306	PATO:0001236
ZP:0013878	GO:0001837	ZFA:0001345	PATO:0002052
ZP:0013879	GO:0009887	ZFA:0001345	PATO:0001236
ZP:0013889	GO:0006897	ZFA:0005124	PATO:0002052
ZP:0013894	GO:0006897	ZFA:0005124	PATO:0001236
ZP:0013895	GO:0007219	ZFA:0005124	PATO:0002302
ZP:0013899	GO:0060384	ZFA:0000112	PATO:0001507
ZP:0013902	GO:0030282	ZFA:0000737	PATO:0002051
ZP:0013903	GO:0030282	ZFA:0001559	PATO:0002051
ZP:0013909	GO:0006915	ZFA:0000017	PATO:0002051
ZP:0013926	GO:0007416	ZFA:0001480	PATO:0002302
ZP:0013927	GO:0007416	ZFA:0009052	PATO:0002302
ZP:0013936	GO:0008283	ZFA:0001326	PATO:0002052
ZP:0013993	GO:0002040	ZFA:0005035	PATO:0002051
ZP:0014006	GO:0008283	ZFA:0001315	PATO:0002302
ZP:0014015	GO:0008015	ZFA:0000180	PATO:0002302
ZP:0014016	GO:0002062	ZFA:0001399	PATO:0001236
ZP:0014017	GO:0002062	ZFA:0001400	PATO:0001236
ZP:0014018	GO:0002062	ZFA:0001424	PATO:0001236
ZP:0014022	GO:0000278	ZFA:0001306	PATO:0000297
ZP:0014023	GO:0008283	ZFA:0001306	PATO:0002302
ZP:0014025	GO:0002040	ZFA:0005046	PATO:0002302
ZP:0014028	GO:0001568	ZFA:0005035	PATO:0001236
ZP:0014031	GO:0001525	ZFA:0001269	PATO:0002302
ZP:0014032	GO:0001568	ZFA:0001286	PATO:0001236
ZP:0014036	GO:0009826	ZFA:0001285	PATO:0001236
ZP:0014281	GO:0008283	ZFA:0000393	PATO:0002052
ZP:0014403	GO:0031102	ZFA:0000219	PATO:0002302
ZP:0014404	GO:0031102	ZFA:0000543	PATO:0002302
ZP:0014405	GO:0031102	ZFA:0000593	PATO:0002302
ZP:0014406	GO:0031102	ZFA:0000984	PATO:0002302
ZP:0014441	GO:0008283	ZFA:0000152	PATO:0002052
ZP:0014461	GO:0031099	ZFA:0000075	PATO:0002302
ZP:0014468	GO:0008283	ZFA:0001269	PATO:0002302
ZP:0014469	GO:0008283	ZFA:0005147	PATO:0002302
ZP:0014470	GO:0022008	ZFA:0005147	PATO:0002302
ZP:0014475	GO:0036268	ZFA:0001094	PATO:0002052
ZP:0014476	GO:0048677	ZFA:0000075	PATO:0002052
ZP:0014486	GO:0030097	ZFA:0005028	PATO:0002304
ZP:0014489	GO:0032922	ZFA:0000019	PATO:0002302
ZP:0014490	GO:0008283	ZFA:0001270	PATO:0002302
ZP:0014507	GO:0071679	ZFA:0000059	PATO:0001236
ZP:0014508	GO:0071679	ZFA:0001108	PATO:0001236
ZP:0014509	GO:2001266	ZFA:0000109	PATO:0001236
ZP:0014514	GO:0016079	ZFA:0009052	PATO:0000912
ZP:0014516	GO:0048488	ZFA:0009052	PATO:0000912
ZP:0014517	GO:0048675	ZFA:0009244	PATO:0002304
ZP:0014518	GO:0048675	ZFA:0009247	PATO:0002304
ZP:0014540	GO:0006915	ZFA:0001558	PATO:0002304
ZP:0014541	GO:0008283	ZFA:0001558	PATO:0002304
ZP:0014553	GO:0061669	ZFA:0009318	PATO:0002051
ZP:0014554	GO:0061670	ZFA:0009318	PATO:0000057
ZP:0014567	GO:0042133	ZFA:0000475	PATO:0000467
ZP:0014568	GO:0042133	ZFA:0001429	PATO:0000467
ZP:0014581	GO:0030282	ZFA:0000277	PATO:0001236
ZP:0014582	GO:0030282	ZFA:0005147	PATO:0002302
ZP:0014583	GO:0045453	ZFA:0005147	PATO:0002304
ZP:0014589	GO:0070654	ZFA:0000152	PATO:0002051
ZP:0014590	GO:0070654	ZFA:0000152	PATO:0002052
ZP:0014591	GO:0072089	ZFA:0000152	PATO:0002052
ZP:0014604	GO:0060972	ZFA:0000112	PATO:0001236
ZP:0014609	GO:0036321	ZFA:0000008	PATO:0000057
ZP:0014610	GO:0036321	ZFA:0000339	PATO:0000057
ZP:0014611	GO:0036321	ZFA:0000339	PATO:0002051
ZP:0014614	GO:0060012	ZFA:0009052	PATO:0000044
ZP:0014617	GO:0045197	ZFA:0000051	PATO:0001236
ZP:0014623	GO:0030182	ZFA:0009361	PATO:0000297
ZP:0014642	GO:0090504	ZFA:0000086	PATO:0001333
ZP:0014643	GO:0090504	ZFA:0000088	PATO:0001333
ZP:0014644	GO:0090504	ZFA:0000711	PATO:0000297
ZP:0014645	GO:0090504	ZFA:0000711	PATO:0001333
ZP:0014660	GO:0060047	ZFA:0000009	PATO:0002302
ZP:0014666	GO:0012501	ZFA:0009218	PATO:0002304
ZP:0014677	GO:0008283	ZFA:0000123	PATO:0002304
ZP:0014683	GO:0015991	ZFA:0005327	PATO:0000912
ZP:0014685	GO:0008283	ZFA:0009280	PATO:0002304
ZP:0014694	GO:0006915	ZFA:0000008	PATO:0002302
ZP:0014695	GO:0006915	ZFA:0000075	PATO:0002302
ZP:0014696	GO:0031099	ZFA:0000435	PATO:0002304
ZP:0014697	GO:0031103	ZFA:0009310	PATO:0000911
ZP:0014698	GO:0031103	ZFA:0009310	PATO:0000912
ZP:0014699	GO:0031103	ZFA:0009310	PATO:0002302
ZP:0014700	GO:0031103	ZFA:0009310	PATO:0002304
ZP:0014701	GO:0048677	ZFA:0009310	PATO:0002302
ZP:0014702	GO:0048677	ZFA:0009310	PATO:0002304
ZP:0014703	GO:0031103	ZFA:0000219	PATO:0001236
ZP:0014704	GO:0031103	ZFA:0000219	PATO:0001507
ZP:0014705	GO:0031103	ZFA:0000815	PATO:0001236
ZP:0014706	GO:0031103	ZFA:0000815	PATO:0001507
ZP:0014714	GO:0006915	ZFA:0000119	PATO:0002304
ZP:0014715	GO:0006915	ZFA:0009310	PATO:0002304
ZP:0014716	GO:0006915	ZFA:0001094	PATO:0002302
ZP:0014717	GO:0008283	ZFA:0001094	PATO:0002302
ZP:0014730	GO:0008283	ZFA:0009031	PATO:0002051
ZP:0014731	GO:0043697	ZFA:0009031	PATO:0002051
ZP:0014732	GO:1990523	ZFA:0001418	PATO:0002304
ZP:0014735	GO:0051216	ZFA:0001458	PATO:0000502
ZP:0014742	GO:0030282	ZFA:0000135	PATO:0000049
ZP:0014749	GO:0030432	ZFA:0000112	PATO:0000381
ZP:0014751	GO:0030432	ZFA:0000112	PATO:0000380
ZP:0014752	GO:0006915	ZFA:0000035	PATO:0002304
ZP:0014753	GO:0008283	ZFA:0000152	PATO:0002304
ZP:0014754	GO:0006915	ZFA:0000050	PATO:0002304
ZP:0014755	GO:0008283	ZFA:0000050	PATO:0002304
ZP:0014762	GO:0042552	ZFA:0000435	PATO:0002302
ZP:0014773	GO:0008283	ZFA:0000445	PATO:0002302
ZP:0014774	GO:0008283	ZFA:0000445	PATO:0002304
ZP:0014775	GO:0008283	ZFA:0000029	PATO:0002304
ZP:0014776	GO:0022008	ZFA:0000029	PATO:0002302
ZP:0014777	GO:0050910	ZFA:0009367	PATO:0002302
ZP:0014780	GO:0090601	ZFA:0000035	PATO:0001236
ZP:0014782	GO:0006915	ZFA:0001115	PATO:0001236
ZP:0014787	GO:0031099	ZFA:0000152	PATO:0001236
ZP:0014795	GO:0021520	ZFA:0009244	PATO:0002052
ZP:0014796	GO:0021521	ZFA:0005240	PATO:0002051
ZP:0014797	GO:0021521	ZFA:0009244	PATO:0002051
ZP:0014798	GO:0048675	ZFA:0009244	PATO:0000057
ZP:0014799	GO:0048675	ZFA:0009244	PATO:0002052
ZP:0014802	GO:0048675	ZFA:0009247	PATO:0002052
ZP:0014811	GO:0008283	ZFA:0009280	PATO:0002302
ZP:0014812	GO:0042246	ZFA:0000152	PATO:0001236
ZP:0014825	GO:0009611	ZFA:0009327	PATO:0001236
ZP:0014826	GO:0051301	ZFA:0009076	PATO:0002302
ZP:0014828	GO:0006915	ZFA:0000032	PATO:0002304
ZP:0014831	GO:0008219	ZFA:0000152	PATO:0002304
ZP:0014835	GO:0051301	ZFA:0000119	PATO:0002304
ZP:0014836	GO:0051301	ZFA:0001289	PATO:0002304
ZP:0014837	GO:0051301	ZFA:0001464	PATO:0002304
ZP:0014840	GO:0008283	ZFA:0000024	PATO:0002051
ZP:0014841	GO:0008283	ZFA:0000152	PATO:0002302
ZP:0014843	GO:0043932	ZFA:0000277	PATO:0001236
ZP:0014844	GO:0043932	ZFA:0000277	PATO:0002302
ZP:0014845	GO:0045453	ZFA:0000277	PATO:0001236
ZP:0014846	GO:0045453	ZFA:0000277	PATO:0002304
ZP:0014847	GO:0046849	ZFA:0000277	PATO:0001236
ZP:0014867	GO:0090504	ZFA:0000086	PATO:0000502
ZP:0014868	GO:0090504	ZFA:0000711	PATO:0000502
ZP:0014885	GO:0022010	ZFA:0000075	PATO:0001236
ZP:0014904	GO:0060384	ZFA:0000445	PATO:0001236
ZP:0014906	GO:0060384	ZFA:0000445	PATO:0000502
ZP:0014913	GO:0008219	ZFA:0000243	PATO:0002051
ZP:0014914	GO:0008283	ZFA:0000243	PATO:0002052
ZP:0014923	GO:0060047	ZFA:0000009	PATO:0001236
ZP:0014926	GO:0008283	ZFA:0009003	PATO:0002302
ZP:0014944	GO:0060218	ZFA:0005028	PATO:0001236
ZP:0014951	GO:0022008	ZFA:0000213	PATO:0000502
ZP:0015061	GO:0002042	ZFA:0001285	PATO:0002304
ZP:0015062	GO:0008283	ZFA:0001285	PATO:0002304
ZP:0015066	GO:0006915	ZFA:0009316	PATO:0002304
ZP:0015067	GO:0008219	ZFA:0009316	PATO:0002304
ZP:0015068	GO:0008283	ZFA:0009316	PATO:0002304
ZP:0015078	GO:0051301	ZFA:0001157	PATO:0002302
ZP:0015084	GO:0034334	ZFA:0001157	PATO:0002302
ZP:0015124	GO:0002040	ZFA:0001285	PATO:0000502
ZP:0015128	GO:0044458	ZFA:0000001	PATO:0001236
ZP:0015134	GO:0017014	ZFA:0009309	PATO:0002304
ZP:0015136	GO:0006915	ZFA:0009327	PATO:0002304
ZP:0015182	GO:0043697	ZFA:0009280	PATO:0002052
ZP:0015190	GO:0008015	ZFA:0001117	PATO:0000467
ZP:0015212	GO:0001503	ZFA:0001269	PATO:0002302
ZP:0015213	GO:0008283	ZFA:0001270	PATO:0002304
ZP:0015267	GO:0008283	ZFA:0009365	PATO:0002304
ZP:0015273	GO:0008283	ZFA:0000112	PATO:0000057
ZP:0015274	GO:0008283	ZFA:0000123	PATO:0000057
ZP:0015289	GO:0022027	ZFA:0009280	PATO:0002051
ZP:0015291	GO:0008283	ZFA:0000119	PATO:0002302
ZP:0015292	GO:0008283	ZFA:0001464	PATO:0002302
ZP:0015311	GO:0009617	ZFA:0009327	PATO:0001236
ZP:0015419	GO:0007411	ZFA:0000175	PATO:0001236
ZP:0015420	GO:0031103	ZFA:0000175	PATO:0000502
ZP:0015421	GO:0031103	ZFA:0000175	PATO:0001236
ZP:0015424	GO:0001764	ZFA:0000152	PATO:0002052
ZP:0015470	GO:0001568	ZFA:0001052	PATO:0000297
ZP:0015471	GO:0008283	ZFA:0009303	PATO:0000911
ZP:0015472	GO:0001568	ZFA:0001285	PATO:0000057
ZP:0015473	GO:0001568	ZFA:0001285	PATO:0000297
ZP:0015517	GO:0006915	ZFA:0000019	PATO:0002304
ZP:0015518	GO:0006915	ZFA:0001679	PATO:0002304
ZP:0015579	GO:0006909	ZFA:0009141	PATO:0000297
ZP:0015580	GO:0006909	ZFA:0009141	PATO:0000502
ZP:0015581	GO:0006911	ZFA:0009141	PATO:0000502
ZP:0015583	GO:1990523	ZFA:0000514	PATO:0002304
ZP:0015603	GO:0042246	ZFA:0005408	PATO:0001236
ZP:0015604	GO:0042246	ZFA:0005408	PATO:0002302
ZP:0015650	GO:0022011	ZFA:0000944	PATO:0002052
ZP:0015652	GO:0022011	ZFA:0000944	PATO:0000057
ZP:0015663	GO:0030509	ZFA:0001306	PATO:0002302
ZP:0015712	GO:0006915	ZFA:0009053	PATO:0002304
ZP:0015715	GO:0031099	ZFA:0009091	PATO:0002302
ZP:0015718	GO:0019915	ZFA:0000208	PATO:0001236
ZP:0015719	GO:0002248	ZFA:0000123	PATO:0001236
ZP:0015720	GO:0048771	ZFA:0000123	PATO:0001236
ZP:0015812	GO:0008283	ZFA:0000141	PATO:0000381
ZP:0015855	GO:0008283	ZFA:0000119	PATO:0000502
ZP:0015856	GO:0031099	ZFA:0009127	PATO:0001236
ZP:0015902	GO:0008283	ZFA:0001464	PATO:0002304
ZP:0015910	GO:0060070	ZFA:0001418	PATO:0002304
ZP:0015941	GO:0045198	ZFA:0000151	PATO:0002052
ZP:0015982	GO:0001946	ZFA:0005110	PATO:0001507
ZP:0015984	GO:0002040	ZFA:0005025	PATO:0001507
ZP:0015999	GO:0006915	ZFA:0001418	PATO:0000057
ZP:0016305	GO:0048675	ZFA:0009052	PATO:0002304
ZP:0016309	GO:0006306	ZFA:0000123	PATO:0002302
ZP:0016310	GO:0008283	ZFA:0009111	PATO:0002304
ZP:0016488	GO:0006915	ZFA:0009016	PATO:0000057
ZP:0016505	GO:0006915	ZFA:0009221	PATO:0002304
ZP:0016520	GO:0008219	ZFA:0000144	PATO:0002304
ZP:0016521	GO:0030282	ZFA:0000135	PATO:0000395
ZP:0016523	GO:0022402	ZFA:0000152	PATO:0000499
ZP:0016536	GO:0006874	ZFA:0009367	PATO:0001507
ZP:0016537	GO:0008219	ZFA:0009367	PATO:0002051
ZP:0016632	GO:0008283	ZFA:0009102	PATO:0002051
ZP:0016649	GO:0060348	ZFA:0001559	PATO:0000690
ZP:0016650	GO:0060348	ZFA:0001559	PATO:0001507
ZP:0016664	GO:0051646	ZFA:0009248	PATO:0001236
ZP:0016678	GO:0042246	ZFA:0000140	PATO:0002304
ZP:0016679	GO:0031099	ZFA:0009102	PATO:0002304
ZP:0016726	GO:0060038	ZFA:0005060	PATO:0000057
ZP:0016727	GO:0060038	ZFA:0005062	PATO:0002052
ZP:0016744	GO:0008283	ZFA:0001249	PATO:0001236
ZP:0016745	GO:0016477	ZFA:0001249	PATO:0001507
ZP:0016747	GO:0001525	ZFA:0001285	PATO:0000502
ZP:0016748	GO:0001525	ZFA:0005025	PATO:0000502
ZP:0016759	GO:0002040	ZFA:0001285	PATO:0002304
ZP:0016763	GO:0002248	ZFA:0000123	PATO:0002304
ZP:0016766	GO:0006915	ZFA:0000123	PATO:0002051
ZP:0016771	GO:0060012	ZFA:0009052	PATO:0000381
ZP:0016780	GO:0006915	ZFA:0009111	PATO:0002304
ZP:0016783	GO:0016477	ZFA:0001678	PATO:0001507
ZP:0016785	GO:0031099	ZFA:0009367	PATO:0002052
ZP:0016789	GO:0030282	ZFA:0001189	PATO:0000502
ZP:0016848	GO:0006915	ZFA:0000050	PATO:0000057
ZP:0016862	GO:0014866	ZFA:0009117	PATO:0001236
ZP:0016864	GO:0014866	ZFA:0009116	PATO:0001236
ZP:0016871	GO:0031269	ZFA:0009327	PATO:0000911
ZP:0016872	GO:0034461	ZFA:0009327	PATO:0000911
ZP:0016873	GO:0031268	ZFA:0009327	PATO:0002302
ZP:0016883	GO:0022008	ZFA:0000051	PATO:0001236
ZP:0016884	GO:0022008	ZFA:0000588	PATO:0001236
ZP:0016885	GO:0022008	ZFA:0001291	PATO:0001236
ZP:0016886	GO:0022008	ZFA:0001391	PATO:0001236
ZP:0016887	GO:0022008	ZFA:0001301	PATO:0001236
ZP:0016888	GO:0022008	ZFA:0007067	PATO:0001236
ZP:0016902	GO:0008345	ZFA:0001094	PATO:0000304
ZP:0016905	GO:0008283	ZFA:0000155	PATO:0002302
ZP:0016914	GO:0032291	ZFA:0005266	PATO:0001236
ZP:0016918	GO:0001764	ZFA:0005731	PATO:0000297
ZP:0016919	GO:0001764	ZFA:0005731	PATO:0002052
ZP:0016940	GO:0006915	ZFA:0009324	PATO:0002302
ZP:0016956	GO:0006915	ZFA:0009316	PATO:0000161
ZP:0016961	GO:0002040	ZFA:0005034	PATO:0000694
ZP:0016969	GO:0008219	ZFA:0001555	PATO:0002304
ZP:0016981	GO:0051301	ZFA:0009169	PATO:0001236
ZP:0016994	GO:0001570	ZFA:0001271	PATO:0000057
ZP:0016995	GO:0006915	ZFA:0000368	PATO:0002302
ZP:0016996	GO:0008283	ZFA:0000368	PATO:0002304
ZP:0017004	GO:0051276	ZFA:0000368	PATO:0001236
ZP:0017005	GO:0008283	ZFA:0000119	PATO:0002304
ZP:0017023	GO:0008015	ZFA:0001114	PATO:0000462
ZP:0017024	GO:0008015	ZFA:0001115	PATO:0000462
ZP:0017029	GO:1902414	ZFA:0001106	PATO:0002052
ZP:0017032	GO:0008219	ZFA:0009091	PATO:0002302
ZP:0017033	GO:0051301	ZFA:0009091	PATO:0002304
ZP:0017035	GO:0007368	ZFA:0001360	PATO:0001507
ZP:0017056	GO:0031018	ZFA:0005756	PATO:0000694
ZP:0017058	GO:0055005	ZFA:0005060	PATO:0002302
ZP:0017067	GO:0006915	ZFA:0000123	PATO:0001236
ZP:0017073	GO:0051301	ZFA:0001135	PATO:0000297
ZP:0017074	GO:0034440	ZFA:0000477	PATO:0002051
ZP:0017076	GO:0030264	ZFA:0001286	PATO:0002304
ZP:0017078	GO:0006915	ZFA:0001557	PATO:0002304
ZP:0017079	GO:0008283	ZFA:0001557	PATO:0002302
ZP:0017081	GO:0007219	ZFA:0001639	PATO:0002051
ZP:0017082	GO:0097101	ZFA:0000014	PATO:0001236
ZP:0017098	GO:0001946	ZFA:0005110	PATO:0002304
ZP:0017101	GO:0003015	ZFA:0000114	PATO:0001236
ZP:0017107	GO:0009611	ZFA:0009141	PATO:0001236
ZP:0017109	GO:0035889	ZFA:0000051	PATO:0000297
ZP:0017121	GO:0070509	ZFA:0009053	PATO:0001236
ZP:0017129	GO:0008283	ZFA:0009102	PATO:0002304
ZP:0017197	GO:0030182	ZFA:0000051	PATO:0001236
ZP:0017212	GO:0030010	ZFA:0001338	PATO:0001507
ZP:0017213	GO:0031103	ZFA:0001269	PATO:0001507
ZP:0017220	GO:0008283	ZFA:0001270	PATO:0002052
ZP:0017224	GO:0008589	ZFA:0000141	PATO:0001236
ZP:0017225	GO:0035118	ZFA:0000085	PATO:0002302
ZP:0017227	GO:0035118	ZFA:0005316	PATO:0002302
ZP:0017229	GO:0019228	ZFA:0000445	PATO:0000044
ZP:0017230	GO:0019228	ZFA:0000445	PATO:0000078
ZP:0017231	GO:0034605	ZFA:0000445	PATO:0001236
ZP:0017232	GO:0098908	ZFA:0000445	PATO:0001236
ZP:0017244	GO:0001501	ZFA:0001114	PATO:0000297
ZP:0017250	GO:0043473	ZFA:0000107	PATO:0000462
ZP:0017303	GO:0008219	ZFA:0000024	PATO:0002051
ZP:0017309	GO:0008219	ZFA:0000119	PATO:0002051
ZP:0017310	GO:0008219	ZFA:0000143	PATO:0002051
ZP:0017410	GO:0035778	ZFA:0000151	PATO:0001236
ZP:0017411	GO:0045198	ZFA:0001558	PATO:0002052
ZP:0017413	GO:0006897	ZFA:0001620	PATO:0002052
ZP:0017418	GO:0006915	ZFA:0001620	PATO:0002051
ZP:0017424	GO:0070293	ZFA:0000151	PATO:0002302
ZP:0017430	GO:0035089	ZFA:0009154	PATO:0002302
ZP:0017435	GO:0006897	ZFA:0000151	PATO:0002302
ZP:0017436	GO:0032456	ZFA:0000151	PATO:0001236
ZP:0017440	GO:0070293	ZFA:0000151	PATO:0001236
ZP:0017462	GO:0006306	ZFA:0009399	PATO:0002302
ZP:0017463	GO:0006915	ZFA:0009399	PATO:0002304
ZP:0017464	GO:0019722	ZFA:0000117	PATO:0001236
ZP:0017465	GO:0003341	ZFA:0000001	PATO:0002302
ZP:0017468	GO:0008283	ZFA:0009354	PATO:0002302
ZP:0017485	GO:0007520	ZFA:0009117	PATO:0000297
ZP:0017495	GO:0019226	ZFA:0000445	PATO:0001236
ZP:0017511	GO:0003382	ZFA:0001180	PATO:0002302
ZP:0017513	GO:0048699	ZFA:0000075	PATO:0001236
ZP:0017515	GO:0050673	ZFA:0000040	PATO:0002052
ZP:0017517	GO:0060070	ZFA:0001180	PATO:0002304
ZP:0017524	GO:0043277	ZFA:0009073	PATO:0001236
ZP:0017526	GO:0050673	ZFA:0000040	PATO:0002051
ZP:0017527	GO:0060070	ZFA:0001180	PATO:0002302
ZP:0017529	GO:0019722	ZFA:0000008	PATO:0001236
ZP:0017530	GO:0009611	ZFA:0009073	PATO:0001236
ZP:0017539	GO:0007219	ZFA:0000505	PATO:0002302
ZP:0017540	GO:0022008	ZFA:0000505	PATO:0002051
ZP:0017542	GO:0048812	ZFA:0000505	PATO:0002052
ZP:0017545	GO:0007219	ZFA:0001083	PATO:0002302
ZP:0017546	GO:0007219	ZFA:0000255	PATO:0002302
ZP:0017547	GO:0008543	ZFA:0000255	PATO:0002302
ZP:0017550	GO:0002040	ZFA:0001286	PATO:0001236
ZP:0017554	GO:0008356	ZFA:0009310	PATO:0001236
ZP:0017562	GO:0008283	ZFA:0005759	PATO:0002304
ZP:0017563	GO:0030199	ZFA:0005759	PATO:0001236
ZP:0017564	GO:0008283	ZFA:0009082	PATO:0002304
ZP:0017572	GO:0008283	ZFA:0005759	PATO:0001236
ZP:0017573	GO:0007219	ZFA:0000031	PATO:0002302
ZP:0017589	GO:0001958	ZFA:0001205	PATO:0000694
ZP:0017593	GO:0031099	ZFA:0009091	PATO:0000297
ZP:0017594	GO:0031099	ZFA:0009091	PATO:0015003
ZP:0017596	GO:0051216	ZFA:0001227	PATO:0001507
ZP:0017599	GO:0008283	ZFA:0000119	PATO:0000057
ZP:0017600	GO:0007259	ZFA:0009280	PATO:0002051
ZP:0017601	GO:0043542	ZFA:0001286	PATO:0002302
ZP:0017611	GO:0006915	ZFA:0000152	PATO:0000057
ZP:0017612	GO:0006915	ZFA:0000035	PATO:0001236
ZP:0017613	GO:0022008	ZFA:0000032	PATO:0000694
ZP:0017614	GO:0022008	ZFA:0000032	PATO:0002304
ZP:0017615	GO:0022008	ZFA:0001215	PATO:0001236
ZP:0017616	GO:0022008	ZFA:0000032	PATO:0002302
ZP:0017617	GO:0022008	ZFA:0000032	PATO:0001236
ZP:0017636	GO:0006915	ZFA:0000107	PATO:0002051
ZP:0017637	GO:0007049	ZFA:0000107	PATO:0000502
ZP:0017643	GO:0007416	ZFA:0009149	PATO:0001236
ZP:0017649	GO:0014044	ZFA:0000944	PATO:0002302
ZP:0017650	GO:0048932	ZFA:0000944	PATO:0000297
ZP:0017651	GO:0048932	ZFA:0000944	PATO:0002052
ZP:0017658	GO:0030182	ZFA:0000152	PATO:0002051
ZP:0017660	GO:0048932	ZFA:0000944	PATO:0000057
ZP:0017662	GO:0030182	ZFA:0000119	PATO:0002051
ZP:0017664	GO:0006915	ZFA:0009280	PATO:0002051
ZP:0017666	GO:0032290	ZFA:0000944	PATO:0002302
ZP:0017667	GO:0032292	ZFA:0000944	PATO:0000297
ZP:0017668	GO:0014044	ZFA:0000944	PATO:0001236
ZP:0017669	GO:0032292	ZFA:0000944	PATO:0001236
ZP:0017686	GO:0006915	ZFA:0000114	PATO:0002304
ZP:0017687	GO:0008283	ZFA:0000114	PATO:0002302
ZP:0017689	GO:0008283	ZFA:0001161	PATO:0002302
ZP:0017690	GO:0045214	ZFA:0000009	PATO:0002302
ZP:0017707	GO:0019226	ZFA:0000008	PATO:0001236
ZP:0017718	GO:0006915	ZFA:0000109	PATO:0002304
ZP:0017719	GO:0008219	ZFA:0000008	PATO:0002304
ZP:0017720	GO:0008219	ZFA:0000107	PATO:0002304
ZP:0017721	GO:0008283	ZFA:0000123	PATO:0000911
ZP:0017732	GO:0007219	ZFA:0000051	PATO:0002304
ZP:0017733	GO:0008543	ZFA:0000051	PATO:0002304
ZP:0017734	GO:0014018	ZFA:0000051	PATO:0002052
ZP:0017735	GO:0022008	ZFA:0000051	PATO:0002052
ZP:0017736	GO:0035315	ZFA:0000051	PATO:0000057
ZP:0017739	GO:0030182	ZFA:0000588	PATO:0000911
ZP:0017749	GO:0008283	ZFA:0001114	PATO:0001236
ZP:0017751	GO:0001944	ZFA:0001285	PATO:0000502
ZP:0017752	GO:0035265	ZFA:0000123	PATO:0002302
ZP:0017753	GO:0035265	ZFA:0000140	PATO:0002302
ZP:0017764	GO:0002040	ZFA:0005035	PATO:0002304
ZP:0017766	GO:0031103	ZFA:0000435	PATO:0001507
ZP:0017772	GO:0006954	ZFA:0005091	PATO:0002304
ZP:0017773	GO:0006954	ZFA:0005168	PATO:0002304
ZP:0017776	GO:0007219	ZFA:0000051	PATO:0002302
ZP:0017777	GO:0008543	ZFA:0000051	PATO:0002302
ZP:0017778	GO:0014018	ZFA:0000051	PATO:0000057
ZP:0017779	GO:0014018	ZFA:0000051	PATO:0002051
ZP:0017786	GO:0006915	ZFA:0000588	PATO:0002051
ZP:0017792	GO:0001944	ZFA:0000737	PATO:0001236
ZP:0017795	GO:0007405	ZFA:0000588	PATO:0000057
ZP:0017796	GO:0007219	ZFA:0000051	PATO:0001236
ZP:0017797	GO:0008543	ZFA:0000051	PATO:0001236
ZP:0017799	GO:0030182	ZFA:0000588	PATO:0000057
ZP:0017800	GO:0030182	ZFA:0000588	PATO:0002051
ZP:0017804	GO:0060974	ZFA:0009316	PATO:0002302
ZP:0017805	GO:0007405	ZFA:0000588	PATO:0002051
ZP:0017806	GO:0030182	ZFA:0000588	PATO:0000502
ZP:0017808	GO:0006954	ZFA:0000667	PATO:0002304
ZP:0017814	GO:0030182	ZFA:0000588	PATO:0002052
ZP:0017824	GO:0008015	ZFA:0001115	PATO:0000297
ZP:0017832	GO:0048666	ZFA:0001115	PATO:0001507
ZP:0017833	GO:0048666	ZFA:0001117	PATO:0001507
ZP:0017836	GO:0070654	ZFA:0000046	PATO:0002052
ZP:0017839	GO:0070654	ZFA:0000046	PATO:0002051
ZP:0017870	GO:0008283	ZFA:0001306	PATO:0000057
ZP:0017887	GO:0008015	ZFA:0000114	PATO:0001236
ZP:0017892	GO:0008045	ZFA:0000075	PATO:0001507
ZP:0017911	GO:0022008	ZFA:0000029	PATO:0001236
ZP:0017918	GO:0007596	ZFA:0000114	PATO:0002304
ZP:0017919	GO:0072378	ZFA:0000477	PATO:0002051
ZP:0017926	GO:0007411	ZFA:0000109	PATO:0001507
ZP:0017936	GO:0071679	ZFA:0000109	PATO:0001236
ZP:0017946	GO:0072378	ZFA:0000477	PATO:0000057
ZP:0017947	GO:0072378	ZFA:0000477	PATO:0000502
ZP:0017948	GO:0072378	ZFA:0000477	PATO:0002325
ZP:0017954	GO:0003341	ZFA:0000001	PATO:0000381
ZP:0017955	GO:0006915	ZFA:0005028	PATO:0001236
ZP:0017956	GO:0008283	ZFA:0005028	PATO:0001236
ZP:0017961	GO:0007049	ZFA:0000094	PATO:0001236
ZP:0017962	GO:0008283	ZFA:0000094	PATO:0002302
ZP:0017964	GO:0060047	ZFA:0000471	PATO:0002302
ZP:0017967	GO:0008015	ZFA:0005064	PATO:0001236
ZP:0017978	GO:0060012	ZFA:0009149	PATO:0001507
ZP:0017979	GO:0060012	ZFA:0009149	PATO:0002052
ZP:0017981	GO:0008219	ZFA:0000113	PATO:0002304
ZP:0017982	GO:0008219	ZFA:0000131	PATO:0002304
ZP:0017983	GO:0008219	ZFA:0001114	PATO:0001236
ZP:0017984	GO:0008219	ZFA:0001114	PATO:0002302
ZP:0017985	GO:0008219	ZFA:0001115	PATO:0002304
ZP:0017986	GO:0008219	ZFA:0001678	PATO:0002304
ZP:0018000	GO:0031099	ZFA:0000123	PATO:0002304
ZP:0018002	GO:0031099	ZFA:0009111	PATO:0002302
ZP:0018003	GO:0031099	ZFA:0009111	PATO:0002304
ZP:0018008	GO:0031099	ZFA:0009111	PATO:0001675
ZP:0018013	GO:0008283	ZFA:0000008	PATO:0002304
ZP:0018014	GO:0008283	ZFA:0001058	PATO:0002304
ZP:0018020	GO:0048589	ZFA:0001058	PATO:0000912
ZP:0018027	GO:0016477	ZFA:0000711	PATO:0000911
ZP:0018028	GO:0016477	ZFA:0000711	PATO:0001236
ZP:0018040	GO:0006915	ZFA:0000008	PATO:0001236
ZP:0018041	GO:0008283	ZFA:0000032	PATO:0002302
ZP:0018042	GO:0008283	ZFA:0000475	PATO:0002302
ZP:0018043	GO:0007249	ZFA:0001058	PATO:0002302
ZP:0018044	GO:0008283	ZFA:0000077	PATO:0002304
ZP:0018045	GO:0008283	ZFA:0001114	PATO:0002304
ZP:0018065	GO:0001944	ZFA:0001269	PATO:0002302
ZP:0018074	GO:0006915	ZFA:0000243	PATO:0002051
ZP:0018076	GO:0008283	ZFA:0000105	PATO:0002304
ZP:0018077	GO:0008283	ZFA:0000393	PATO:0002304
ZP:0018101	GO:0030182	ZFA:0000008	PATO:0002052
ZP:0018102	GO:0048708	ZFA:0000008	PATO:0002051
ZP:0018103	GO:0061351	ZFA:0000008	PATO:0002051
ZP:0018108	GO:0006915	ZFA:0000100	PATO:0002051
ZP:0018112	GO:0021534	ZFA:0000100	PATO:0002052
ZP:0018119	GO:0006915	ZFA:0009256	PATO:0002304
ZP:0018121	GO:0060348	ZFA:0001189	PATO:0002302
ZP:0018122	GO:0042476	ZFA:0005849	PATO:0000161
ZP:0018126	GO:0042476	ZFA:0005849	PATO:0001586
ZP:0018134	GO:0006915	ZFA:0000100	PATO:0000057
ZP:0018135	GO:0021534	ZFA:0000100	PATO:0000057
ZP:0018137	GO:0007219	ZFA:0000008	PATO:0002051
ZP:0018148	GO:0006915	ZFA:0001157	PATO:0002051
ZP:0018149	GO:0008283	ZFA:0001157	PATO:0002052
ZP:0018173	GO:0030182	ZFA:0000008	PATO:0002051
ZP:0018174	GO:0061351	ZFA:0000008	PATO:0002052
ZP:0018175	GO:0000278	ZFA:0000029	PATO:0000499
ZP:0018182	GO:0010458	ZFA:0000029	PATO:0001236
ZP:0018190	GO:0006915	ZFA:0000473	PATO:0000057
ZP:0018191	GO:0008283	ZFA:0000473	PATO:0000057
ZP:0018196	GO:0030182	ZFA:0000008	PATO:0000057
ZP:0018197	GO:0048708	ZFA:0000008	PATO:0000057
ZP:0018198	GO:0061351	ZFA:0000008	PATO:0000057
ZP:0018201	GO:0008283	ZFA:0000140	PATO:0002304
ZP:0018229	GO:0072554	ZFA:0005024	PATO:0002302
ZP:0018230	GO:0003127	ZFA:0000001	PATO:0002052
ZP:0018231	GO:0072554	ZFA:0000014	PATO:0002302
ZP:0018237	GO:0016055	ZFA:0000200	PATO:0002302
ZP:0018238	GO:0016055	ZFA:0001052	PATO:0002302
ZP:0018239	GO:0002040	ZFA:0001052	PATO:0002302
ZP:0018240	GO:0097102	ZFA:0001052	PATO:0002302
ZP:0018264	GO:0016055	ZFA:0005002	PATO:0002302
ZP:0018269	GO:0048699	ZFA:0000445	PATO:0002302
ZP:0018274	GO:1903047	ZFA:0000445	PATO:0002302
ZP:0018280	GO:0051301	ZFA:0000445	PATO:0002302
ZP:0018295	GO:0032060	ZFA:0009052	PATO:0001236
ZP:0018318	GO:0043534	ZFA:0001269	PATO:0001507
ZP:0018342	GO:0061564	ZFA:0001555	PATO:0001236
ZP:0018343	GO:0097155	ZFA:0007067	PATO:0002302
ZP:0018344	GO:0008219	ZFA:0000109	PATO:0002304
ZP:0018345	GO:0008219	ZFA:0000128	PATO:0002304
ZP:0018346	GO:0000278	ZFA:0000029	PATO:0002302
ZP:0018351	GO:0040007	ZFA:0000140	PATO:0001433
ZP:0018352	GO:0040007	ZFA:0000140	PATO:0002304
ZP:0018353	GO:0001525	ZFA:0005035	PATO:0000502
ZP:0018378	GO:0008283	ZFA:0001000	PATO:0000462
ZP:0018383	GO:0098743	ZFA:0009183	PATO:0001997
ZP:0018384	GO:0008219	ZFA:0000029	PATO:0001236
ZP:0018385	GO:0003140	ZFA:0000121	PATO:0001236
ZP:0018389	GO:0030263	ZFA:0000413	PATO:0000467
ZP:0018391	GO:0030263	ZFA:0009005	PATO:0000470
ZP:0018394	GO:0043534	ZFA:0001269	PATO:0001236
ZP:0018418	GO:0008283	ZFA:0009399	PATO:0000912
ZP:0018446	GO:0031175	ZFA:0000075	PATO:0001236
