defined_class	biological_process	quality
ZP:0000097	GO:0001706	PATO:0001236
ZP:0000176	GO:0021854	PATO:0001236
ZP:0000179	GO:0048853	PATO:0001236
ZP:0000180	GO:0060059	PATO:0001236
ZP:0000275	GO:0001840	PATO:0001236
ZP:0000336	GO:0021794	PATO:0001236
ZP:0000391	GO:0048795	PATO:0001236
ZP:0000543	GO:0030099	PATO:0001236
ZP:0000546	GO:0060216	PATO:0001236
ZP:0000689	GO:0002040	PATO:0001236
ZP:0000695	GO:0030218	PATO:0001236
ZP:0000696	GO:0035148	PATO:0001236
ZP:0000703	GO:0060215	PATO:0001236
ZP:0000779	GO:0009794	PATO:0001236
ZP:0000780	GO:0014021	PATO:0001236
ZP:0000786	GO:0030901	PATO:0001236
ZP:0000825	GO:0032922	PATO:0001236
ZP:0000828	GO:0001764	PATO:0001236
ZP:0000834	GO:0030182	PATO:0001236
ZP:0000848	GO:0070507	PATO:0001236
ZP:0000849	GO:2000298	PATO:0001236
ZP:0000966	GO:0031290	PATO:0001236
ZP:0000967	GO:0033564	PATO:0001236
ZP:0001200	GO:0021979	PATO:0001236
ZP:0001206	GO:0071542	PATO:0001236
ZP:0001263	GO:0007638	PATO:0001236
ZP:0001265	GO:0051899	PATO:0001236
ZP:0001269	GO:0001966	PATO:0001236
ZP:0001283	GO:0001714	PATO:0001236
ZP:0001319	GO:0009953	PATO:0001236
ZP:0001433	GO:0051294	PATO:0001236
ZP:0001484	GO:0006936	PATO:0001236
ZP:0001487	GO:0048741	PATO:0001236
ZP:0001529	GO:0031018	PATO:0001236
ZP:0001563	GO:0007411	PATO:0001236
ZP:0001564	GO:0008354	PATO:0001236
ZP:0001566	GO:0048920	PATO:0001236
ZP:0001579	GO:0050953	PATO:0001236
ZP:0001580	GO:0051966	PATO:0001236
ZP:0001581	GO:0055077	PATO:0001236
ZP:0001587	GO:0007369	PATO:0001236
ZP:0001588	GO:0007509	PATO:0001236
ZP:0001590	GO:0060030	PATO:0001236
ZP:0001591	GO:0090504	PATO:0001236
ZP:0001659	GO:0003007	PATO:0001236
ZP:0001660	GO:0048675	PATO:0001236
ZP:0001668	GO:0007528	PATO:0001236
ZP:0001694	GO:0048384	PATO:0001236
ZP:0001725	GO:0001945	PATO:0001236
ZP:0001728	GO:0060854	PATO:0001236
ZP:0002001	GO:0001570	PATO:0001236
ZP:0002003	GO:0042074	PATO:0001236
ZP:0002004	GO:0043534	PATO:0001236
ZP:0002114	GO:0007492	PATO:0001236
ZP:0002115	GO:0014033	PATO:0001236
ZP:0002116	GO:0048703	PATO:0001236
ZP:0002117	GO:0060037	PATO:0001236
ZP:0002129	GO:0008078	PATO:0001236
ZP:0002170	GO:0060047	PATO:0001236
ZP:0002261	GO:0060042	PATO:0001236
ZP:0002307	GO:0000380	PATO:0001236
ZP:0002317	GO:0030206	PATO:0001236
ZP:0002428	GO:0009790	PATO:0001236
ZP:0002433	GO:0003406	PATO:0001236
ZP:0002434	GO:0008057	PATO:0001236
ZP:0002435	GO:0008283	PATO:0001236
ZP:0002436	GO:0032438	PATO:0001236
ZP:0002438	GO:0048066	PATO:0001236
ZP:0002439	GO:0048069	PATO:0001236
ZP:0002440	GO:0048797	PATO:0001236
ZP:0002497	GO:0010842	PATO:0001236
ZP:0002506	GO:0001947	PATO:0001236
ZP:0002525	GO:0060027	PATO:0001236
ZP:0002588	GO:0008345	PATO:0001236
ZP:0002614	GO:0007414	PATO:0001236
ZP:0002615	GO:0007611	PATO:0001236
ZP:0002706	GO:0060538	PATO:0001236
ZP:0002792	GO:0001755	PATO:0001236
ZP:0002793	GO:0008045	PATO:0001236
ZP:0002794	GO:0021522	PATO:0001236
ZP:0002890	GO:0003140	PATO:0001236
ZP:0002891	GO:0040036	PATO:0001236
ZP:0002894	GO:0060287	PATO:0001236
ZP:0002896	GO:0070121	PATO:0001236
ZP:0002911	GO:0034332	PATO:0001236
ZP:0002912	GO:0072554	PATO:0001236
ZP:0002923	GO:0007368	PATO:0001236
ZP:0002939	GO:0033292	PATO:0001236
ZP:0002941	GO:0048593	PATO:0001236
ZP:0003079	GO:0007420	PATO:0001236
ZP:0003238	GO:0034504	PATO:0001236
ZP:0003246	GO:0003143	PATO:0001236
ZP:0003251	GO:0035051	PATO:0001236
ZP:0003267	GO:0016203	PATO:0001236
ZP:0003323	GO:0036269	PATO:0001236
ZP:0003378	GO:0048922	PATO:0001236
ZP:0003468	GO:0048668	PATO:0001236
ZP:0003484	GO:0034243	PATO:0001236
ZP:0003521	GO:0031016	PATO:0001236
ZP:0003632	GO:0007064	PATO:0001236
ZP:0003691	GO:0009994	PATO:0001236
ZP:0003692	GO:0048601	PATO:0001236
ZP:0003693	GO:0060832	PATO:0001236
ZP:0003738	GO:0060912	PATO:0001236
ZP:0003754	GO:0030593	PATO:0001236
ZP:0003755	GO:0048246	PATO:0001236
ZP:0003775	GO:0007049	PATO:0001236
ZP:0003957	GO:0007052	PATO:0001236
ZP:0004046	GO:0001525	PATO:0001236
ZP:0004047	GO:0007033	PATO:0001236
ZP:0004048	GO:0008015	PATO:0001236
ZP:0004049	GO:0061154	PATO:0001236
ZP:0004077	GO:0000278	PATO:0001236
ZP:0004272	GO:0008589	PATO:0001236
ZP:0004273	GO:0021513	PATO:0001236
ZP:0004274	GO:0021871	PATO:0001236
ZP:0004275	GO:0021984	PATO:0001236
ZP:0004276	GO:0030900	PATO:0001236
ZP:0004278	GO:0048846	PATO:0001236
ZP:0004316	GO:0000398	PATO:0001236
ZP:0004342	GO:0008594	PATO:0001236
ZP:0004374	GO:0050975	PATO:0001236
ZP:0004410	GO:0050881	PATO:0001236
ZP:0004434	GO:0043473	PATO:0001236
ZP:0004486	GO:0030097	PATO:0001236
ZP:0004500	GO:0007399	PATO:0001236
ZP:0004573	GO:0048882	PATO:0001236
ZP:0004574	GO:0048883	PATO:0001236
ZP:0004596	GO:0035462	PATO:0001236
ZP:0004669	GO:0035141	PATO:0001236
ZP:0004703	GO:0016477	PATO:0001236
ZP:0004741	GO:0048666	PATO:0001236
ZP:0004747	GO:0048565	PATO:0001236
ZP:0004751	GO:0030916	PATO:0001236
ZP:0004752	GO:0043049	PATO:0001236
ZP:0004796	GO:0048855	PATO:0001236
ZP:0004797	GO:0060126	PATO:0001236
ZP:0004798	GO:0060127	PATO:0001236
ZP:0004799	GO:0060128	PATO:0001236
ZP:0004836	GO:0042667	PATO:0001236
ZP:0004945	GO:0030855	PATO:0001236
ZP:0004998	GO:0048794	PATO:0001236
ZP:0005006	GO:0007270	PATO:0001236
ZP:0005007	GO:0035677	PATO:0001236
ZP:0005026	GO:0045197	PATO:0001236
ZP:0005146	GO:0048342	PATO:0001236
ZP:0005160	GO:0051216	PATO:0001236
ZP:0005390	GO:0002062	PATO:0001236
ZP:0005392	GO:0048701	PATO:0001236
ZP:0005393	GO:0060272	PATO:0001236
ZP:0005394	GO:0060325	PATO:0001236
ZP:0005501	GO:0009948	PATO:0001236
ZP:0005550	GO:0036342	PATO:0001236
ZP:0005573	GO:0002042	PATO:0001236
ZP:0005574	GO:0002043	PATO:0001236
ZP:0005593	GO:0061337	PATO:0001236
ZP:0005624	GO:0001889	PATO:0001236
ZP:0005625	GO:0004035	PATO:0001236
ZP:0005627	GO:0016331	PATO:0001236
ZP:0005642	GO:0060322	PATO:0001236
ZP:0005647	GO:0033059	PATO:0001236
ZP:0005653	GO:0003161	PATO:0001236
ZP:0005654	GO:0055008	PATO:0001236
ZP:0005659	GO:0007585	PATO:0001236
ZP:0005670	GO:0045446	PATO:0001236
ZP:0005765	GO:0002089	PATO:0001236
ZP:0005768	GO:0070306	PATO:0001236
ZP:0005852	GO:0090307	PATO:0001236
ZP:0005883	GO:0035118	PATO:0001236
ZP:0005884	GO:0071600	PATO:0001236
ZP:0005933	GO:0006629	PATO:0001236
ZP:0005980	GO:0048592	PATO:0001236
ZP:0006098	GO:0007224	PATO:0001236
ZP:0006157	GO:0030318	PATO:0001236
ZP:0006159	GO:0050908	PATO:0001236
ZP:0006195	GO:0031122	PATO:0001236
ZP:0006196	GO:0046847	PATO:0001236
ZP:0006211	GO:0001569	PATO:0001236
ZP:0006382	GO:0061371	PATO:0001236
ZP:0006394	GO:0001654	PATO:0001236
ZP:0006395	GO:0001756	PATO:0001236
ZP:0006469	GO:0014028	PATO:0001236
ZP:0006470	GO:0060034	PATO:0001236
ZP:0006475	GO:0009952	PATO:0001236
ZP:0006493	GO:0050910	PATO:0001236
ZP:0006500	GO:0001568	PATO:0001236
ZP:0006501	GO:0048514	PATO:0001236
ZP:0006571	GO:0030199	PATO:0001236
ZP:0006572	GO:0048596	PATO:0001236
ZP:0006615	GO:0060307	PATO:0001236
ZP:0006811	GO:0007080	PATO:0001236
ZP:0006859	GO:0048589	PATO:0001236
ZP:0006865	GO:0007059	PATO:0001236
ZP:0006911	GO:0032965	PATO:0001236
ZP:0006955	GO:0055007	PATO:0001236
ZP:0006971	GO:0022904	PATO:0001236
ZP:0007027	GO:0003146	PATO:0001236
ZP:0007028	GO:0060971	PATO:0001236
ZP:0007029	GO:0060972	PATO:0001236
ZP:0007030	GO:0071907	PATO:0001236
ZP:0007087	GO:0030968	PATO:0001236
ZP:0007160	GO:0048702	PATO:0001236
ZP:0007187	GO:0015012	PATO:0001236
ZP:0007264	GO:0001964	PATO:0001236
ZP:0007378	GO:0060080	PATO:0001236
ZP:0007379	GO:0060092	PATO:0001236
ZP:0007397	GO:0030509	PATO:0001236
ZP:0007567	GO:0016192	PATO:0001236
ZP:0007603	GO:0021538	PATO:0001236
ZP:0007627	GO:0030595	PATO:0001236
ZP:0007674	GO:0036268	PATO:0001236
ZP:0007729	GO:0035995	PATO:0001236
ZP:0007800	GO:0070509	PATO:0001236
ZP:0007870	GO:0060491	PATO:0001236
ZP:0007882	GO:0070054	PATO:0001236
ZP:0007904	GO:0007417	PATO:0001236
ZP:0007940	GO:0001649	PATO:0001236
ZP:0007982	GO:0007519	PATO:0001236
ZP:0008042	GO:0007634	PATO:0001236
ZP:0008053	GO:0021986	PATO:0001236
ZP:0008054	GO:0048814	PATO:0001236
ZP:0008074	GO:0002573	PATO:0001236
ZP:0008075	GO:0002574	PATO:0001236
ZP:0008077	GO:0030223	PATO:0001236
ZP:0008078	GO:0035701	PATO:0001236
ZP:0008102	GO:0060026	PATO:0001236
ZP:0008138	GO:0006688	PATO:0001236
ZP:0008322	GO:0048854	PATO:0001236
ZP:0008453	GO:0035994	PATO:0001236
ZP:0008495	GO:0048752	PATO:0001236
ZP:0008523	GO:0007626	PATO:0001236
ZP:0008540	GO:0030947	PATO:0001236
ZP:0008711	GO:0008610	PATO:0001236
ZP:0008802	GO:0048696	PATO:0001236
ZP:0008827	GO:0014707	PATO:0001236
ZP:0008845	GO:0031443	PATO:0001236
ZP:0008847	GO:0031444	PATO:0001236
ZP:0008894	GO:0014029	PATO:0001236
ZP:0008895	GO:0030282	PATO:0001236
ZP:0008926	GO:0019226	PATO:0001236
ZP:0008968	GO:0045214	PATO:0001236
ZP:0008973	GO:0007274	PATO:0001236
ZP:0008974	GO:0043113	PATO:0001236
ZP:0009013	GO:0022008	PATO:0001236
ZP:0009017	GO:0003720	PATO:0001236
ZP:0009084	GO:0031987	PATO:0001236
ZP:0009339	GO:0035138	PATO:0001236
ZP:0009344	GO:0042462	PATO:0001236
ZP:0009345	GO:0060119	PATO:0001236
ZP:0009408	GO:0060271	PATO:0001236
ZP:0009441	GO:0019228	PATO:0001236
ZP:0009475	GO:0006638	PATO:0001236
ZP:0009477	GO:0042594	PATO:0001236
ZP:0009484	GO:0006885	PATO:0001236
ZP:0009485	GO:0055078	PATO:0001236
ZP:0009493	GO:0040011	PATO:0001236
ZP:0009527	GO:0033339	PATO:0001236
ZP:0009528	GO:0035914	PATO:0001236
ZP:0009616	GO:0051146	PATO:0001236
ZP:0009705	GO:0043589	PATO:0001236
ZP:0009799	GO:0033334	PATO:0001236
ZP:0009808	GO:0060384	PATO:0001236
ZP:0009846	GO:0021530	PATO:0001236
ZP:0009921	GO:0060028	PATO:0001236
ZP:0009951	GO:0060876	PATO:0001236
ZP:0009996	GO:0009880	PATO:0001236
ZP:0010022	GO:0042692	PATO:0001236
ZP:0010078	GO:0035469	PATO:0001236
ZP:0010079	GO:0071910	PATO:0001236
ZP:0010238	GO:0003404	PATO:0001236
ZP:0010269	GO:0050832	PATO:0001236
ZP:0010271	GO:0060221	PATO:0001236
ZP:0010366	GO:0048793	PATO:0001236
ZP:0010369	GO:0008543	PATO:0001236
ZP:0010408	GO:0021547	PATO:0001236
ZP:0010458	GO:0031017	PATO:0001236
ZP:0010513	GO:0060129	PATO:0001236
ZP:0010523	GO:0016055	PATO:0001236
ZP:0010561	GO:0007601	PATO:0001236
ZP:0010562	GO:0043476	PATO:0001236
ZP:0010707	GO:0072114	PATO:0001236
ZP:0010728	GO:0035775	PATO:0001236
ZP:0010741	GO:2001197	PATO:0001236
ZP:0010761	GO:0060363	PATO:0001236
ZP:0010773	GO:0036368	PATO:0001236
ZP:0010810	GO:0007268	PATO:0001236
ZP:0010841	GO:0071908	PATO:0001236
ZP:0010854	GO:0061053	PATO:0001236
ZP:0010913	GO:0048320	PATO:0001236
ZP:0010914	GO:0048341	PATO:0001236
ZP:0010946	GO:0048339	PATO:0001236
ZP:0011006	GO:0006940	PATO:0001236
ZP:0011008	GO:0014831	PATO:0001236
ZP:0011016	GO:0008154	PATO:0001236
ZP:0011036	GO:0048821	PATO:0001236
ZP:0011069	GO:0021798	PATO:0001236
ZP:0011071	GO:0060041	PATO:0001236
ZP:0011072	GO:0071679	PATO:0001236
ZP:0011115	GO:0048709	PATO:0001236
ZP:0011116	GO:0040016	PATO:0001236
ZP:0011117	GO:1900107	PATO:0001236
ZP:0011135	GO:0021960	PATO:0001236
ZP:0011140	GO:0021575	PATO:0001236
ZP:0011149	GO:0045475	PATO:0001236
ZP:0011158	GO:0036135	PATO:0001236
ZP:0011167	GO:0003190	PATO:0001236
ZP:0011168	GO:0036302	PATO:0001236
ZP:0011170	GO:0071599	PATO:0001236
ZP:0011190	GO:0035476	PATO:0001236
ZP:0011192	GO:0014720	PATO:0001236
ZP:0011193	GO:0003094	PATO:0001236
ZP:0011200	GO:0007004	PATO:0001236
ZP:0011220	GO:0021654	PATO:0001236
ZP:0011223	GO:0021592	PATO:0001236
ZP:0011232	GO:0061055	PATO:0001236
ZP:0011278	GO:0021628	PATO:0001236
ZP:0011289	GO:0007507	PATO:0001236
ZP:0011327	GO:0048557	PATO:0001236
ZP:0011337	GO:0003318	PATO:0001236
ZP:0011397	GO:0060312	PATO:0001236
ZP:0011402	GO:0006874	PATO:0001236
ZP:0011415	GO:0048918	PATO:0001236
ZP:0011461	GO:0097352	PATO:0001236
ZP:0011494	GO:0039021	PATO:0001236
ZP:0011495	GO:0035178	PATO:0001236
ZP:0011496	GO:0035640	PATO:0001236
ZP:0011497	GO:0035641	PATO:0001236
ZP:0011503	GO:0001944	PATO:0001236
ZP:0011530	GO:0055113	PATO:0001236
ZP:0011560	GO:0000910	PATO:0001236
ZP:0011572	GO:0022007	PATO:0001236
ZP:0011573	GO:0060031	PATO:0001236
ZP:0011594	GO:0000132	PATO:0001236
ZP:0011623	GO:0051648	PATO:0001236
ZP:0011635	GO:0001822	PATO:0001236
ZP:0011647	GO:0021517	PATO:0001236
ZP:0011756	GO:0003232	PATO:0001236
ZP:0011782	GO:0022010	PATO:0001236
ZP:0011783	GO:0022011	PATO:0001236
ZP:0011811	GO:0042632	PATO:0001236
ZP:0011848	GO:0014003	PATO:0001236
ZP:0011868	GO:0003014	PATO:0001236
ZP:0011953	GO:0006397	PATO:0001236
ZP:0011960	GO:0003147	PATO:0001236
ZP:0011986	GO:0055062	PATO:0001236
ZP:0012036	GO:0007005	PATO:0001236
ZP:0012048	GO:0003234	PATO:0001236
ZP:0012066	GO:0001503	PATO:0001236
ZP:0012256	GO:0010996	PATO:0001236
ZP:0012257	GO:0036484	PATO:0001236
ZP:0012272	GO:0048884	PATO:0001236
ZP:0012292	GO:0048840	PATO:0001236
ZP:0012317	GO:0048885	PATO:0001236
ZP:0012327	GO:0030431	PATO:0001236
ZP:0012328	GO:0042552	PATO:0001236
ZP:0012427	GO:0072045	PATO:0001236
ZP:0012454	GO:0060575	PATO:0001236
ZP:0012484	GO:0001839	PATO:0001236
ZP:0012485	GO:0060975	PATO:0001236
ZP:0012492	GO:0021501	PATO:0001236
ZP:0012599	GO:0007610	PATO:0001236
ZP:0012600	GO:0007612	PATO:0001236
ZP:0012634	GO:0007530	PATO:0001236
ZP:0012657	GO:0002244	PATO:0001236
ZP:0012658	GO:0061056	PATO:0001236
ZP:0012659	GO:0035907	PATO:0001236
ZP:0012660	GO:0048538	PATO:0001236
ZP:0012661	GO:0060218	PATO:0001236
ZP:0012710	GO:0061515	PATO:0001236
ZP:0012742	GO:0048485	PATO:0001236
ZP:0012782	GO:0039023	PATO:0001236
ZP:0012791	GO:0042685	PATO:0001236
ZP:0012792	GO:0045198	PATO:0001236
ZP:0012800	GO:0051145	PATO:0001236
ZP:0012804	GO:0060319	PATO:0001236
ZP:0012827	GO:0007605	PATO:0001236
ZP:0012856	GO:0035088	PATO:0001236
ZP:0012861	GO:0030036	PATO:0001236
ZP:0012870	GO:0006915	PATO:0001236
ZP:0012890	GO:0003230	PATO:0001236
ZP:0012891	GO:0003231	PATO:0001236
ZP:0012892	GO:0003272	PATO:0001236
ZP:0012893	GO:0034330	PATO:0001236
ZP:0012925	GO:0060856	PATO:0001236
ZP:0012950	GO:0035249	PATO:0001236
ZP:0012954	GO:0010960	PATO:0001236
ZP:0012955	GO:0055074	PATO:0001236
ZP:0012956	GO:0071257	PATO:0001236
ZP:0012963	GO:0070831	PATO:0001236
ZP:0012976	GO:0055123	PATO:0001236
ZP:0012978	GO:0014032	PATO:0001236
ZP:0012979	GO:0014866	PATO:0001236
ZP:0012990	GO:0007517	PATO:0001236
ZP:0012992	GO:0032023	PATO:0001236
ZP:0012998	GO:0055110	PATO:0001236
ZP:0013007	GO:0030261	PATO:0001236
ZP:0013020	GO:0007042	PATO:0001236
ZP:0013039	GO:0042694	PATO:0001236
ZP:0013046	GO:0010001	PATO:0001236
ZP:0013047	GO:0050931	PATO:0001236
ZP:0013051	GO:0045165	PATO:0001236
ZP:0013052	GO:0045216	PATO:0001236
ZP:0013053	GO:0048844	PATO:0001236
ZP:0013064	GO:0021597	PATO:0001236
ZP:0013070	GO:0036058	PATO:0001236
ZP:0013079	GO:0033028	PATO:0001236
ZP:0013080	GO:0005272	PATO:0001236
ZP:0013092	GO:0014036	PATO:0001236
ZP:0013095	GO:0070365	PATO:0001236
ZP:0013099	GO:0097205	PATO:0001236
ZP:0013134	GO:0002075	PATO:0001236
ZP:0013137	GO:0051301	PATO:0001236
ZP:0013145	GO:0030216	PATO:0001236
ZP:0013161	GO:0003278	PATO:0001236
ZP:0013162	GO:0055003	PATO:0001236
ZP:0013172	GO:0001708	PATO:0001236
ZP:0013173	GO:0007632	PATO:0001236
ZP:0013176	GO:0007422	PATO:0001236
ZP:0013206	GO:0051972	PATO:0001236
ZP:0013230	GO:0002164	PATO:0001236
ZP:0013242	GO:0071485	PATO:0001236
ZP:0013245	GO:0007501	PATO:0001236
ZP:0013249	GO:0070309	PATO:0001236
ZP:0013253	GO:0007129	PATO:0001236
ZP:0013258	GO:0007623	PATO:0001236
ZP:0013259	GO:0021982	PATO:0001236
ZP:0013262	GO:0048369	PATO:0001236
ZP:0013278	GO:0003206	PATO:0001236
ZP:0013279	GO:0042331	PATO:0001236
ZP:0013280	GO:0097421	PATO:0001236
ZP:0013297	GO:0006364	PATO:0001236
ZP:0013335	GO:0007076	PATO:0001236
ZP:0013336	GO:0051225	PATO:0001236
ZP:0013339	GO:0019799	PATO:0001236
ZP:0013340	GO:0070738	PATO:0001236
ZP:0013355	GO:0006954	PATO:0001236
ZP:0013357	GO:0060071	PATO:0001236
ZP:0013360	GO:0035779	PATO:0001236
ZP:0013361	GO:0035162	PATO:0001236
ZP:0013365	GO:0007283	PATO:0001236
ZP:0013373	GO:0034672	PATO:0001236
ZP:0013386	GO:0048870	PATO:0001236
ZP:0013391	GO:0014861	PATO:0001236
ZP:0013413	GO:0021520	PATO:0001236
ZP:0013419	GO:0048851	PATO:0001236
ZP:0013433	GO:0050653	PATO:0001236
ZP:0013442	GO:0007596	PATO:0001236
ZP:0013449	GO:0042541	PATO:0001236
ZP:0013465	GO:0032289	PATO:0001236
ZP:0013481	GO:0030239	PATO:0001236
ZP:0013487	GO:0003128	PATO:0001236
ZP:0013488	GO:0035050	PATO:0001236
ZP:0013500	GO:0021551	PATO:0001236
ZP:0013507	GO:0060219	PATO:0001236
ZP:0013508	GO:0071632	PATO:0001236
ZP:0013514	GO:0050935	PATO:0001236
ZP:0013515	GO:0050936	PATO:0001236
ZP:0013516	GO:0051876	PATO:0001236
ZP:0013517	GO:0051877	PATO:0001236
ZP:0013541	GO:0060005	PATO:0001236
ZP:0013547	GO:0006814	PATO:0001236
ZP:0013553	GO:0008406	PATO:0001236
ZP:0013554	GO:0008584	PATO:0001236
ZP:0013569	GO:0061017	PATO:0001236
ZP:0013574	GO:0060561	PATO:0001236
ZP:0013579	GO:0090017	PATO:0001236
ZP:0013583	GO:0007405	PATO:0001236
ZP:0013584	GO:0042414	PATO:0001236
ZP:0013585	GO:0042428	PATO:0001236
ZP:0013586	GO:0097154	PATO:0001236
ZP:0013588	GO:0050900	PATO:0001236
ZP:0013598	GO:0021903	PATO:0001236
ZP:0013599	GO:0007389	PATO:0001236
ZP:0013600	GO:0001502	PATO:0001236
ZP:0013610	GO:0048318	PATO:0001236
ZP:0013611	GO:0043249	PATO:0001236
ZP:0013636	GO:0042438	PATO:0001236
ZP:0013652	GO:0046549	PATO:0001236
ZP:0013661	GO:0003138	PATO:0001236
ZP:0013662	GO:0003139	PATO:0001236
ZP:0013670	GO:0060070	PATO:0001236
ZP:0013688	GO:0051630	PATO:0001236
ZP:0013691	GO:0002027	PATO:0001236
ZP:0013692	GO:0034505	PATO:0001236
ZP:0013693	GO:0045299	PATO:0001236
ZP:0013705	GO:0021591	PATO:0001236
ZP:0013737	GO:0007163	PATO:0001236
ZP:0013739	GO:0021512	PATO:0001236
ZP:0013747	GO:0010623	PATO:0001236
ZP:0013749	GO:0042471	PATO:0001236
ZP:0013750	GO:0060323	PATO:0001236
ZP:0013753	GO:0002088	PATO:0001236
ZP:0013754	GO:0022414	PATO:0001236
ZP:0013756	GO:0003262	PATO:0001236
ZP:0013765	GO:0048546	PATO:0001236
ZP:0013782	GO:0050808	PATO:0001236
ZP:0013787	GO:0021772	PATO:0001236
ZP:0013794	GO:0097374	PATO:0001236
ZP:0013799	GO:0042254	PATO:0001236
ZP:0013801	GO:0051402	PATO:0001236
ZP:0013831	GO:0030917	PATO:0001236
ZP:0013838	GO:0006585	PATO:0001236
ZP:0013843	GO:0021532	PATO:0001236
ZP:0013867	GO:0050976	PATO:0001236
ZP:0013871	GO:0050673	PATO:0001236
ZP:0013876	GO:0030325	PATO:0001236
ZP:0013917	GO:0005249	PATO:0001236
ZP:0013923	GO:0009416	PATO:0001236
ZP:0013951	GO:0042981	PATO:0001236
ZP:0013952	GO:0045428	PATO:0001236
ZP:0013968	GO:0060055	PATO:0001236
ZP:0013991	GO:0006909	PATO:0001236
ZP:0013994	GO:0060536	PATO:0001236
ZP:0014012	GO:0035479	PATO:0001236
ZP:0014013	GO:0072360	PATO:0001236
ZP:0014047	GO:0036022	PATO:0001236
ZP:0014077	GO:0030166	PATO:0001236
ZP:0014078	GO:0046351	PATO:0001236
ZP:0014094	GO:0021906	PATO:0001236
ZP:0014126	GO:0048769	PATO:0001236
ZP:0014141	GO:0048570	PATO:0001236
ZP:0014149	GO:0006974	PATO:0001236
ZP:0014151	GO:0042771	PATO:0001236
ZP:0014163	GO:0043010	PATO:0001236
ZP:0014187	GO:0001702	PATO:0001236
ZP:0014189	GO:0060429	PATO:0001236
ZP:0014204	GO:0021552	PATO:0001236
ZP:0014206	GO:0055005	PATO:0001236
ZP:0014233	GO:0006284	PATO:0001236
ZP:0014238	GO:0032475	PATO:0001236
ZP:0014239	GO:0042472	PATO:0001236
ZP:0014305	GO:0048598	PATO:0001236
ZP:0014315	GO:0021560	PATO:0001236
ZP:0014316	GO:0042752	PATO:0001236
ZP:0014318	GO:0061326	PATO:0001236
ZP:0014319	GO:0048348	PATO:0001236
ZP:0014324	GO:0003207	PATO:0001236
ZP:0014357	GO:0070314	PATO:0001236
ZP:0014362	GO:0039015	PATO:0001236
ZP:0014381	GO:0043087	PATO:0001236
ZP:0014414	GO:0035622	PATO:0001236
ZP:0014430	GO:0035089	PATO:0001236
ZP:0014431	GO:0070444	PATO:0001236
ZP:0014445	GO:0031101	PATO:0001236
ZP:0014483	GO:0045087	PATO:0001236
ZP:0014573	GO:0071626	PATO:0001236
ZP:0014579	GO:0051726	PATO:0001236
ZP:0014592	GO:0009611	PATO:0001236
ZP:0014605	GO:0090242	PATO:0001236
ZP:0014607	GO:0042573	PATO:0001236
ZP:0014615	GO:0009615	PATO:0001236
ZP:0014631	GO:2000765	PATO:0001236
ZP:0014633	GO:0008630	PATO:0001236
ZP:0014636	GO:0034650	PATO:0001236
ZP:0014639	GO:0035188	PATO:0001236
ZP:0014653	GO:0010882	PATO:0001236
ZP:0014654	GO:0086005	PATO:0001236
ZP:0014655	GO:0086014	PATO:0001236
ZP:0014667	GO:0007409	PATO:0001236
ZP:0014681	GO:0072593	PATO:0001236
ZP:0014684	GO:0071919	PATO:0001236
ZP:0014723	GO:0006695	PATO:0001236
ZP:0014724	GO:0018343	PATO:0001236
ZP:0014725	GO:0018344	PATO:0001236
ZP:0014734	GO:0007498	PATO:0001236
ZP:0014740	GO:0021554	PATO:0001236
ZP:0014748	GO:0086001	PATO:0001236
ZP:0014756	GO:0046548	PATO:0001236
ZP:0014778	GO:0042461	PATO:0001236
ZP:0014781	GO:0030534	PATO:0001236
ZP:0014806	GO:0050885	PATO:0001236
ZP:0014815	GO:0070986	PATO:0001236
ZP:0014823	GO:0009749	PATO:0001236
ZP:0014824	GO:0060132	PATO:0001236
ZP:0014861	GO:0021636	PATO:0001236
ZP:0014869	GO:0002521	PATO:0001236
ZP:0014893	GO:0010332	PATO:0001236
ZP:0014934	GO:0003171	PATO:0001236
ZP:0014945	GO:0006898	PATO:0001236
ZP:0014946	GO:0070293	PATO:0001236
ZP:0014958	GO:0006911	PATO:0001236
ZP:0015131	GO:0070947	PATO:0001236
ZP:0015132	GO:1990266	PATO:0001236
ZP:0015133	GO:0002523	PATO:0001236
ZP:0015173	GO:0031103	PATO:0001236
ZP:0015175	GO:0060347	PATO:0001236
ZP:0015255	GO:0002026	PATO:0001236
ZP:0015262	GO:0072017	PATO:0001236
ZP:0015263	GO:0072019	PATO:0001236
ZP:0015284	GO:0060343	PATO:0001236
ZP:0015306	GO:0030910	PATO:0001236
ZP:0015313	GO:0009620	PATO:0001236
ZP:0015316	GO:0009617	PATO:0001236
ZP:0015405	GO:0090245	PATO:0001236
ZP:0015407	GO:0003015	PATO:0001236
ZP:0015463	GO:0002275	PATO:0001236
ZP:0015496	GO:0002233	PATO:0001236
ZP:0015509	GO:0050973	PATO:0001236
ZP:0015608	GO:0001556	PATO:0001236
ZP:0015609	GO:0007315	PATO:0001236
ZP:0015611	GO:0019094	PATO:0001236
ZP:0015627	GO:0006067	PATO:0001236
ZP:0015631	GO:0071361	PATO:0001236
ZP:0015658	GO:0016236	PATO:0001236
ZP:0015675	GO:0071340	PATO:0001236
ZP:0015717	GO:0061007	PATO:0001236
ZP:0015799	GO:0003309	PATO:0001236
ZP:0015801	GO:0006883	PATO:0001236
ZP:0015817	GO:0001946	PATO:0001236
ZP:0015821	GO:0060914	PATO:0001236
ZP:0015844	GO:0042221	PATO:0001236
ZP:0015854	GO:0010644	PATO:0001236
ZP:0015880	GO:0006551	PATO:0001236
ZP:0015887	GO:0008298	PATO:0001236
ZP:0015890	GO:0032287	PATO:0001236
ZP:0015907	GO:0008585	PATO:0001236
ZP:0015911	GO:0061031	PATO:0001236
ZP:0015921	GO:0045448	PATO:0001236
ZP:0015944	GO:0097105	PATO:0001236
ZP:0015947	GO:0048168	PATO:0001236
ZP:0015952	GO:0060036	PATO:0001236
ZP:0015988	GO:0008340	PATO:0001236
ZP:0016048	GO:0045765	PATO:0001236
ZP:0016126	GO:0001935	PATO:0001236
ZP:0016159	GO:0003261	PATO:0001236
ZP:0016215	GO:0032290	PATO:0001236
ZP:0016222	GO:0005980	PATO:0001236
ZP:0016351	GO:0060956	PATO:0001236
ZP:0016367	GO:0007416	PATO:0001236
ZP:0016425	GO:0001704	PATO:0001236
ZP:0016446	GO:0006979	PATO:0001236
ZP:0016508	GO:0048669	PATO:0001236
ZP:0016560	GO:0048705	PATO:0001236
ZP:0016564	GO:0003170	PATO:0001236
ZP:0016619	GO:0061314	PATO:0001236
ZP:0016620	GO:0061343	PATO:0001236
ZP:0016633	GO:0061011	PATO:0001236
ZP:0016703	GO:0060395	PATO:0001236
ZP:0016772	GO:0036367	PATO:0001236
ZP:0016827	GO:0021587	PATO:0001236
ZP:0016828	GO:0021549	PATO:0001236
ZP:0016846	GO:0003403	PATO:0001236
ZP:0016955	GO:0090594	PATO:0001236
ZP:0017051	GO:0001843	PATO:0001236
ZP:0017060	GO:0043277	PATO:0001236
ZP:0017065	GO:0014005	PATO:0001236
ZP:0017108	GO:0032400	PATO:0001236
ZP:0017120	GO:0044381	PATO:0001236
ZP:0017152	GO:0007281	PATO:0001236
ZP:0017186	GO:0002437	PATO:0001236
ZP:0017218	GO:0042060	PATO:0001236
ZP:0017223	GO:0001501	PATO:0001236
ZP:0017275	GO:0030278	PATO:0001236
ZP:0017298	GO:0021555	PATO:0001236
ZP:0017361	GO:0055011	PATO:0001236
ZP:0017362	GO:0055012	PATO:0001236
ZP:0017364	GO:0048264	PATO:0001236
ZP:0017385	GO:0021534	PATO:0001236
ZP:0017408	GO:0060075	PATO:0001236
ZP:0017414	GO:0039011	PATO:0001236
ZP:0017415	GO:0090521	PATO:0001236
ZP:0017431	GO:0007588	PATO:0001236
ZP:0017443	GO:1900424	PATO:0001236
ZP:0017493	GO:0060840	PATO:0001236
ZP:0017501	GO:0050802	PATO:0001236
ZP:0017507	GO:1903232	PATO:0001236
ZP:0017522	GO:0044782	PATO:0001236
ZP:0017570	GO:0039022	PATO:0001236
ZP:0017685	GO:0039020	PATO:0001236
ZP:0017691	GO:0071698	PATO:0001236
ZP:0017701	GO:0003315	PATO:0001236
ZP:0017715	GO:0043491	PATO:0001236
ZP:0017728	GO:0035776	PATO:0001236
ZP:0017774	GO:0003157	PATO:0001236
ZP:0017827	GO:0097284	PATO:0001236
ZP:0017830	GO:0003341	PATO:0001236
ZP:0017897	GO:0003357	PATO:0001236
ZP:0017898	GO:0061549	PATO:0001236
ZP:0017900	GO:0003358	PATO:0001236
ZP:0017903	GO:0048568	PATO:0001236
ZP:0017915	GO:0030193	PATO:0001236
ZP:0017916	GO:0044537	PATO:0001236
ZP:0017923	GO:0021703	PATO:0001236
ZP:0017942	GO:0061298	PATO:0001236
ZP:0017949	GO:0001885	PATO:0001236
ZP:0017963	GO:0003181	PATO:0001236
ZP:0017977	GO:0036486	PATO:0001236
ZP:0018012	GO:0036485	PATO:0001236
ZP:0018019	GO:0033333	PATO:0001236
ZP:0018025	GO:0030878	PATO:0001236
ZP:0018056	GO:0002537	PATO:0001236
ZP:0018136	GO:0048193	PATO:0001236
ZP:0018192	GO:0021702	PATO:0001236
ZP:0018203	GO:0060872	PATO:0001236
ZP:0018248	GO:0006119	PATO:0001236
ZP:0018249	GO:0009060	PATO:0001236
ZP:0018258	GO:0032782	PATO:0001236
ZP:0018279	GO:0061564	PATO:0001236
ZP:0018434	GO:0060217	PATO:0001236
ZP:0018443	GO:0055009	PATO:0001236
ZP:0018444	GO:0055010	PATO:0001236
ZP:0018600	GO:0021661	PATO:0001236
ZP:0018607	GO:0021658	PATO:0001236
ZP:0018778	GO:0060048	PATO:0001236
ZP:0018857	GO:0006821	PATO:0001236
ZP:0018881	GO:0006555	PATO:0001236
ZP:0018887	GO:0061009	PATO:0001236
ZP:0019025	GO:0007028	PATO:0001236
ZP:0019031	GO:0060063	PATO:0001236
ZP:0019035	GO:0007343	PATO:0001236
ZP:0019037	GO:0001707	PATO:0001236
ZP:0019058	GO:1990700	PATO:0001236
ZP:0019183	GO:1990402	PATO:0001236
ZP:0019190	GO:0002194	PATO:0001236
ZP:0019272	GO:0035778	PATO:0001236
ZP:0019284	GO:0051256	PATO:0001236
ZP:0019342	GO:0007155	PATO:0001236
ZP:0019507	GO:0042593	PATO:0001236
ZP:0019559	GO:1904888	PATO:0001236
ZP:0019574	GO:0032525	PATO:0001236
ZP:0019668	GO:0030902	PATO:0001236
ZP:0019868	GO:0070613	PATO:0001236
ZP:0019874	GO:0004708	PATO:0001236
ZP:0019910	GO:0030728	PATO:0001236
ZP:0019978	GO:0060855	PATO:0001236
ZP:0020310	GO:0061113	PATO:0001236
ZP:0020346	GO:0035176	PATO:0001236
ZP:0020394	GO:0003319	PATO:0001236
ZP:0020601	GO:0048484	PATO:0001236
ZP:0020682	GO:0030330	PATO:0001236
ZP:0020781	GO:0043931	PATO:0001236
ZP:0021180	GO:0006401	PATO:0001236
ZP:0021292	GO:1901222	PATO:0001236
ZP:0021354	GO:0048916	PATO:0001236
ZP:0021405	GO:0015908	PATO:0001236
ZP:0021430	GO:0008086	PATO:0001236
ZP:0021904	GO:0008344	PATO:0001236
ZP:0021915	GO:0009646	PATO:0001236
ZP:0022143	GO:0001841	PATO:0001236
ZP:0022181	GO:0061131	PATO:0001236
ZP:0022186	GO:0001541	PATO:0001236
ZP:0022232	GO:0090461	PATO:0001236
ZP:0022252	GO:0007219	PATO:0001236
ZP:0022263	GO:0032835	PATO:0001236
ZP:0022269	GO:0010659	PATO:0001236
ZP:0022296	GO:0072378	PATO:0001236
ZP:0022340	GO:1990798	PATO:0001236
ZP:0022397	GO:0035136	PATO:0001236
ZP:0022398	GO:0035137	PATO:0001236
ZP:0022399	GO:0035139	PATO:0001236
ZP:0022437	GO:0002432	PATO:0001236
ZP:0022473	GO:0021990	PATO:0001236
ZP:0022476	GO:0021545	PATO:0001236
ZP:0022501	GO:0003208	PATO:0001236
ZP:0022502	GO:0003209	PATO:0001236
ZP:0022507	GO:0021631	PATO:0001236
ZP:0022508	GO:0061360	PATO:0001236
ZP:0022645	GO:1990523	PATO:0001236
ZP:0022651	GO:0035904	PATO:0001236
ZP:0022652	GO:0060844	PATO:0001236
ZP:0022709	GO:0014887	PATO:0001236
ZP:0022720	GO:0007631	PATO:0001236
ZP:0022736	GO:0035855	PATO:0001236
ZP:0022772	GO:0030536	PATO:0001236
ZP:0022785	GO:0036306	PATO:0001236
ZP:0022813	GO:0016772	PATO:0001236
ZP:0022835	GO:0048513	PATO:0001236
ZP:0022869	GO:0035912	PATO:0001236
ZP:0022916	GO:0009408	PATO:0001236
ZP:0022990	GO:0014010	PATO:0001236
ZP:0022992	GO:1902262	PATO:0001236
ZP:0023008	GO:0060974	PATO:0001236
ZP:0023016	GO:0048932	PATO:0001236
ZP:0023033	GO:0050882	PATO:0001236
ZP:0023109	GO:0019953	PATO:0001236
ZP:0100067	GO:0017095	PATO:0001236
ZP:0100270	GO:0043542	PATO:0001236
ZP:0100326	GO:1902600	PATO:0001236
ZP:0100367	GO:0050957	PATO:0001236
ZP:0100390	GO:0120054	PATO:0001236
ZP:0100471	GO:0060012	PATO:0001236
ZP:0100495	GO:0006950	PATO:0001236
ZP:0100507	GO:0007379	PATO:0001236
ZP:0100734	GO:0006914	PATO:0001236
ZP:0101017	GO:0032098	PATO:0001236
ZP:0101038	GO:0046034	PATO:0001236
ZP:0101114	GO:0008152	PATO:0001236
ZP:0101196	GO:1990708	PATO:0001236
ZP:0101208	GO:0099536	PATO:0001236
ZP:0101234	GO:0016042	PATO:0001236
ZP:0101278	GO:0031579	PATO:0001236
ZP:0101282	GO:0030421	PATO:0001236
ZP:0101491	GO:0032402	PATO:0001236
ZP:0101722	GO:0030237	PATO:0001236
ZP:0101724	GO:0030238	PATO:0001236
ZP:0101868	GO:0048477	PATO:0001236
ZP:0102084	GO:0003317	PATO:0001236
ZP:0102089	GO:0048798	PATO:0001236
ZP:0102170	GO:0021983	PATO:0001236
ZP:0102171	GO:0033335	PATO:0001236
ZP:0102172	GO:0033336	PATO:0001236
ZP:0102173	GO:0033337	PATO:0001236
ZP:0102174	GO:0035142	PATO:0001236
ZP:0102175	GO:0035143	PATO:0001236
ZP:0102176	GO:0035144	PATO:0001236
ZP:0102333	GO:0050896	PATO:0001236
ZP:0102379	GO:0006006	PATO:0001236
ZP:0102428	GO:0060973	PATO:0001236
ZP:0102464	GO:0045056	PATO:0001236
ZP:0102501	GO:0042538	PATO:0001236
ZP:0102514	GO:0044458	PATO:0001236
ZP:0102526	GO:0007098	PATO:0001236
ZP:0102667	GO:0048839	PATO:0001236
ZP:0102673	GO:0042476	PATO:0001236
ZP:0102722	GO:0042755	PATO:0001236
ZP:0102753	GO:0007548	PATO:0001236
ZP:0102820	GO:0001780	PATO:0001236
ZP:0102889	GO:0021953	PATO:0001236
ZP:0102923	GO:0019216	PATO:0001236
ZP:0102967	GO:0061193	PATO:0001236
ZP:0103018	GO:0070658	PATO:0001236
ZP:0103132	GO:0006694	PATO:0001236
ZP:0103205	GO:0003310	PATO:0001236
ZP:0103242	GO:0006970	PATO:0001236
ZP:0103301	GO:0030903	PATO:0001236
ZP:0103375	GO:0021634	PATO:0001236
ZP:0103409	GO:0007617	PATO:0001236
ZP:0103430	GO:0006955	PATO:0001236
ZP:0103436	GO:0030225	PATO:0001236
ZP:0103443	GO:0007286	PATO:0001236
ZP:0103662	GO:1904969	PATO:0001236
ZP:0103689	GO:0003006	PATO:0001236
ZP:0103692	GO:0045137	PATO:0001236
ZP:0103693	GO:0046546	PATO:0001236
ZP:0103694	GO:0048599	PATO:0001236
ZP:0103730	GO:0004129	PATO:0001236
ZP:0103740	GO:0045292	PATO:0001236
ZP:0103812	GO:0048609	PATO:0001236
ZP:0103946	GO:0048382	PATO:0001236
ZP:0103982	GO:0021510	PATO:0001236
ZP:0104033	GO:0007613	PATO:0001236
ZP:0104099	GO:0048730	PATO:0001236
ZP:0104131	GO:0090134	PATO:0001236
ZP:0104133	GO:0030198	PATO:0001236
ZP:0104171	GO:0061648	PATO:0001236
ZP:0104408	GO:0060038	PATO:0001236
ZP:0104409	GO:0061026	PATO:0001236
ZP:0104443	GO:0009612	PATO:0001236
ZP:0104471	GO:0031223	PATO:0001236
ZP:0104532	GO:0035645	PATO:0001236
ZP:0104533	GO:0060465	PATO:0001236
ZP:0104619	GO:0030317	PATO:0001236
ZP:0104623	GO:0000084	PATO:0001236
ZP:0104734	GO:0035545	PATO:0001236
ZP:0104747	GO:0001555	PATO:0001236
ZP:0104748	GO:0060180	PATO:0001236
ZP:0105745	GO:0006325	PATO:0001236
ZP:0105902	GO:0048512	PATO:0001236
ZP:0105903	GO:1904059	PATO:0001236
ZP:0105968	GO:0030301	PATO:0001236
ZP:0106002	GO:1904693	PATO:0001236
ZP:0106034	GO:0006749	PATO:0001236
ZP:0106102	GO:0042421	PATO:0001236
ZP:0106147	GO:0039004	PATO:0001236
ZP:0106148	GO:0039010	PATO:0001236
ZP:0106173	GO:1904126	PATO:0001236
ZP:0106208	GO:0002676	PATO:0001236
ZP:0106261	GO:0021593	PATO:0001236
ZP:0106422	GO:0036090	PATO:0001236
ZP:0106498	GO:0009605	PATO:0001236
ZP:0106828	GO:0042742	PATO:0001236
ZP:0106959	GO:0000226	PATO:0001236
ZP:0106965	GO:0071892	PATO:0001236
ZP:0106976	GO:0002118	PATO:0001236
ZP:0106999	GO:1905517	PATO:0001236
ZP:0107038	GO:0002286	PATO:0001236
ZP:0107048	GO:0051881	PATO:0001236
ZP:0107059	GO:0072001	PATO:0001236
ZP:0107074	GO:0051177	PATO:0001236
ZP:0107075	GO:0070192	PATO:0001236
ZP:0107076	GO:0070193	PATO:0001236
ZP:0107125	GO:0001666	PATO:0001236
ZP:0107189	GO:0097324	PATO:0001236
ZP:0130787	GO:0060729	PATO:0001236
ZP:0130825	GO:0030866	PATO:0001236
ZP:0130827	GO:0060471	PATO:0001236
ZP:0130874	GO:0055014	PATO:0001236
ZP:0130875	GO:0055015	PATO:0001236
ZP:0131121	GO:0098529	PATO:0001236
ZP:0137222	GO:0008089	PATO:0001236
ZP:0137223	GO:0072384	PATO:0001236
ZP:0137232	GO:0046785	PATO:0001236
ZP:0137295	GO:0014025	PATO:0001236
ZP:0137353	GO:1902108	PATO:0001236
ZP:0137355	GO:0032469	PATO:0001236
ZP:0137511	GO:0072359	PATO:0001236
ZP:0137530	GO:0035726	PATO:0001236
ZP:0137557	GO:0006487	PATO:0001236
ZP:0137558	GO:0006493	PATO:0001236
ZP:0137580	GO:0022600	PATO:0001236
ZP:0137594	GO:0009798	PATO:0001236
ZP:0137598	GO:0086002	PATO:0001236
ZP:0137819	GO:0070254	PATO:0001236
ZP:0137827	GO:0009881	PATO:0001236
ZP:0137828	GO:0050962	PATO:0001236
ZP:0137906	GO:0007614	PATO:0001236
ZP:0138150	GO:0006631	PATO:0001236
ZP:0138268	GO:0070285	PATO:0001236
ZP:0138283	GO:0031175	PATO:0001236
ZP:0138304	GO:0003009	PATO:0001236
ZP:0139716	GO:0055001	PATO:0001236
ZP:0139826	GO:0055002	PATO:0001236
ZP:0140136	GO:0008121	PATO:0001236
ZP:0140137	GO:0008137	PATO:0001236
ZP:0140200	GO:0001588	PATO:0001236
ZP:0140358	GO:0097722	PATO:0001236
ZP:0140389	GO:0002209	PATO:0001236
ZP:0140395	GO:0090648	PATO:0001236
ZP:0140515	GO:0061304	PATO:0001236
ZP:0140549	GO:0061744	PATO:0001236
ZP:0140669	GO:0009410	PATO:0001236
ZP:0140735	GO:0009642	PATO:0001236
ZP:0140853	GO:0060348	PATO:0001236
ZP:0140860	GO:0042596	PATO:0001236
ZP:0141025	GO:0004364	PATO:0001236
ZP:0141324	GO:0014044	PATO:0001236
ZP:0141430	GO:0006754	PATO:0001236
ZP:0141463	GO:0030490	PATO:0001236
ZP:0141464	GO:0031118	PATO:0001236
ZP:0141486	GO:0007099	PATO:0001236
ZP:0141616	GO:0034599	PATO:0001236
ZP:0141644	GO:0002072	PATO:0001236
ZP:0141655	GO:0055119	PATO:0001236
ZP:0141672	GO:0007296	PATO:0001236
ZP:0141707	GO:0003401	PATO:0001236
ZP:0141736	GO:0086013	PATO:0001236
ZP:0141737	GO:0086049	PATO:0001236
ZP:0141738	GO:0098915	PATO:0001236
ZP:0141808	GO:0060159	PATO:0001236
ZP:0141870	GO:0009636	PATO:0001236
ZP:0141871	GO:0033194	PATO:0001236
ZP:0142058	GO:0072592	PATO:0001236
ZP:0142062	GO:0003179	PATO:0001236
ZP:0142072	GO:0044342	PATO:0001236
ZP:0142073	GO:0046323	PATO:0001236
ZP:0142106	GO:0000002	PATO:0001236
ZP:0142414	GO:0014016	PATO:0001236
ZP:0142459	GO:0030010	PATO:0001236
ZP:0142468	GO:0006355	PATO:0001236
ZP:0142532	GO:0097009	PATO:0001236
ZP:0142574	GO:0000088	PATO:0001236
ZP:0142575	GO:0000089	PATO:0001236
ZP:0142830	GO:0042048	PATO:0001236
ZP:0142889	GO:0160021	PATO:0001236
ZP:0143081	GO:0008104	PATO:0001236
ZP:0143322	GO:0006121	PATO:0001236
ZP:0143395	GO:0021523	PATO:0001236
ZP:0143516	GO:0008343	PATO:0001236
ZP:0144195	GO:0042672	PATO:0001236
ZP:0144464	GO:0060179	PATO:0001236
ZP:0144510	GO:0046661	PATO:0001236
ZP:0145022	GO:0019722	PATO:0001236
ZP:0145098	GO:0003408	PATO:0001236
ZP:0145393	GO:0140674	PATO:0001236
ZP:0145571	GO:0071773	PATO:0001236
ZP:0145779	GO:0038092	PATO:0001236
ZP:0145921	GO:0098908	PATO:0001236
ZP:0146031	GO:1904057	PATO:0001236
ZP:0146150	GO:0060021	PATO:0001236
ZP:0146238	GO:0008049	PATO:0001236
ZP:0146296	GO:0090660	PATO:0001236
ZP:0146731	GO:1990705	PATO:0001236
ZP:0147349	GO:0061626	PATO:0001236
ZP:0147589	GO:1902896	PATO:0001236
ZP:0148161	GO:0141064	PATO:0001236
ZP:0148494	GO:0042745	PATO:0001236
ZP:0148784	GO:0098508	PATO:0001236
ZP:0148874	GO:0010468	PATO:0001236
ZP:0148991	GO:1905790	PATO:0001236
ZP:0149042	GO:0009008	PATO:0001236
ZP:0149047	GO:0140938	PATO:0001236
ZP:0149081	GO:0001662	PATO:0001236
ZP:0149151	GO:0044030	PATO:0001236
ZP:0149528	GO:0043932	PATO:0001236
ZP:0149575	GO:0030510	PATO:0001236
ZP:0149729	GO:0045634	PATO:0001236
ZP:0149730	GO:0050937	PATO:0001236
ZP:0149736	GO:0060250	PATO:0001236
ZP:0149737	GO:2000864	PATO:0001236
