defined_class	affected_entity_1_super	pato_id	affected_entity_2_super
ZP:0003448	ZFA:0000940	PATO:0002001	ZFA:0009367
ZP:0014191	ZFA:0000217	PATO:0001905	ZFA:0001617
ZP:0009494	ZFA:0000462	PATO:0001999	ZFA:0009115
ZP:0003492	ZFA:0005221	PATO:0002002	ZFA:0009199
ZP:0014111	ZFA:0000539	PATO:0001905	ZFA:0009301
ZP:0014109	ZFA:0000418	PATO:0001905	ZFA:0009301
ZP:0007276	ZFA:0000604	PATO:0002001	ZFA:0009181
ZP:0007280	ZFA:0001261	PATO:0002270	ZFA:0000007
ZP:0020542	GO:0000278	PATO:0002002	GO:0000280
ZP:0014067	ZFA:0001365	PATO:0002259	ZFA:0001365
ZP:0009389	ZFA:0000598	PATO:0002270	ZFA:0009288
ZP:0017015	ZFA:0001189	PATO:0002002	ZFA:0000519
ZP:0017016	ZFA:0001189	PATO:0002002	ZFA:0001066
ZP:0009367	ZFA:0001094	PATO:0002000	ZFA:0005025
ZP:0017042	ZFA:0000014	PATO:0002001	ZFA:0009065
ZP:0017043	ZFA:0001285	PATO:0002001	ZFA:0009065
ZP:0017044	ZFA:0005025	PATO:0002001	ZFA:0009065
ZP:0017045	ZFA:0000011	PATO:0002001	ZFA:0009065
ZP:0017046	ZFA:0001286	PATO:0002001	ZFA:0009065
ZP:0017048	ZFA:0001114	PATO:0002001	ZFA:0009010
ZP:0009348	ZFA:0001400	PATO:0000133	ZFA:0000092
ZP:0017055	ZFA:0009256	PATO:0002269	ZFA:0001115
ZP:0017057	ZFA:0000140	PATO:0002002	ZFA:0005756
ZP:0009316	ZFA:0000084	PATO:0001646	ZFA:0000006
ZP:0012054	ZFA:0000029	PATO:0002001	ZFA:0009076
ZP:0017084	ZFA:0000477	PATO:0002002	ZFA:0009014
ZP:0017085	ZFA:0005028	PATO:0002002	ZFA:0009014
ZP:0017088	ZFA:0000200	PATO:0001905	ZFA:0009248
ZP:0009307	ZFA:0001682	PATO:0001999	ZFA:0001657
ZP:0009302	ZFA:0001094	PATO:0001999	ZFA:0001365
ZP:0009301	ZFA:0001094	PATO:0001999	ZFA:0000697
ZP:0009300	ZFA:0001094	PATO:0001999	ZFA:0000664
ZP:0009672	ZFA:0005249	PATO:0001999	ZFA:0001285
ZP:0012886	ZFA:0000368	PATO:0001905	ZFA:0005327
ZP:0012879	ZFA:0001056	PATO:0001905	ZFA:0009116
ZP:0020422	ZFA:0005621	PATO:0001772	ZFA:0000135
ZP:0012813	ZFA:0005002	PATO:0001453	ZFA:0001052
ZP:0014361	ZFA:0000360	PATO:0001793	ZFA:0000092
ZP:0020615	ZFA:0000107	PATO:0002000	ZFA:0009199
ZP:0002586	ZFA:0000633	PATO:0002001	ZFA:0009301
ZP:0009299	ZFA:0001094	PATO:0001999	ZFA:0000453
ZP:0009298	ZFA:0001094	PATO:0001999	ZFA:0000387
ZP:0009297	ZFA:0001094	PATO:0001999	ZFA:0000206
ZP:0009296	ZFA:0000597	PATO:0001999	ZFA:0001108
ZP:0009295	ZFA:0000338	PATO:0001999	ZFA:0000059
ZP:0002559	ZFA:0000949	PATO:0002000	ZFA:0005731
ZP:0017115	ZFA:0005284	PATO:0000642	ZFA:0005284
ZP:0017116	ZFA:0009285	PATO:0001667	ZFA:0001557
ZP:0009279	ZFA:0000471	PATO:0002001	ZFA:0001614
ZP:0017140	ZFA:0001389	PATO:0001505	ZFA:0001389
ZP:0017144	ZFA:0001205	PATO:0002327	ZFA:0001405
ZP:0017157	ZFA:0000007	PATO:0002269	ZFA:0000471
ZP:0017187	ZFA:0000119	PATO:0002000	ZFA:0009280
ZP:0021011	ZFA:0001094	PATO:0002002	ZFA:0009150
ZP:0012788	ZFA:0009099	PATO:0002261	ZFA:0001346
ZP:0012787	ZFA:0009099	PATO:0002261	ZFA:0001345
ZP:0012766	ZFA:0000117	PATO:0002002	ZFA:0009139
ZP:0012739	ZFA:0000558	PATO:0002001	ZFA:0009366
ZP:0012737	ZFA:0001094	PATO:0002083	ZFA:0009000
ZP:0012736	ZFA:0001094	PATO:0002002	ZFA:0009000
ZP:0012735	ZFA:0001094	PATO:0002001	ZFA:0009000
ZP:0012733	ZFA:0000558	PATO:0002002	ZFA:0009366
ZP:0012732	ZFA:0000386	PATO:0002259	ZFA:0000386
ZP:0012731	ZFA:0000140	PATO:0001792	ZFA:0000112
ZP:0012730	ZFA:0000123	PATO:0001793	ZFA:0000112
ZP:0017582	ZFA:0000008	PATO:0001999	ZFA:0009076
ZP:0012713	ZFA:0000140	PATO:0001999	ZFA:0005739
ZP:0012711	ZFA:0000051	PATO:0002000	ZFA:0005565
ZP:0002474	ZFA:0001205	PATO:0001652	ZFA:0001399
ZP:0022938	ZFA:0009256	PATO:0002269	ZFA:0000471
ZP:0022937	ZFA:0009256	PATO:0002269	ZFA:0000009
ZP:0002469	ZFA:0000154	PATO:0002270	ZFA:0000007
ZP:0017204	ZFA:0001094	PATO:0002000	ZFA:0005579
ZP:0022912	ZFA:0000029	PATO:0001555	ZFA:0009149
ZP:0017222	ZFA:0009115	PATO:0000133	ZFA:0009115
ZP:0009168	ZFA:0000204	PATO:0001999	ZFA:0009115
ZP:0017237	ZFA:0005222	PATO:0001905	ZFA:0009091
ZP:0017252	ZFA:0000123	PATO:0002270	ZFA:0009256
ZP:0009137	ZFA:0001114	PATO:0001999	ZFA:0000138
ZP:0012692	ZFA:0000051	PATO:0002001	ZFA:0005244
ZP:0012681	ZFA:0001617	PATO:0001453	ZFA:0000559
ZP:0007991	ZFA:0009115	PATO:0001505	ZFA:0009115
ZP:0012649	ZFA:0001463	PATO:0002001	ZFA:0009091
ZP:0007973	ZFA:0000009	PATO:0000374	ZFA:0000471
ZP:0007961	ZFA:0000674	PATO:0000642	ZFA:0000284
ZP:0007918	ZFA:0001613	PATO:0002000	ZFA:0001521
ZP:0007917	ZFA:0001613	PATO:0002000	ZFA:0001520
ZP:0007916	ZFA:0001613	PATO:0002000	ZFA:0001519
ZP:0007915	ZFA:0001613	PATO:0002000	ZFA:0001518
ZP:0007914	ZFA:0001613	PATO:0002000	ZFA:0001517
ZP:0007386	ZFA:0000175	PATO:0002001	ZFA:0009073
ZP:0022894	ZFA:0000046	PATO:0001905	ZFA:0009262
ZP:0002394	ZFA:0000035	PATO:0001646	ZFA:0000107
ZP:0020861	ZFA:0001094	PATO:0002000	ZFA:0001184
ZP:0002383	ZFA:0009084	PATO:0001667	ZFA:0009084
ZP:0002382	ZFA:0009084	PATO:0000642	ZFA:0009084
ZP:0009098	ZFA:0009264	PATO:0001852	ZFA:0000035
ZP:0009090	ZFA:0000051	PATO:0002001	ZFA:0001617
ZP:0017305	ZFA:0000075	PATO:0002000	ZFA:0000022
ZP:0015050	ZFA:0000009	PATO:0002000	ZFA:0005060
ZP:0017323	ZFA:0000944	PATO:0001999	ZFA:0000940
ZP:0009025	GO:0009566	PATO:0001570	GO:0009566
ZP:0017379	ZFA:0001115	PATO:0002000	ZFA:0000155
ZP:0010651	ZFA:0000669	PATO:0001999	ZFA:0009354
ZP:0010659	GO:0036268	PATO:0000375	GO:0036269
ZP:0017380	ZFA:0009000	PATO:0002269	ZFA:0001058
ZP:0022040	GO:0007605	PATO:0001552	GO:0007605
ZP:0012580	ZFA:0001162	PATO:0002000	ZFA:0009091
ZP:0012573	ZFA:0007052	PATO:0002174	ZFA:0007052
ZP:0012562	ZFA:0000152	PATO:0002001	ZFA:0009221
ZP:0012554	ZFA:0000200	PATO:0002001	ZFA:0009248
ZP:0012544	ZFA:0001611	PATO:0000642	ZFA:0001606
ZP:0000422	ZFA:0000035	PATO:0001505	ZFA:0000152
ZP:0012535	ZFA:0005309	PATO:0001667	ZFA:0000186
ZP:0012524	ZFA:0001360	PATO:0002001	ZFA:0009000
ZP:0012513	ZFA:0000109	PATO:0002000	ZFA:0001108
ZP:0007852	ZFA:0000046	PATO:0001453	ZFA:0000144
ZP:0012509	ZFA:0000029	PATO:0002001	ZFA:0005182
ZP:0007804	ZFA:0001400	PATO:0000642	ZFA:0001522
ZP:0022794	ZFA:0009041	PATO:0001505	ZFA:0009158
ZP:0020931	ZFA:0001094	PATO:0001999	ZFA:0000431
ZP:0020935	ZFA:0001094	PATO:0001999	ZFA:0001617
ZP:0020948	ZFA:0001320	PATO:0001505	ZFA:0001319
ZP:0020962	ZFA:0009115	PATO:0001453	ZFA:0000473
ZP:0002235	ZFA:0000100	PATO:0002002	ZFA:0009248
ZP:0017456	ZFA:0001338	PATO:0002002	ZFA:0009327
ZP:0017494	ZFA:0001094	PATO:0002001	ZFA:0009014
ZP:0012497	ZFA:0005779	PATO:0002001	ZFA:0009034
ZP:0012496	ZFA:0001078	PATO:0002002	ZFA:0009082
ZP:0012495	ZFA:0001078	PATO:0002001	ZFA:0009046
ZP:0012491	ZFA:0001390	PATO:0002000	ZFA:0009102
ZP:0012482	ZFA:0005731	PATO:0001453	ZFA:0000543
ZP:0012467	ZFA:0000604	PATO:0001505	ZFA:0000173
ZP:0012466	ZFA:0001032	PATO:0002002	ZFA:0005730
ZP:0012465	ZFA:0000949	PATO:0002001	ZFA:0005730
ZP:0012464	ZFA:0000069	PATO:0002001	ZFA:0005730
ZP:0012460	ZFA:0005124	PATO:0001999	ZFA:0009097
ZP:0012459	ZFA:0005124	PATO:0001999	ZFA:0009094
ZP:0012458	ZFA:0001155	PATO:0002001	ZFA:0005775
ZP:0012457	ZFA:0001155	PATO:0002000	ZFA:0005775
ZP:0012452	ZFA:0000075	PATO:0002000	ZFA:0009076
ZP:0012446	ZFA:0005028	PATO:0002000	ZFA:0009014
ZP:0012436	ZFA:0000471	PATO:0002000	ZFA:0001615
ZP:0012424	ZFA:0000217	PATO:0002000	ZFA:0000220
ZP:0012423	ZFA:0000217	PATO:0002000	ZFA:0000166
ZP:0007766	ZFA:0001652	PATO:0001453	ZFA:0001514
ZP:0007765	ZFA:0001651	PATO:0001453	ZFA:0005621
ZP:0012414	ZFA:0000152	PATO:0002001	ZFA:0009222
ZP:0012413	ZFA:0000075	PATO:0001999	ZFA:0009052
ZP:0012402	ZFA:0005003	PATO:0002001	ZFA:0009036
ZP:0022681	ZFA:0000857	PATO:0001999	ZFA:0001462
ZP:0022680	ZFA:0000732	PATO:0002000	ZFA:0001462
ZP:0022679	ZFA:0000728	PATO:0002000	ZFA:0001462
ZP:0022678	ZFA:0000073	PATO:0001999	ZFA:0001462
ZP:0022677	ZFA:0000072	PATO:0002000	ZFA:0001462
ZP:0002187	ZFA:0000099	PATO:0002001	ZFA:0005020
ZP:0002179	ZFA:0001673	PATO:0000651	ZFA:0001673
ZP:0017971	ZFA:0001114	PATO:0002001	ZFA:0009141
ZP:0017970	ZFA:0000107	PATO:0002000	ZFA:0009141
ZP:0002148	ZFA:0000944	PATO:0002001	ZFA:0000940
ZP:0017533	ZFA:0001180	PATO:0002001	ZFA:0009385
ZP:0017928	ZFA:0000338	PATO:0002000	ZFA:0001366
ZP:0017927	ZFA:0000101	PATO:0002001	ZFA:0009248
ZP:0002108	ZFA:0001094	PATO:0002000	ZFA:0001227
ZP:0002104	ZFA:0001458	PATO:0000642	ZFA:0001458
ZP:0002102	ZFA:0001516	PATO:0000642	ZFA:0001516
ZP:0004338	ZFA:0000477	PATO:0000642	ZFA:0000014
ZP:0004339	ZFA:0001285	PATO:0002002	ZFA:0009065
ZP:0017584	ZFA:0000396	PATO:0002001	ZFA:0009010
ZP:0000997	ZFA:0000530	PATO:0000642	ZFA:0000676
ZP:0000992	ZFA:0000168	PATO:0000642	ZFA:0000558
ZP:0012379	ZFA:0001079	PATO:0002000	ZFA:0005787
ZP:0012373	ZFA:0000024	PATO:0002001	ZFA:0009310
ZP:0012163	ZFA:0000109	PATO:0002000	ZFA:0009076
ZP:0012367	ZFA:0001463	PATO:0001999	ZFA:0009091
ZP:0000951	ZFA:0000123	PATO:0002002	ZFA:0009325
ZP:0007681	ZFA:0001695	PATO:0000642	ZFA:0001695
ZP:0000621	ZFA:0000107	PATO:0000375	ZFA:0000107
ZP:0000622	ZFA:0000107	PATO:0000642	ZFA:0000107
ZP:0000632	ZFA:0000543	PATO:0000642	ZFA:0000543
ZP:0000634	ZFA:0000600	PATO:0000642	ZFA:0000600
ZP:0007666	ZFA:0000084	PATO:0002270	ZFA:0000007
ZP:0007366	ZFA:0000117	PATO:0002002	ZFA:0009307
ZP:0000644	ZFA:0001423	PATO:0000642	ZFA:0001423
ZP:0012318	ZFA:0000045	PATO:0002269	ZFA:0000092
ZP:0007470	ZFA:0001400	PATO:0002327	ZFA:0001400
ZP:0000909	ZFA:0001205	PATO:0000642	ZFA:0001399
ZP:0007624	ZFA:0000051	PATO:0000374	ZFA:0000051
ZP:0007623	ZFA:0000042	PATO:0000375	ZFA:0000051
ZP:0012056	ZFA:0000075	PATO:0002000	ZFA:0005247
ZP:0007607	ZFA:0000653	PATO:0000642	ZFA:0000418
ZP:0022597	ZFA:0005017	PATO:0001505	ZFA:0005000
ZP:0022563	ZFA:0000107	PATO:0001999	ZFA:0009199
ZP:0012140	ZFA:0000029	PATO:0002000	ZFA:0009292
ZP:0002099	ZFA:0001400	PATO:0000642	ZFA:0001516
ZP:0002096	ZFA:0001205	PATO:0000642	ZFA:0001422
ZP:0002091	ZFA:0000014	PATO:0000642	ZFA:0000477
ZP:0017890	ZFA:0000151	PATO:0002001	ZFA:0009000
ZP:0017884	ZFA:0000152	PATO:0002001	ZFA:0009307
ZP:0017883	ZFA:0000007	PATO:0002001	ZFA:0009256
ZP:0017880	ZFA:0001557	PATO:0002000	ZFA:0005309
ZP:0017873	ZFA:0000151	PATO:0002000	ZFA:0001673
ZP:0012154	ZFA:0001576	PATO:0001999	ZFA:0005777
ZP:0017860	ZFA:0001094	PATO:0002001	ZFA:0009327
ZP:0017859	ZFA:0001094	PATO:0002002	ZFA:0009021
ZP:0017858	ZFA:0000217	PATO:0002000	ZFA:0000431
ZP:0017855	ZFA:0001673	PATO:0001505	ZFA:0001673
ZP:0017849	ZFA:0000151	PATO:0002002	ZFA:0001673
ZP:0017840	ZFA:0001460	PATO:0001905	ZFA:0001516
ZP:0012164	ZFA:0000109	PATO:0002001	ZFA:0009076
ZP:0017838	ZFA:0001460	PATO:0002000	ZFA:0001517
ZP:0017837	ZFA:0001520	PATO:0000642	ZFA:0001517
ZP:0017835	ZFA:0000143	PATO:0001905	ZFA:0009262
ZP:0002022	ZFA:0009139	PATO:0002168	ZFA:0000038
ZP:0017819	ZFA:0001460	PATO:0002000	ZFA:0001521
ZP:0017818	ZFA:0001460	PATO:0002000	ZFA:0001519
ZP:0017817	ZFA:0001460	PATO:0002000	ZFA:0001518
ZP:0017816	ZFA:0001460	PATO:0002001	ZFA:0001516
ZP:0017657	ZFA:0005135	PATO:0002002	ZFA:0001153
ZP:0017697	ZFA:0001357	PATO:0001505	ZFA:0000761
ZP:0012293	ZFA:0000051	PATO:0001999	ZFA:0001617
ZP:0012273	ZFA:0000944	PATO:0002001	ZFA:0000243
ZP:0000878	ZFA:0000191	PATO:0000642	ZFA:0000270
ZP:0000708	ZFA:0000007	PATO:0002270	ZFA:0000180
ZP:0007597	ZFA:0001516	PATO:0001852	ZFA:0001516
ZP:0007596	ZFA:0001516	PATO:0000375	ZFA:0001516
ZP:0007580	ZFA:0000075	PATO:0002001	ZFA:0009067
ZP:0012238	ZFA:0000033	PATO:0001999	ZFA:0009014
ZP:0012237	ZFA:0000014	PATO:0001999	ZFA:0009065
ZP:0000737	ZFA:0001400	PATO:0000133	ZFA:0001400
ZP:0012223	ZFA:0005110	PATO:0002001	ZFA:0009065
ZP:0012222	ZFA:0000047	PATO:0002001	ZFA:0009358
ZP:0000740	ZFA:0001516	PATO:0000133	ZFA:0001516
ZP:0000741	ZFA:0001557	PATO:0000651	ZFA:0001557
ZP:0012208	ZFA:0009115	PATO:0001453	ZFA:0001462
ZP:0007522	ZFA:0000175	PATO:0001999	ZFA:0009135
ZP:0007520	ZFA:0000175	PATO:0002261	ZFA:0000105
ZP:0007518	ZFA:0000034	PATO:0002002	ZFA:0000940
ZP:0012165	ZFA:0000109	PATO:0002000	ZFA:0009276
ZP:0022493	ZFA:0005221	PATO:0002002	ZFA:0009091
ZP:0022492	ZFA:0001114	PATO:0002002	ZFA:0009249
ZP:0022491	ZFA:0001094	PATO:0002001	ZFA:0005245
ZP:0022489	ZFA:0001115	PATO:0001905	ZFA:0009091
ZP:0022487	ZFA:0005221	PATO:0001905	ZFA:0009091
ZP:0022436	GO:0009617	PATO:0001552	GO:0009617
ZP:0017746	ZFA:0001205	PATO:0002327	ZFA:0001399
ZP:0022424	ZFA:0000008	PATO:0001905	ZFA:0009290
ZP:0022425	ZFA:0000100	PATO:0002001	ZFA:0009276
ZP:0012189	ZFA:0001094	PATO:0001999	ZFA:0000141
ZP:0012166	ZFA:0000109	PATO:0002001	ZFA:0009276
ZP:0000803	ZFA:0001114	PATO:0002001	ZFA:0005245
ZP:0000805	ZFA:0001115	PATO:0002001	ZFA:0005245
ZP:0000806	ZFA:0001115	PATO:0002001	ZFA:0009249
ZP:0012158	ZFA:0009000	PATO:0002269	ZFA:0001259
ZP:0012118	ZFA:0000094	PATO:0002002	ZFA:0009014
ZP:0000855	ZFA:0000588	PATO:0002001	ZFA:0009011
ZP:0000857	ZFA:0001717	PATO:0000651	ZFA:0001717
ZP:0000863	ZFA:0000529	PATO:0002002	ZFA:0009015
ZP:0000709	ZFA:0000007	PATO:0002269	ZFA:0001079
ZP:0012239	ZFA:0000529	PATO:0001999	ZFA:0009014
ZP:0007422	ZFA:0005146	PATO:0002001	ZFA:0009301
ZP:0012255	ZFA:0009091	PATO:0002512	ZFA:0009198
ZP:0007404	ZFA:0001094	PATO:0002000	ZFA:0000108
ZP:0012274	ZFA:0001058	PATO:0002000	ZFA:0000243
ZP:0022379	ZFA:0000059	PATO:0002259	ZFA:0001108
ZP:0010988	ZFA:0000051	PATO:0002001	ZFA:0001095
ZP:0010983	ZFA:0001157	PATO:0001999	ZFA:0005227
ZP:0012299	ZFA:0005221	PATO:0001999	ZFA:0009199
ZP:0010955	ZFA:0001094	PATO:0002000	ZFA:0001161
ZP:0010954	ZFA:0001094	PATO:0002000	ZFA:0001134
ZP:0010953	ZFA:0001094	PATO:0002000	ZFA:0001131
ZP:0010952	ZFA:0001094	PATO:0002000	ZFA:0000257
ZP:0010951	ZFA:0000823	PATO:0000375	ZFA:0000072
ZP:0010948	ZFA:0000072	PATO:0000642	ZFA:0000728
ZP:0010938	GO:0030325	PATO:0001558	GO:0016477
ZP:0010911	ZFA:0000566	PATO:0002002	ZFA:0009366
ZP:0010910	ZFA:0000386	PATO:0002002	ZFA:0009366
ZP:0010909	ZFA:0000051	PATO:0002002	ZFA:0005565
ZP:0010908	ZFA:0000051	PATO:0001999	ZFA:0005244
ZP:0010907	ZFA:0000030	PATO:0002002	ZFA:0009366
ZP:0010906	ZFA:0000030	PATO:0002002	ZFA:0005565
ZP:0010905	ZFA:0000030	PATO:0002002	ZFA:0001098
ZP:0017627	ZFA:0000151	PATO:0002000	ZFA:0001621
ZP:0017626	ZFA:0000151	PATO:0002000	ZFA:0001200
ZP:0012062	ZFA:0001282	PATO:0002001	ZFA:0009216
ZP:0012061	ZFA:0001282	PATO:0002001	ZFA:0009204
ZP:0012060	ZFA:0001282	PATO:0002002	ZFA:0009202
ZP:0012055	ZFA:0000029	PATO:0002001	ZFA:0009169
ZP:0012050	ZFA:0000173	PATO:0002002	ZFA:0009316
ZP:0000918	ZFA:0001273	PATO:0000133	ZFA:0000107
ZP:0007387	ZFA:0001115	PATO:0002002	ZFA:0000940
ZP:0007385	ZFA:0000175	PATO:0002002	ZFA:0000940
ZP:0012039	ZFA:0000114	PATO:0002000	ZFA:0005059
ZP:0000646	ZFA:0001507	PATO:0000642	ZFA:0001507
ZP:0007659	ZFA:0001094	PATO:0002000	ZFA:0005605
ZP:0012029	ZFA:0000206	PATO:0002269	ZFA:0001032
ZP:0007363	ZFA:0000539	PATO:0002001	ZFA:0009301
ZP:0007362	ZFA:0000418	PATO:0002001	ZFA:0009301
ZP:0007361	ZFA:0000418	PATO:0002000	ZFA:0009301
ZP:0007667	ZFA:0000471	PATO:0002270	ZFA:0000007
ZP:0007359	ZFA:0000119	PATO:0002000	ZFA:0009255
ZP:0007357	ZFA:0000101	PATO:0002001	ZFA:0009301
ZP:0007356	ZFA:0000101	PATO:0002000	ZFA:0009301
ZP:0012213	ZFA:0000107	PATO:0002233	ZFA:0000107
ZP:0000952	ZFA:0000529	PATO:0002002	ZFA:0009325
ZP:0012320	ZFA:0009044	PATO:0002269	ZFA:0000173
ZP:0007331	ZFA:0001094	PATO:0002000	ZFA:0009091
ZP:0019064	ZFA:0009115	PATO:0001652	ZFA:0009115
ZP:0019082	ZFA:0000143	PATO:0002001	ZFA:0009262
ZP:0022299	ZFA:0000940	PATO:0001905	ZFA:0009367
ZP:0012231	ZFA:0001189	PATO:0002326	ZFA:0001189
ZP:0012380	ZFA:0001079	PATO:0002000	ZFA:0005790
ZP:0010878	ZFA:0000051	PATO:0002002	ZFA:0009366
ZP:0012240	ZFA:0001078	PATO:0001999	ZFA:0009046
ZP:0003969	ZFA:0001114	PATO:0002000	ZFA:0001205
ZP:0010857	ZFA:0005145	PATO:0002168	ZFA:0000092
ZP:0010848	ZFA:0009015	PATO:0002270	ZFA:0000033
ZP:0010843	ZFA:0001400	PATO:0002328	ZFA:0001400
ZP:0022218	ZFA:0009327	PATO:0002269	ZFA:0000029
ZP:0010822	ZFA:0000094	PATO:0002000	ZFA:0009309
ZP:0017929	ZFA:0000941	PATO:0002001	ZFA:0009248
ZP:0017972	ZFA:0001114	PATO:0002001	ZFA:0009309
ZP:0022626	ZFA:0009327	PATO:0002269	ZFA:0000008
ZP:0000573	ZFA:0005509	PATO:0000642	ZFA:0005509
ZP:0007284	ZFA:0005003	PATO:0002001	ZFA:0009181
ZP:0007278	ZFA:0001114	PATO:0002270	ZFA:0000007
ZP:0007755	ZFA:0000694	PATO:0001453	ZFA:0001239
ZP:0007266	ZFA:0001094	PATO:0002000	ZFA:0000166
ZP:0019133	ZFA:0000011	PATO:0000642	ZFA:0000180
ZP:0007249	ZFA:0000007	PATO:0002270	ZFA:0000084
ZP:0012422	ZFA:0000168	PATO:0000375	ZFA:0000558
ZP:0007787	ZFA:0001076	PATO:0001999	ZFA:0005125
ZP:0019162	ZFA:0001094	PATO:0001999	ZFA:0005851
ZP:0007227	ZFA:0001140	PATO:0002001	ZFA:0000694
ZP:0007226	ZFA:0001137	PATO:0002002	ZFA:0000694
ZP:0007224	ZFA:0000694	PATO:0001163	ZFA:0005142
ZP:0007223	ZFA:0000694	PATO:0000374	ZFA:0000694
ZP:0021045	ZFA:0001094	PATO:0002000	ZFA:0005020
ZP:0010793	ZFA:0001267	PATO:0001999	ZFA:0005020
ZP:0022179	ZFA:0001608	PATO:0002001	ZFA:0009027
ZP:0010788	ZFA:0000007	PATO:0002269	ZFA:0001286
ZP:0007583	ZFA:0005559	PATO:0002002	ZFA:0009303
ZP:0022157	ZFA:0001205	PATO:0000040	ZFA:0001400
ZP:0010763	ZFA:0000407	PATO:0001652	ZFA:0001161
ZP:0020554	ZFA:0005064	PATO:0000133	ZFA:0001375
ZP:0010759	ZFA:0001094	PATO:0002000	ZFA:0009141
ZP:0010744	ZFA:0000123	PATO:0002001	ZFA:0009111
ZP:0017470	ZFA:0000152	PATO:0002000	ZFA:0009262
ZP:0010729	ZFA:0000126	PATO:0000642	ZFA:0000126
ZP:0022109	ZFA:0000024	PATO:0002002	ZFA:0000098
ZP:0010708	ZFA:0000151	PATO:0002000	ZFA:0001557
ZP:0020986	ZFA:0009065	PATO:0002271	ZFA:0005064
ZP:0020971	ZFA:0009117	PATO:0001453	ZFA:0000473
ZP:0020965	ZFA:0009116	PATO:0001453	ZFA:0000473
ZP:0000487	ZFA:0000028	PATO:0000651	ZFA:0000028
ZP:0020946	ZFA:0009199	PATO:0002168	ZFA:0001463
ZP:0020944	ZFA:0009198	PATO:0002168	ZFA:0001463
ZP:0020934	ZFA:0001094	PATO:0002002	ZFA:0001072
ZP:0020923	ZFA:0001227	PATO:0002001	ZFA:0001501
ZP:0020920	ZFA:0001094	PATO:0002001	ZFA:0001072
ZP:0007165	ZFA:0005124	PATO:0002001	ZFA:0009034
ZP:0007158	ZFA:0000094	PATO:0002001	ZFA:0009014
ZP:0012522	ZFA:0001359	PATO:0002002	ZFA:0009127
ZP:0019270	ZFA:0001079	PATO:0001999	ZFA:0005314
ZP:0019279	ZFA:0001094	PATO:0002002	ZFA:0009141
ZP:0007114	ZFA:0001117	PATO:0002002	ZFA:0005145
ZP:0019281	ZFA:0001094	PATO:0002002	ZFA:0009265
ZP:0019282	ZFA:0001094	PATO:0002002	ZFA:0009327
ZP:0019283	ZFA:0001094	PATO:0002002	ZFA:0005237
ZP:0007107	ZFA:0001285	PATO:0002002	ZFA:0001057
ZP:0007103	ZFA:0000477	PATO:0001999	ZFA:0009303
ZP:0007101	ZFA:0000014	PATO:0002002	ZFA:0009303
ZP:0022097	ZFA:0009256	PATO:0002269	ZFA:0000473
ZP:0019296	ZFA:0000007	PATO:0002269	ZFA:0000106
ZP:0019299	ZFA:0009316	PATO:0001453	ZFA:0000471
ZP:0022088	ZFA:0000711	PATO:0001505	ZFA:0000023
ZP:0010685	ZFA:0000152	PATO:0001999	ZFA:0009255
ZP:0010684	ZFA:0000152	PATO:0001999	ZFA:0009127
ZP:0010660	ZFA:0001390	PATO:0002002	ZFA:0005598
ZP:0005994	ZFA:0000152	PATO:0002001	ZFA:0009262
ZP:0010604	ZFA:0005566	PATO:0002270	ZFA:0009000
ZP:0002363	ZFA:0001115	PATO:0002001	ZFA:0009091
ZP:0002364	ZFA:0001115	PATO:0002001	ZFA:0009199
ZP:0005930	ZFA:0000007	PATO:0002269	ZFA:0000054
ZP:0005928	ZFA:0001094	PATO:0002000	ZFA:0000435
ZP:0005927	ZFA:0000152	PATO:0001999	ZFA:0001330
ZP:0005926	ZFA:0000152	PATO:0001999	ZFA:0001329
ZP:0017308	ZFA:0000048	PATO:0000642	ZFA:0000048
ZP:0020886	ZFA:0000035	PATO:0000642	ZFA:0000035
ZP:0020145	ZFA:0001606	PATO:0002001	ZFA:0009027
ZP:0019024	ZFA:0000084	PATO:0002168	ZFA:0001175
ZP:0019301	ZFA:0009316	PATO:0001453	ZFA:0000009
ZP:0007079	ZFA:0009380	PATO:0002261	ZFA:0001100
ZP:0007954	ZFA:0000250	PATO:0000642	ZFA:0000284
ZP:0007955	ZFA:0000250	PATO:0000642	ZFA:0000674
ZP:0019322	ZFA:0001094	PATO:0002001	ZFA:0000107
ZP:0007969	ZFA:0001635	PATO:0002002	ZFA:0000476
ZP:0019332	GO:0000278	PATO:0001558	GO:0000910
ZP:0019334	GO:0007049	PATO:0001558	GO:0000278
ZP:0007054	ZFA:0000138	PATO:0000374	ZFA:0000138
ZP:0012621	ZFA:0005023	PATO:0002001	ZFA:0009256
ZP:0016082	GO:0036269	PATO:0001194	GO:0010996
ZP:0005241	ZFA:0001460	PATO:0000642	ZFA:0001460
ZP:0010579	ZFA:0000243	PATO:0002001	ZFA:0009367
ZP:0005898	ZFA:0001267	PATO:0001435	ZFA:0001267
ZP:0005862	ZFA:0009256	PATO:0002269	ZFA:0000186
ZP:0005861	ZFA:0009256	PATO:0002269	ZFA:0000033
ZP:0010514	ZFA:0000155	PATO:0002000	ZFA:0001086
ZP:0005828	ZFA:0001410	PATO:0002270	ZFA:0000007
ZP:0005826	ZFA:0001061	PATO:0001667	ZFA:0001061
ZP:0005821	ZFA:0000007	PATO:0002269	ZFA:0000084
ZP:0020787	ZFA:0000737	PATO:0002002	ZFA:0001514
ZP:0019484	ZFA:0009077	PATO:0002270	ZFA:0000008
ZP:0019493	ZFA:0009141	PATO:0002270	ZFA:0000159
ZP:0010495	ZFA:0001400	PATO:0000642	ZFA:0001520
ZP:0010494	ZFA:0001205	PATO:0001590	ZFA:0001205
ZP:0010487	ZFA:0001058	PATO:0002270	ZFA:0009044
ZP:0010479	ZFA:0001094	PATO:0002001	ZFA:0009256
ZP:0010473	ZFA:0000137	PATO:0000642	ZFA:0000137
ZP:0010439	ZFA:0000051	PATO:0002001	ZFA:0009366
ZP:0010435	ZFA:0001367	PATO:0000375	ZFA:0001692
ZP:0002534	ZFA:0000069	PATO:0002000	ZFA:0005731
ZP:0002553	ZFA:0000208	PATO:0001792	ZFA:0001094
ZP:0002558	ZFA:0000823	PATO:0002000	ZFA:0005731
ZP:0005743	ZFA:0001260	PATO:0002002	ZFA:0009104
ZP:0005742	ZFA:0001260	PATO:0002001	ZFA:0009102
ZP:0009283	ZFA:0001319	PATO:0001667	ZFA:0001320
ZP:0005730	ZFA:0000559	PATO:0002001	ZFA:0001617
ZP:0015983	ZFA:0005025	PATO:0001505	ZFA:0005025
ZP:0000167	ZFA:0001117	PATO:0002002	ZFA:0000135
ZP:0000166	ZFA:0001117	PATO:0002002	ZFA:0000077
ZP:0000162	ZFA:0001094	PATO:0002002	ZFA:0001117
ZP:0000155	ZFA:0000255	PATO:0002002	ZFA:0000003
ZP:0000146	ZFA:0000115	PATO:0000651	ZFA:0000115
ZP:0000144	GO:0036342	PATO:0001561	GO:0036342
ZP:0015929	ZFA:0009043	PATO:0002002	ZFA:0009327
ZP:0015924	ZFA:0000669	PATO:0002270	ZFA:0009327
ZP:0000111	ZFA:0000155	PATO:0000642	ZFA:0000155
ZP:0010398	ZFA:0001119	PATO:0001505	ZFA:0000105
ZP:0010376	ZFA:0000816	PATO:0002001	ZFA:0001074
ZP:0010368	ZFA:0001557	PATO:0000374	ZFA:0001557
ZP:0010359	GO:0021884	PATO:0001564	GO:0048665
ZP:0009336	ZFA:0001320	PATO:0002233	ZFA:0001319
ZP:0002611	ZFA:0007067	PATO:0000642	ZFA:0007067
ZP:0002622	ZFA:0000295	PATO:0002001	ZFA:0009053
ZP:0002634	ZFA:0001400	PATO:0002327	ZFA:0001510
ZP:0014035	ZFA:0001285	PATO:0002464	ZFA:0000155
ZP:0014054	ZFA:0001094	PATO:0001999	ZFA:0001117
ZP:0005606	ZFA:0001216	PATO:0002000	ZFA:0001227
ZP:0005603	ZFA:0000155	PATO:0002001	ZFA:0009116
ZP:0005602	ZFA:0000152	PATO:0001999	ZFA:0009310
ZP:0005601	ZFA:0000152	PATO:0001999	ZFA:0009280
ZP:0014066	ZFA:0000713	PATO:0002259	ZFA:0000713
ZP:0020594	ZFA:0000099	PATO:0001999	ZFA:0005020
ZP:0020591	ZFA:0000142	PATO:0002000	ZFA:0000200
ZP:0020589	ZFA:0001052	PATO:0002002	ZFA:0009036
ZP:0020586	ZFA:0000099	PATO:0002000	ZFA:0005020
ZP:0020558	ZFA:0009256	PATO:0002270	ZFA:0000114
ZP:0000063	ZFA:0001399	PATO:0000642	ZFA:0001422
ZP:0020528	GO:0000910	PATO:0001558	GO:0090148
ZP:0000058	ZFA:0001205	PATO:0000642	ZFA:0001400
ZP:0006445	ZFA:0000107	PATO:0002000	ZFA:0000035
ZP:0015800	ZFA:0001260	PATO:0001905	ZFA:0009101
ZP:0010291	ZFA:0001094	PATO:0002000	ZFA:0001460
ZP:0010289	ZFA:0001094	PATO:0002000	ZFA:0000200
ZP:0010276	ZFA:0000107	PATO:0002259	ZFA:0000107
ZP:0010261	ZFA:0000640	PATO:0001999	ZFA:0001687
ZP:0005581	ZFA:0001261	PATO:0002270	ZFA:0009256
ZP:0005580	ZFA:0001094	PATO:0002000	ZFA:0000014
ZP:0010237	ZFA:0000152	PATO:0002000	ZFA:0009280
ZP:0002736	ZFA:0005000	PATO:0001667	ZFA:0005017
ZP:0002744	ZFA:0005002	PATO:0001667	ZFA:0001052
ZP:0010203	ZFA:0007064	PATO:0000642	ZFA:0007065
ZP:0005543	ZFA:0001616	PATO:0000642	ZFA:0001616
ZP:0014121	ZFA:0000107	PATO:0000040	ZFA:0000107
ZP:0002766	ZFA:0000101	PATO:0002000	ZFA:0000161
ZP:0005528	ZFA:0000243	PATO:0002002	ZFA:0009367
ZP:0005525	ZFA:0000123	PATO:0002002	ZFA:0009111
ZP:0020497	ZFA:0000105	PATO:0002001	ZFA:0009307
ZP:0020496	ZFA:0000368	PATO:0002001	ZFA:0005327
ZP:0020492	ZFA:0000368	PATO:0002001	ZFA:0005326
ZP:0016221	ZFA:0005091	PATO:0002270	ZFA:0009256
ZP:0004864	ZFA:0000295	PATO:0002002	ZFA:0009053
ZP:0020406	ZFA:0001521	PATO:0001999	ZFA:0005851
ZP:0015741	ZFA:0001387	PATO:0002001	ZFA:0001554
ZP:0015740	ZFA:0001184	PATO:0002001	ZFA:0001554
ZP:0015739	ZFA:0001123	PATO:0002001	ZFA:0001554
ZP:0015738	ZFA:0000943	PATO:0002001	ZFA:0001554
ZP:0015713	ZFA:0000075	PATO:0002001	ZFA:0009053
ZP:0016290	ZFA:0001613	PATO:0000642	ZFA:0001613
ZP:0002842	ZFA:0001115	PATO:0002000	ZFA:0009091
ZP:0010113	ZFA:0005024	PATO:0002000	ZFA:0005034
ZP:0010111	ZFA:0001094	PATO:0001999	ZFA:0001285
ZP:0009574	ZFA:0001260	PATO:0001999	ZFA:0009101
ZP:0005407	ZFA:0005409	PATO:0002002	ZFA:0000619
ZP:0020395	ZFA:0005041	PATO:0001505	ZFA:0005041
ZP:0020392	ZFA:0000028	PATO:0001505	ZFA:0000028
ZP:0020389	ZFA:0005041	PATO:0002233	ZFA:0005041
ZP:0014282	ZFA:0000028	PATO:0002001	ZFA:0009316
ZP:0020378	ZFA:0000445	PATO:0002002	ZFA:0009248
ZP:0006084	ZFA:0001360	PATO:0001793	ZFA:0001094
ZP:0015645	ZFA:0001550	PATO:0000642	ZFA:0001550
ZP:0015616	ZFA:0005792	PATO:0002001	ZFA:0005791
ZP:0010091	ZFA:0000095	PATO:0002001	ZFA:0001460
ZP:0010085	ZFA:0001094	PATO:0002000	ZFA:0000107
ZP:0010084	ZFA:0001094	PATO:0002000	ZFA:0000079
ZP:0009618	ZFA:0000155	PATO:0002002	ZFA:0009291
ZP:0005381	ZFA:0000023	PATO:0001453	ZFA:0000023
ZP:0005380	ZFA:0000023	PATO:0000133	ZFA:0000023
ZP:0005352	ZFA:0001115	PATO:0002001	ZFA:0001056
ZP:0009676	ZFA:0000270	PATO:0000642	ZFA:0000270
ZP:0009695	ZFA:0000250	PATO:0000642	ZFA:0001280
ZP:0002973	ZFA:0009115	PATO:0001453	ZFA:0000610
ZP:0020272	ZFA:0000029	PATO:0002002	ZFA:0009149
ZP:0020237	ZFA:0009111	PATO:0000374	ZFA:0009111
ZP:0015572	ZFA:0000032	PATO:0002001	ZFA:0009292
ZP:0015561	ZFA:0000032	PATO:0002002	ZFA:0009292
ZP:0015560	ZFA:0000032	PATO:0002002	ZFA:0009019
ZP:0015558	ZFA:0000032	PATO:0002001	ZFA:0009361
ZP:0003799	ZFA:0000075	PATO:0002002	ZFA:0009245
ZP:0015549	ZFA:0000075	PATO:0002001	ZFA:0005177
ZP:0015548	ZFA:0000075	PATO:0001905	ZFA:0005233
ZP:0015502	ZFA:0001320	PATO:0002001	ZFA:0009065
ZP:0015501	ZFA:0001267	PATO:0002001	ZFA:0009065
ZP:0021032	ZFA:0009026	PATO:0002269	ZFA:0005057
ZP:0021049	ZFA:0001094	PATO:0002000	ZFA:0005021
ZP:0010606	ZFA:0007057	PATO:0002002	ZFA:0005046
ZP:0021052	ZFA:0001094	PATO:0002000	ZFA:0005295
ZP:0021055	ZFA:0001094	PATO:0002000	ZFA:0005002
ZP:0010224	ZFA:0001405	PATO:0000651	ZFA:0001405
ZP:0005595	ZFA:0001319	PATO:0002000	ZFA:0005059
ZP:0005255	ZFA:0001094	PATO:0002000	ZFA:0009006
ZP:0005243	ZFA:0001555	PATO:0000642	ZFA:0001555
ZP:0005227	ZFA:0000471	PATO:0002328	ZFA:0000009
ZP:0014444	ZFA:0001269	PATO:0002001	ZFA:0009327
ZP:0020171	ZFA:0000007	PATO:0002269	ZFA:0001655
ZP:0020166	ZFA:0009114	PATO:0001453	ZFA:0001462
ZP:0020165	ZFA:0009114	PATO:0001654	ZFA:0000155
ZP:0020164	ZFA:0009114	PATO:0001453	ZFA:0001056
ZP:0015465	ZFA:0000094	PATO:0002002	ZFA:0009141
ZP:0015453	ZFA:0005095	PATO:0002270	ZFA:0009044
ZP:0015434	ZFA:0000155	PATO:0001322	ZFA:0000155
ZP:0015430	ZFA:0001271	PATO:0002000	ZFA:0001079
ZP:0015428	ZFA:0001094	PATO:0002000	ZFA:0009065
ZP:0015423	ZFA:0001464	PATO:0002002	ZFA:0009168
ZP:0015422	ZFA:0000119	PATO:0002001	ZFA:0009168
ZP:0015418	ZFA:0000140	PATO:0002001	ZFA:0005756
ZP:0009848	ZFA:0000075	PATO:0002001	ZFA:0009076
ZP:0005168	ZFA:0000547	PATO:0001659	ZFA:0001114
ZP:0009869	ZFA:0001094	PATO:0002000	ZFA:0009256
ZP:0005155	ZFA:0001117	PATO:0002002	ZFA:0000155
ZP:0005154	ZFA:0001117	PATO:0002000	ZFA:0000155
ZP:0009888	ZFA:0000107	PATO:0001645	ZFA:0000101
ZP:0009895	ZFA:0000155	PATO:0000133	ZFA:0000155
ZP:0005119	ZFA:0001114	PATO:0000374	ZFA:0001117
ZP:0005105	ZFA:0009256	PATO:0002270	ZFA:0005028
ZP:0020047	ZFA:0001114	PATO:0002002	ZFA:0005621
ZP:0020046	ZFA:0000476	PATO:0000642	ZFA:0000250
ZP:0015382	ZFA:0001054	PATO:0000651	ZFA:0001054
ZP:0015381	ZFA:0000423	PATO:0000651	ZFA:0000477
ZP:0020039	ZFA:0000706	PATO:0002001	ZFA:0005775
ZP:0020038	ZFA:0001323	PATO:0002001	ZFA:0005775
ZP:0003982	ZFA:0001161	PATO:0002000	ZFA:0001455
ZP:0003980	ZFA:0001114	PATO:0002000	ZFA:0007051
ZP:0020029	ZFA:0001076	PATO:0002001	ZFA:0005775
ZP:0003979	ZFA:0001114	PATO:0002000	ZFA:0007049
ZP:0003978	ZFA:0001114	PATO:0002000	ZFA:0007048
ZP:0015363	ZFA:0009157	PATO:0002270	ZFA:0000105
ZP:0003973	ZFA:0001114	PATO:0002000	ZFA:0001405
ZP:0003972	ZFA:0001114	PATO:0002000	ZFA:0001400
ZP:0003971	ZFA:0001114	PATO:0002000	ZFA:0001399
ZP:0003970	ZFA:0001114	PATO:0002000	ZFA:0001321
ZP:0015337	ZFA:0001360	PATO:0001793	ZFA:0000019
ZP:0015333	ZFA:0000217	PATO:0002000	ZFA:0000676
ZP:0015320	ZFA:0000217	PATO:0002000	ZFA:0000530
ZP:0020595	ZFA:0000099	PATO:0002002	ZFA:0001315
ZP:0003915	ZFA:0001184	PATO:0002002	ZFA:0001554
ZP:0003911	ZFA:0001161	PATO:0002002	ZFA:0001554
ZP:0003904	ZFA:0001058	PATO:0002002	ZFA:0001554
ZP:0010304	ZFA:0001285	PATO:0002001	ZFA:0009036
ZP:0010312	ZFA:0000001	PATO:0001852	ZFA:0000084
ZP:0005098	ZFA:0000737	PATO:0002002	ZFA:0001458
ZP:0005095	ZFA:0000155	PATO:0001999	ZFA:0009117
ZP:0005071	ZFA:0001205	PATO:0000375	ZFA:0001400
ZP:0005053	ZFA:0001061	PATO:0001667	ZFA:0001285
ZP:0005052	ZFA:0001061	PATO:0001738	ZFA:0000014
ZP:0009994	ZFA:0000168	PATO:0002001	ZFA:0000678
ZP:0010354	ZFA:0001670	PATO:0002001	ZFA:0009000
ZP:0014663	ZFA:0000008	PATO:0001905	ZFA:0009077
ZP:0006261	ZFA:0000143	PATO:0001999	ZFA:0009262
ZP:0006264	ZFA:0000143	PATO:0002001	ZFA:0009275
ZP:0015283	ZFA:0005028	PATO:0002000	ZFA:0009256
ZP:0015277	ZFA:0000823	PATO:0000040	ZFA:0000072
ZP:0004430	ZFA:0001073	PATO:0002001	ZFA:0001285
ZP:0015254	ZFA:0001306	PATO:0002000	ZFA:0001130
ZP:0015247	ZFA:0001094	PATO:0002000	ZFA:0000022
ZP:0015245	ZFA:0001202	PATO:0000642	ZFA:0001202
ZP:0003812	ZFA:0001321	PATO:0000642	ZFA:0001321
ZP:0003800	ZFA:0000075	PATO:0002002	ZFA:0009248
ZP:0018170	ZFA:0000008	PATO:0002001	ZFA:0009019
ZP:0016855	ZFA:0001094	PATO:0002001	ZFA:0009141
ZP:0021401	ZFA:0001056	PATO:0002001	ZFA:0009117
ZP:0021402	ZFA:0001056	PATO:0002002	ZFA:0009116
ZP:0021407	ZFA:0009141	PATO:0002269	ZFA:0000036
ZP:0003798	ZFA:0000075	PATO:0002002	ZFA:0009244
ZP:0015184	ZFA:0009256	PATO:0002269	ZFA:0001114
ZP:0003731	GO:0007626	PATO:0001570	GO:0003009
ZP:0005744	ZFA:0001260	PATO:0002001	ZFA:0009139
ZP:0005748	ZFA:0001370	PATO:0002001	ZFA:0009102
ZP:0005749	ZFA:0001370	PATO:0002002	ZFA:0009104
ZP:0021240	ZFA:0009115	PATO:0001652	ZFA:0005277
ZP:0013973	ZFA:0001069	PATO:0002001	ZFA:0000089
ZP:0013966	ZFA:0000117	PATO:0002001	ZFA:0009139
ZP:0013965	ZFA:0000117	PATO:0002000	ZFA:0009139
ZP:0010428	ZFA:0000450	PATO:0002001	ZFA:0009248
ZP:0013942	ZFA:0000144	PATO:0002464	ZFA:0000152
ZP:0010430	ZFA:0000553	PATO:0002001	ZFA:0009248
ZP:0010443	ZFA:0001580	PATO:0002000	ZFA:0001321
ZP:0016903	ZFA:0000155	PATO:0001999	ZFA:0001086
ZP:0019940	ZFA:0000737	PATO:0001999	ZFA:0001516
ZP:0015086	ZFA:0001155	PATO:0002001	ZFA:0009361
ZP:0015085	ZFA:0001155	PATO:0002001	ZFA:0009248
ZP:0015079	ZFA:0000243	PATO:0000374	ZFA:0000243
ZP:0015073	ZFA:0000152	PATO:0002002	ZFA:0009310
ZP:0003684	ZFA:0000058	PATO:0000374	ZFA:0000135
ZP:0015070	ZFA:0000114	PATO:0002002	ZFA:0009316
ZP:0015049	ZFA:0000115	PATO:0002001	ZFA:0009316
ZP:0015034	ZFA:0000277	PATO:0000133	ZFA:0000277
ZP:0003645	ZFA:0001285	PATO:0001999	ZFA:0009036
ZP:0003640	ZFA:0000014	PATO:0001999	ZFA:0009036
ZP:0015024	ZFA:0000413	PATO:0000642	ZFA:0000413
ZP:0016030	ZFA:0001094	PATO:0001999	ZFA:0001227
ZP:0016031	ZFA:0001094	PATO:0001999	ZFA:0001276
ZP:0015000	ZFA:0000548	PATO:0000642	ZFA:0000548
ZP:0003608	ZFA:0001094	PATO:0001999	ZFA:0001161
ZP:0003605	ZFA:0000152	PATO:0000642	ZFA:0000152
ZP:0016084	ZFA:0001094	PATO:0001999	ZFA:0001460
ZP:0016085	ZFA:0001094	PATO:0002000	ZFA:0000095
ZP:0013892	ZFA:0005124	PATO:0002002	ZFA:0009094
ZP:0013888	ZFA:0005124	PATO:0002001	ZFA:0009269
ZP:0013880	ZFA:0001557	PATO:0001505	ZFA:0001557
ZP:0013873	ZFA:0001390	PATO:0001905	ZFA:0009228
ZP:0011244	ZFA:0000051	PATO:0002000	ZFA:0009366
ZP:0014911	ZFA:0000678	PATO:0001646	ZFA:0000030
ZP:0014943	ZFA:0000140	PATO:0001905	ZFA:0009102
ZP:0022180	ZFA:0001609	PATO:0002001	ZFA:0009027
ZP:0003585	ZFA:0005249	PATO:0002270	ZFA:0000007
ZP:0003583	ZFA:0005037	PATO:0002270	ZFA:0000007
ZP:0003580	ZFA:0005024	PATO:0002270	ZFA:0000007
ZP:0003579	ZFA:0001115	PATO:0002001	ZFA:0000155
ZP:0003546	ZFA:0001400	PATO:0000642	ZFA:0001400
ZP:0003541	ZFA:0001189	PATO:0000642	ZFA:0001189
ZP:0016120	ZFA:0001094	PATO:0001999	ZFA:0009256
ZP:0003531	ZFA:0000514	PATO:0000642	ZFA:0000486
ZP:0016152	ZFA:0005028	PATO:0002001	ZFA:0009256
ZP:0016155	ZFA:0001615	PATO:0000040	ZFA:0005061
ZP:0016156	ZFA:0001094	PATO:0002000	ZFA:0001272
ZP:0016162	ZFA:0000051	PATO:0001905	ZFA:0001617
ZP:0005858	ZFA:0005314	PATO:0002001	ZFA:0009044
ZP:0020045	ZFA:0000706	PATO:0001999	ZFA:0005775
ZP:0016810	ZFA:0001464	PATO:0002001	ZFA:0009223
ZP:0013769	ZFA:0001155	PATO:0001905	ZFA:0005775
ZP:0013742	ZFA:0001094	PATO:0001905	ZFA:0001106
ZP:0017269	ZFA:0001507	PATO:0001321	ZFA:0001405
ZP:0013706	ZFA:0005081	PATO:0001905	ZFA:0009036
ZP:0006444	ZFA:0000046	PATO:0002001	ZFA:0009275
ZP:0011104	ZFA:0001094	PATO:0002000	ZFA:0000042
ZP:0011105	ZFA:0001094	PATO:0002000	ZFA:0000100
ZP:0006464	ZFA:0000144	PATO:0000040	ZFA:0001464
ZP:0011110	ZFA:0000094	PATO:0002002	ZFA:0009325
ZP:0004800	ZFA:0000012	PATO:0002001	ZFA:0001682
ZP:0003493	ZFA:0005224	PATO:0002002	ZFA:0009199
ZP:0011120	ZFA:0001399	PATO:0000642	ZFA:0001205
ZP:0011121	ZFA:0001422	PATO:0000642	ZFA:0001400
ZP:0004823	ZFA:0001114	PATO:0000133	ZFA:0001115
ZP:0003478	ZFA:0000028	PATO:0001999	ZFA:0009316
ZP:0004843	ZFA:0000019	PATO:0002002	ZFA:0009248
ZP:0004844	ZFA:0000029	PATO:0002001	ZFA:0009292
ZP:0016225	ZFA:0001338	PATO:0001453	ZFA:0000056
ZP:0004866	ZFA:0000368	PATO:0002001	ZFA:0009090
ZP:0016243	ZFA:0000655	PATO:0000375	ZFA:0000708
ZP:0003407	ZFA:0001285	PATO:0002000	ZFA:0005604
ZP:0003607	ZFA:0000570	PATO:0000642	ZFA:0000570
ZP:0008996	ZFA:0001078	PATO:0002001	ZFA:0009350
ZP:0013648	ZFA:0001115	PATO:0001905	ZFA:0000155
ZP:0006050	ZFA:0000471	PATO:0002001	ZFA:0009316
ZP:0008924	ZFA:0000559	PATO:0002083	ZFA:0001617
ZP:0008906	ZFA:0001194	PATO:0002001	ZFA:0009003
ZP:0008904	ZFA:0001189	PATO:0002001	ZFA:0001364
ZP:0008903	ZFA:0001189	PATO:0002001	ZFA:0001336
ZP:0008902	ZFA:0001189	PATO:0000374	ZFA:0001189
ZP:0018004	ZFA:0001094	PATO:0001905	ZFA:0009141
ZP:0018006	ZFA:0001115	PATO:0001905	ZFA:0009141
ZP:0006632	ZFA:0000217	PATO:0002083	ZFA:0001617
ZP:0020841	ZFA:0001094	PATO:0002000	ZFA:0000114
ZP:0020842	ZFA:0001094	PATO:0002000	ZFA:0001114
ZP:0020859	ZFA:0001384	PATO:0002000	ZFA:0001385
ZP:0020868	ZFA:0000673	PATO:0001453	ZFA:0001054
ZP:0016750	ZFA:0000007	PATO:0002269	ZFA:0000180
ZP:0016320	ZFA:0001094	PATO:0002000	ZFA:0000045
ZP:0016321	ZFA:0001114	PATO:0002270	ZFA:0009183
ZP:0016323	ZFA:0001372	PATO:0001905	ZFA:0009096
ZP:0003337	ZFA:0000152	PATO:0002001	ZFA:0009154
ZP:0016342	ZFA:0000692	PATO:0000642	ZFA:0001400
ZP:0003310	ZFA:0005223	PATO:0002000	ZFA:0009091
ZP:0003309	ZFA:0005222	PATO:0002001	ZFA:0009091
ZP:0006678	ZFA:0000408	PATO:0002001	ZFA:0009301
ZP:0006679	ZFA:0000418	PATO:0001999	ZFA:0009301
ZP:0006688	ZFA:0001390	PATO:0002001	ZFA:0009096
ZP:0006689	ZFA:0001390	PATO:0002001	ZFA:0009102
ZP:0021044	ZFA:0001094	PATO:0002000	ZFA:0005052
ZP:0021050	ZFA:0001094	PATO:0002000	ZFA:0005079
ZP:0021053	ZFA:0001094	PATO:0002000	ZFA:0001285
ZP:0021054	ZFA:0001094	PATO:0002000	ZFA:0005078
ZP:0011344	ZFA:0005028	PATO:0002001	ZFA:0009014
ZP:0010622	ZFA:0000152	PATO:0002002	ZFA:0009275
ZP:0010627	ZFA:0001094	PATO:0001999	ZFA:0009091
ZP:0013559	ZFA:0000471	PATO:0001905	ZFA:0009316
ZP:0013558	ZFA:0000471	PATO:0001905	ZFA:0001614
ZP:0008897	ZFA:0000206	PATO:0002001	ZFA:0009052
ZP:0013548	ZFA:0000109	PATO:0001905	ZFA:0009290
ZP:0008872	ZFA:0001078	PATO:0001999	ZFA:0009350
ZP:0013509	ZFA:0000152	PATO:0001905	ZFA:0009301
ZP:0010655	ZFA:0009014	PATO:0002270	ZFA:0005028
ZP:0008832	ZFA:0000715	PATO:0002001	ZFA:0009115
ZP:0008831	ZFA:0000537	PATO:0002001	ZFA:0009115
ZP:0008830	ZFA:0000498	PATO:0002001	ZFA:0009115
ZP:0008829	ZFA:0000465	PATO:0002001	ZFA:0009115
ZP:0008828	ZFA:0000462	PATO:0002001	ZFA:0009115
ZP:0003296	ZFA:0001094	PATO:0001999	ZFA:0001590
ZP:0003295	ZFA:0001094	PATO:0002000	ZFA:0001521
ZP:0003294	ZFA:0001094	PATO:0002000	ZFA:0001519
ZP:0003293	ZFA:0001094	PATO:0002000	ZFA:0001518
ZP:0003292	ZFA:0001094	PATO:0002000	ZFA:0001517
ZP:0003291	ZFA:0001094	PATO:0002001	ZFA:0001106
ZP:0003290	ZFA:0001094	PATO:0002000	ZFA:0000694
ZP:0003279	ZFA:0000200	PATO:0001999	ZFA:0009248
ZP:0003266	ZFA:0001615	PATO:0000374	ZFA:0005061
ZP:0003259	ZFA:0001117	PATO:0002270	ZFA:0000007
ZP:0003255	ZFA:0000051	PATO:0002000	ZFA:0001617
ZP:0022085	ZFA:0000151	PATO:0001999	ZFA:0009014
ZP:0016412	ZFA:0001260	PATO:0002001	ZFA:0009101
ZP:0011247	ZFA:0001094	PATO:0002000	ZFA:0000051
ZP:0011258	ZFA:0000007	PATO:0002269	ZFA:0001114
ZP:0007143	ZFA:0000368	PATO:0002270	ZFA:0009183
ZP:0007144	ZFA:0001069	PATO:0002270	ZFA:0009183
ZP:0020149	ZFA:0001608	PATO:0002001	ZFA:0001194
ZP:0021150	ZFA:0000143	PATO:0002001	ZFA:0009154
ZP:0021160	ZFA:0001374	PATO:0001505	ZFA:0001615
ZP:0007182	ZFA:0009256	PATO:0002269	ZFA:0000114
ZP:0008789	ZFA:0001285	PATO:0000642	ZFA:0001285
ZP:0013437	ZFA:0001139	PATO:0001905	ZFA:0000694
ZP:0013436	ZFA:0000694	PATO:0001667	ZFA:0001239
ZP:0008773	ZFA:0001338	PATO:0002001	ZFA:0009094
ZP:0013428	ZFA:0001282	PATO:0001905	ZFA:0009218
ZP:0013427	ZFA:0001282	PATO:0001905	ZFA:0009216
ZP:0013426	ZFA:0001282	PATO:0001905	ZFA:0009204
ZP:0008761	ZFA:0000056	PATO:0002001	ZFA:0009094
ZP:0013412	ZFA:0000094	PATO:0001905	ZFA:0009323
ZP:0008730	ZFA:0001089	PATO:0000374	ZFA:0001089
ZP:0016803	ZFA:0001632	PATO:0002269	ZFA:0000123
ZP:0003499	ZFA:0009199	PATO:0002168	ZFA:0005597
ZP:0016830	ZFA:0000671	PATO:0002001	ZFA:0009395
ZP:0016831	ZFA:0000671	PATO:0002002	ZFA:0009395
ZP:0018998	ZFA:0000009	PATO:0002328	ZFA:0000471
ZP:0016850	ZFA:0000008	PATO:0002000	ZFA:0009141
ZP:0016500	ZFA:0001117	PATO:0002002	ZFA:0009091
ZP:0018903	ZFA:0001056	PATO:0002002	ZFA:0001086
ZP:0016890	ZFA:0001094	PATO:0002000	ZFA:0000138
ZP:0021233	ZFA:0000029	PATO:0002001	ZFA:0005815
ZP:0013389	ZFA:0001056	PATO:0001905	ZFA:0001086
ZP:0010032	ZFA:0000386	PATO:0000642	ZFA:0000386
ZP:0008698	ZFA:0009256	PATO:0002270	ZFA:0000014
ZP:0001961	ZFA:0001094	PATO:0002000	ZFA:0009165
ZP:0008669	ZFA:0001286	PATO:0002270	ZFA:0009044
ZP:0022115	ZFA:0001329	PATO:0002002	ZFA:0000098
ZP:0008615	ZFA:0001588	PATO:0000642	ZFA:0001588
ZP:0006659	ZFA:0000114	PATO:0002270	ZFA:0000007
ZP:0018106	ZFA:0001291	PATO:0002001	ZFA:0009052
ZP:0011304	ZFA:0000075	PATO:0002001	ZFA:0005240
ZP:0011305	ZFA:0001094	PATO:0002000	ZFA:0000076
ZP:0011308	ZFA:0001211	PATO:0000375	ZFA:0000072
ZP:0011315	ZFA:0000539	PATO:0001999	ZFA:0009248
ZP:0011316	ZFA:0001306	PATO:0002001	ZFA:0009248
ZP:0003091	ZFA:0001400	PATO:0000133	ZFA:0000170
ZP:0018882	ZFA:0005857	PATO:0002269	ZFA:0000123
ZP:0016612	GO:0001756	PATO:0001558	GO:0016477
ZP:0016624	ZFA:0001069	PATO:0002270	ZFA:0009044
ZP:0016641	ZFA:0001094	PATO:0002000	ZFA:0005277
ZP:0016674	ZFA:0005062	PATO:0002002	ZFA:0009316
ZP:0013248	ZFA:0001267	PATO:0001905	ZFA:0009036
ZP:0013225	ZFA:0001094	PATO:0001905	ZFA:0009150
ZP:0013222	ZFA:0001370	PATO:0001905	ZFA:0009228
ZP:0013221	ZFA:0000017	PATO:0001905	ZFA:0009096
ZP:0008516	ZFA:0001326	PATO:0002002	ZFA:0009034
ZP:0021784	ZFA:0000140	PATO:0001905	ZFA:0009103
ZP:0016934	ZFA:0001094	PATO:0002000	ZFA:0000151
ZP:0018790	ZFA:0009356	PATO:0002269	ZFA:0005029
ZP:0018773	ZFA:0000940	PATO:0002233	ZFA:0000940
ZP:0016712	ZFA:0000014	PATO:0001505	ZFA:0000477
ZP:0021610	ZFA:0000402	PATO:0001905	ZFA:0009301
ZP:0018710	ZFA:0000691	PATO:0001646	ZFA:0005558
ZP:0018701	ZFA:0000303	PATO:0002002	ZFA:0009005
ZP:0021416	ZFA:0000143	PATO:0001905	ZFA:0009275
ZP:0001780	ZFA:0001239	PATO:0002001	ZFA:0000694
ZP:0013155	ZFA:0000108	PATO:0001905	ZFA:0001463
ZP:0013147	ZFA:0001576	PATO:0001905	ZFA:0005777
ZP:0022206	ZFA:0001094	PATO:0002001	ZFA:0000076
ZP:0021687	ZFA:0001056	PATO:0002001	ZFA:0009116
ZP:0013125	ZFA:0001400	PATO:0000040	ZFA:0001205
ZP:0008462	ZFA:0009158	PATO:0001453	ZFA:0001094
ZP:0013111	ZFA:0000001	PATO:0001905	ZFA:0009000
ZP:0022301	ZFA:0000944	PATO:0001905	ZFA:0000940
ZP:0011999	ZFA:0001066	PATO:0000642	ZFA:0001066
ZP:0011996	ZFA:0000519	PATO:0000642	ZFA:0000519
ZP:0011979	ZFA:0009115	PATO:0001654	ZFA:0009115
ZP:0011971	ZFA:0001094	PATO:0002000	ZFA:0000671
ZP:0006779	ZFA:0001630	PATO:0002002	ZFA:0009031
ZP:0022265	ZFA:0001276	PATO:0002000	ZFA:0005860
ZP:0011421	ZFA:0001338	PATO:0002000	ZFA:0005125
ZP:0011422	ZFA:0001338	PATO:0002000	ZFA:0009038
ZP:0018153	ZFA:0001320	PATO:0000374	ZFA:0001319
ZP:0011945	ZFA:0000007	PATO:0002269	ZFA:0000009
ZP:0011923	ZFA:0001460	PATO:0001654	ZFA:0001460
ZP:0011922	ZFA:0001400	PATO:0001654	ZFA:0001400
ZP:0011910	ZFA:0001317	PATO:0001999	ZFA:0009316
ZP:0011904	ZFA:0005145	PATO:0000374	ZFA:0009114
ZP:0011453	ZFA:0000948	PATO:0000375	ZFA:0000823
ZP:0016851	ZFA:0000008	PATO:0002002	ZFA:0009327
ZP:0016853	ZFA:0000008	PATO:0002001	ZFA:0009077
ZP:0018611	ZFA:0009256	PATO:0002269	ZFA:0000008
ZP:0007345	ZFA:0001094	PATO:0002001	ZFA:0001285
ZP:0018609	ZFA:0009309	PATO:0002269	ZFA:0000008
ZP:0016861	ZFA:0009327	PATO:0002259	ZFA:0009141
ZP:0007360	ZFA:0000119	PATO:0002001	ZFA:0009255
ZP:0012024	ZFA:0001094	PATO:0002000	ZFA:0001069
ZP:0018005	ZFA:0001094	PATO:0001905	ZFA:0009309
ZP:0018007	ZFA:0001115	PATO:0001905	ZFA:0009309
ZP:0013043	ZFA:0000152	PATO:0001905	ZFA:0009280
ZP:0008382	ZFA:0000094	PATO:0001999	ZFA:0009141
ZP:0013036	ZFA:0000075	PATO:0001905	ZFA:0009245
ZP:0013035	ZFA:0000075	PATO:0001905	ZFA:0009150
ZP:0008362	ZFA:0001554	PATO:0000642	ZFA:0001554
ZP:0013005	ZFA:0000152	PATO:0001905	ZFA:0009154
ZP:0008341	ZFA:0009256	PATO:0002269	ZFA:0000006
ZP:0008340	ZFA:0001058	PATO:0001999	ZFA:0009256
ZP:0018057	ZFA:0000163	PATO:0001999	ZFA:0009285
ZP:0018071	ZFA:0001464	PATO:0002001	ZFA:0009275
ZP:0008317	ZFA:0001273	PATO:0000642	ZFA:0001272
ZP:0008307	ZFA:0000110	PATO:0002270	ZFA:0001626
ZP:0008303	ZFA:0000217	PATO:0001999	ZFA:0001617
ZP:0018098	ZFA:0000008	PATO:0002002	ZFA:0009019
ZP:0018099	ZFA:0000008	PATO:0002002	ZFA:0009075
ZP:0011370	ZFA:0001094	PATO:0002001	ZFA:0009198
ZP:0011883	ZFA:0009116	PATO:0001453	ZFA:0000610
ZP:0011875	ZFA:0000152	PATO:0002001	ZFA:0009000
ZP:0011869	ZFA:0000035	PATO:0001453	ZFA:0000152
ZP:0011837	ZFA:0000477	PATO:0001999	ZFA:0005603
ZP:0011832	ZFA:0000075	PATO:0002001	ZFA:0009244
ZP:0011829	ZFA:0000008	PATO:0001999	ZFA:0001261
ZP:0011828	ZFA:0000471	PATO:0002002	ZFA:0009000
ZP:0011827	ZFA:0000009	PATO:0002002	ZFA:0009000
ZP:0011826	ZFA:0001176	PATO:0001505	ZFA:0000084
ZP:0011809	ZFA:0001162	PATO:0002001	ZFA:0009091
ZP:0011800	ZFA:0000944	PATO:0002000	ZFA:0009135
ZP:0021611	ZFA:0000402	PATO:0001999	ZFA:0009301
ZP:0018100	ZFA:0000008	PATO:0002001	ZFA:0009248
ZP:0018105	ZFA:0000295	PATO:0002001	ZFA:0009052
ZP:0018107	ZFA:0007067	PATO:0002001	ZFA:0009052
ZP:0018115	ZFA:0001094	PATO:0002002	ZFA:0001370
ZP:0018116	ZFA:0001390	PATO:0001999	ZFA:0009000
ZP:0008261	ZFA:0000007	PATO:0002270	ZFA:0005249
ZP:0008260	ZFA:0000007	PATO:0002270	ZFA:0001117
ZP:0018138	ZFA:0000818	PATO:0000375	ZFA:0007065
ZP:0018139	ZFA:0001094	PATO:0001999	ZFA:0000051
ZP:0008259	ZFA:0000007	PATO:0002270	ZFA:0000094
ZP:0008251	ZFA:0001094	PATO:0002000	ZFA:0000604
ZP:0008250	ZFA:0000173	PATO:0002000	ZFA:0009235
ZP:0011429	ZFA:0000075	PATO:0002001	ZFA:0009292
ZP:0018158	ZFA:0000007	PATO:0002269	ZFA:0000029
ZP:0008230	ZFA:0000056	PATO:0001999	ZFA:0001613
ZP:0018165	ZFA:0001114	PATO:0002000	ZFA:0000184
ZP:0018166	ZFA:0001114	PATO:0002000	ZFA:0000250
ZP:0018167	ZFA:0001114	PATO:0002000	ZFA:0001613
ZP:0018171	ZFA:0000008	PATO:0002001	ZFA:0009075
ZP:0018172	ZFA:0000008	PATO:0002002	ZFA:0009248
ZP:0008218	ZFA:0000471	PATO:0000133	ZFA:0000009
ZP:0018180	ZFA:0001094	PATO:0002001	ZFA:0000155
ZP:0018186	ZFA:0001094	PATO:0001999	ZFA:0000107
ZP:0008204	ZFA:0000598	PATO:0002001	ZFA:0009005
ZP:0018193	ZFA:0000008	PATO:0001905	ZFA:0009019
ZP:0018194	ZFA:0000008	PATO:0001905	ZFA:0009075
ZP:0018195	ZFA:0000008	PATO:0001905	ZFA:0009248
ZP:0011791	ZFA:0009004	PATO:0002280	ZFA:0009004
ZP:0011788	ZFA:0009003	PATO:0002280	ZFA:0009003
ZP:0011781	ZFA:0005134	PATO:0001999	ZFA:0001153
ZP:0012151	ZFA:0000032	PATO:0001999	ZFA:0009301
ZP:0011512	ZFA:0001108	PATO:0002001	ZFA:0009075
ZP:0012152	ZFA:0000101	PATO:0001999	ZFA:0009301
ZP:0011516	ZFA:0001114	PATO:0001999	ZFA:0001460
ZP:0011774	ZFA:0001558	PATO:0001961	ZFA:0001558
ZP:0011768	ZFA:0000150	PATO:0001961	ZFA:0000150
ZP:0011526	ZFA:0001580	PATO:0002001	ZFA:0001321
ZP:0011758	ZFA:0001094	PATO:0001999	ZFA:0001477
ZP:0011750	ZFA:0000094	PATO:0002001	ZFA:0009141
ZP:0022372	ZFA:0000059	PATO:0000642	ZFA:0001108
ZP:0012161	ZFA:0000029	PATO:0002000	ZFA:0009076
ZP:0011535	ZFA:0000711	PATO:0001453	ZFA:0000086
ZP:0011732	ZFA:0001114	PATO:0002000	ZFA:0001305
ZP:0011731	ZFA:0001114	PATO:0002000	ZFA:0001304
ZP:0011730	ZFA:0001114	PATO:0002000	ZFA:0001303
ZP:0011729	ZFA:0001114	PATO:0002000	ZFA:0001302
ZP:0011728	ZFA:0001114	PATO:0002000	ZFA:0001301
ZP:0011727	ZFA:0001114	PATO:0002000	ZFA:0001295
ZP:0011726	ZFA:0001114	PATO:0002000	ZFA:0001291
ZP:0011711	ZFA:0001114	PATO:0002083	ZFA:0000243
ZP:0011707	ZFA:0000152	PATO:0002001	ZFA:0009310
ZP:0018425	ZFA:0000144	PATO:0001453	ZFA:0000152
ZP:0000710	ZFA:0000007	PATO:0002269	ZFA:0001115
ZP:0018414	ZFA:0000114	PATO:0002000	ZFA:0005064
ZP:0021976	ZFA:0009141	PATO:0002269	ZFA:0000076
ZP:0021975	ZFA:0009141	PATO:0002269	ZFA:0000029
ZP:0021761	ZFA:0001094	PATO:0001905	ZFA:0000360
ZP:0001481	ZFA:0000011	PATO:0002271	ZFA:0009323
ZP:0012124	ZFA:0001162	PATO:0002001	ZFA:0009198
ZP:0008186	ZFA:0000360	PATO:0001792	ZFA:0000092
ZP:0021914	ZFA:0000471	PATO:0001505	ZFA:0000009
ZP:0008161	ZFA:0001117	PATO:0002001	ZFA:0000041
ZP:0018232	ZFA:0009044	PATO:0002269	ZFA:0000154
ZP:0008156	ZFA:0001135	PATO:0002002	ZFA:0000938
ZP:0011519	ZFA:0001612	PATO:0000642	ZFA:0001611
ZP:0008044	ZFA:0000035	PATO:0000374	ZFA:0000144
ZP:0008045	ZFA:0000035	PATO:0000374	ZFA:0009199
ZP:0008050	ZFA:0000144	PATO:0001852	ZFA:0000035
ZP:0011558	ZFA:0000014	PATO:0000375	ZFA:0000180
ZP:0023089	ZFA:0001399	PATO:0000642	ZFA:0000217
ZP:0023087	ZFA:0000672	PATO:0000642	ZFA:0000217
ZP:0011697	ZFA:0001162	PATO:0002001	ZFA:0009199
ZP:0011695	ZFA:0001115	PATO:0002001	ZFA:0001463
ZP:0011694	ZFA:0001115	PATO:0001999	ZFA:0001463
ZP:0011693	ZFA:0001058	PATO:0002001	ZFA:0009199
ZP:0011692	ZFA:0000107	PATO:0002001	ZFA:0009199
ZP:0011686	ZFA:0001094	PATO:0001999	ZFA:0001422
ZP:0011664	ZFA:0001338	PATO:0002001	ZFA:0009097
ZP:0011617	ZFA:0000094	PATO:0002001	ZFA:0009327
ZP:0011616	ZFA:0000445	PATO:0000374	ZFA:0000445
ZP:0011615	ZFA:0000112	PATO:0002001	ZFA:0005775
ZP:0006951	ZFA:0001400	PATO:0000642	ZFA:0001422
ZP:0006940	ZFA:0000075	PATO:0001999	ZFA:0009247
ZP:0006939	ZFA:0000075	PATO:0002001	ZFA:0009052
ZP:0010112	ZFA:0001094	PATO:0001999	ZFA:0005034
ZP:0010125	ZFA:0000107	PATO:0000642	ZFA:0000008
ZP:0009575	ZFA:0001260	PATO:0001999	ZFA:0009103
ZP:0005486	ZFA:0000029	PATO:0002001	ZFA:0009248
ZP:0008089	ZFA:0001576	PATO:0002001	ZFA:0009214
ZP:0008085	ZFA:0000539	PATO:0002001	ZFA:0009214
ZP:0008083	ZFA:0000109	PATO:0002001	ZFA:0009301
ZP:0008081	ZFA:0000029	PATO:0002001	ZFA:0009361
ZP:0008080	ZFA:0000029	PATO:0002000	ZFA:0000110
ZP:0006947	ZFA:0000692	PATO:0001961	ZFA:0001205
ZP:0021813	ZFA:0000211	PATO:0000642	ZFA:0000211
ZP:0008079	ZFA:0000013	PATO:0002001	ZFA:0009053
ZP:0001329	ZFA:0000060	PATO:0000374	ZFA:0000135
ZP:0001309	ZFA:0009256	PATO:0002270	ZFA:0000094
ZP:0008026	ZFA:0000107	PATO:0002000	ZFA:0000143
ZP:0008014	ZFA:0000208	PATO:0001999	ZFA:0009000
ZP:0011586	ZFA:0001057	PATO:0001999	ZFA:0009065
ZP:0011570	ZFA:0000075	PATO:0002000	ZFA:0009244
ZP:0008116	ZFA:0000610	PATO:0001052	ZFA:0000610
ZP:0022400	ZFA:0001094	PATO:0001905	ZFA:0001184
ZP:0011569	ZFA:0000075	PATO:0001999	ZFA:0009076
ZP:0006877	ZFA:0000094	PATO:0002001	ZFA:0009324
ZP:0011511	ZFA:0000059	PATO:0002001	ZFA:0009075
ZP:0000804	ZFA:0001114	PATO:0002001	ZFA:0009249
ZP:0011504	ZFA:0005000	PATO:0001453	ZFA:0005017
ZP:0006831	ZFA:0009309	PATO:0001470	ZFA:0009256
ZP:0023031	GO:0001964	PATO:0001552	GO:0001964
ZP:0012203	ZFA:0005784	PATO:0001654	ZFA:0005784
ZP:0023005	ZFA:0005007	PATO:0002002	ZFA:0009036
ZP:0023006	ZFA:0005008	PATO:0002002	ZFA:0009036
ZP:0011634	ZFA:0001207	PATO:0000375	ZFA:0000072
ZP:0000853	ZFA:0000030	PATO:0002001	ZFA:0009366
ZP:0001274	ZFA:0000143	PATO:0001999	ZFA:0009127
ZP:0001259	ZFA:0001617	PATO:0000375	ZFA:0001617
ZP:0001247	ZFA:0000217	PATO:0002000	ZFA:0001617
ZP:0012253	ZFA:0001058	PATO:0002001	ZFA:0001463
ZP:0023044	ZFA:0005285	PATO:0002001	ZFA:0009285
ZP:0023046	ZFA:0009285	PATO:0001453	ZFA:0001557
ZP:0023013	ZFA:0005061	PATO:0000374	ZFA:0001615
ZP:0011480	ZFA:0001259	PATO:0002002	ZFA:0009075
ZP:0011478	ZFA:0001135	PATO:0002002	ZFA:0009292
ZP:0011468	ZFA:0001612	PATO:0002001	ZFA:0009084
ZP:0011467	ZFA:0001058	PATO:0001999	ZFA:0000200
ZP:0008228	ZFA:0009116	PATO:0001654	ZFA:0009116
ZP:0008249	ZFA:0000009	PATO:0002001	ZFA:0001615
ZP:0001521	ZFA:0009115	PATO:0001453	ZFA:0001089
ZP:0001526	ZFA:0009116	PATO:0001453	ZFA:0001089
ZP:0001527	ZFA:0009117	PATO:0001453	ZFA:0001089
ZP:0023090	ZFA:0001399	PATO:0000642	ZFA:0001321
ZP:0021677	ZFA:0009324	PATO:0002269	ZFA:0000180
ZP:0001190	ZFA:0009117	PATO:0000651	ZFA:0009117
ZP:0016990	ZFA:0000009	PATO:0002002	ZFA:0005061
ZP:0021637	ZFA:0001058	PATO:0002269	ZFA:0000007
ZP:0001165	ZFA:0000152	PATO:0002000	ZFA:0009077
ZP:0001162	ZFA:0000075	PATO:0001645	ZFA:0000938
ZP:0001161	ZFA:0000008	PATO:0002000	ZFA:0009077
ZP:0001146	ZFA:0001117	PATO:0002001	ZFA:0000155
ZP:0000858	ZFA:0007000	PATO:0002001	ZFA:0009366
ZP:0001138	ZFA:0000458	PATO:0001961	ZFA:0000653
ZP:0001134	ZFA:0000101	PATO:0002000	ZFA:0005757
ZP:0016920	ZFA:0001094	PATO:0002000	ZFA:0009247
ZP:0001114	ZFA:0000032	PATO:0002001	ZFA:0009301
ZP:0001113	ZFA:0000032	PATO:0002001	ZFA:0009186
ZP:0016906	ZFA:0000155	PATO:0002000	ZFA:0009116
ZP:0016904	ZFA:0000155	PATO:0001999	ZFA:0009116
ZP:0018579	ZFA:0000944	PATO:0002002	ZFA:0000940
ZP:0011399	ZFA:0005035	PATO:0002002	ZFA:0005604
ZP:0011380	ZFA:0001162	PATO:0002001	ZFA:0001463
ZP:0011373	ZFA:0001115	PATO:0002000	ZFA:0009198
ZP:0011371	ZFA:0001114	PATO:0002001	ZFA:0009198
ZP:0023009	ZFA:0005004	PATO:0002002	ZFA:0009036
ZP:0011369	ZFA:0001094	PATO:0002000	ZFA:0009198
ZP:0011368	ZFA:0001094	PATO:0002001	ZFA:0009091
ZP:0011364	ZFA:0000079	PATO:0001999	ZFA:0009301
ZP:0001600	ZFA:0000050	PATO:0002002	ZFA:0009080
ZP:0006691	ZFA:0001390	PATO:0002001	ZFA:0009104
ZP:0006690	ZFA:0001390	PATO:0001999	ZFA:0009104
ZP:0006687	ZFA:0000254	PATO:0002001	ZFA:0009096
ZP:0006685	ZFA:0001285	PATO:0001505	ZFA:0005295
ZP:0006682	ZFA:0000470	PATO:0001999	ZFA:0009301
ZP:0006681	ZFA:0000458	PATO:0002001	ZFA:0009301
ZP:0008348	ZFA:0000108	PATO:0002001	ZFA:0001554
ZP:0006676	ZFA:0000152	PATO:0001999	ZFA:0009301
ZP:0013002	ZFA:0001117	PATO:0001905	ZFA:0001069
ZP:0008366	GO:0001889	PATO:0001570	GO:0008283
ZP:0008367	GO:0048794	PATO:0001570	GO:0008283
ZP:0001649	ZFA:0001094	PATO:0002000	ZFA:0000106
ZP:0008379	ZFA:0000084	PATO:0001999	ZFA:0009048
ZP:0001657	ZFA:0000948	PATO:0000642	ZFA:0000823
ZP:0011303	ZFA:0000075	PATO:0002001	ZFA:0000778
ZP:0011300	ZFA:0001094	PATO:0002000	ZFA:0000050
ZP:0008380	ZFA:0000084	PATO:0001999	ZFA:0009141
ZP:0008381	ZFA:0000094	PATO:0001999	ZFA:0009048
ZP:0006638	ZFA:0000007	PATO:0002269	ZFA:0005024
ZP:0006637	ZFA:0000007	PATO:0002269	ZFA:0001267
ZP:0008399	ZFA:0001405	PATO:0002001	ZFA:0009084
ZP:0001695	ZFA:0000051	PATO:0000375	ZFA:0000072
ZP:0021582	ZFA:0000368	PATO:0001162	ZFA:0005323
ZP:0019039	ZFA:0000084	PATO:0002168	ZFA:0001176
ZP:0012315	ZFA:0000094	PATO:0002002	ZFA:0009327
ZP:0001099	ZFA:0001372	PATO:0002001	ZFA:0009000
ZP:0001094	ZFA:0001260	PATO:0002000	ZFA:0005756
ZP:0021537	ZFA:0009094	PATO:0002168	ZFA:0001076
ZP:0021536	ZFA:0009094	PATO:0002168	ZFA:0000706
ZP:0021527	ZFA:0009140	PATO:0002269	ZFA:0000008
ZP:0016832	ZFA:0009395	PATO:0002269	ZFA:0000671
ZP:0016829	ZFA:0000477	PATO:0002002	ZFA:0009065
ZP:0016823	ZFA:0000050	PATO:0002002	ZFA:0009366
ZP:0001014	ZFA:0001094	PATO:0002000	ZFA:0001303
ZP:0001013	ZFA:0001094	PATO:0002000	ZFA:0001302
ZP:0001012	ZFA:0001094	PATO:0002000	ZFA:0001301
ZP:0001011	ZFA:0001094	PATO:0002000	ZFA:0001291
ZP:0016811	ZFA:0001464	PATO:0002001	ZFA:0009224
ZP:0018656	GO:0001966	PATO:0001570	GO:0090076
ZP:0001006	ZFA:0000700	PATO:0001999	ZFA:0009366
ZP:0001003	ZFA:0001617	PATO:0000642	ZFA:0001617
ZP:0001002	ZFA:0001617	PATO:0002261	ZFA:0000428
ZP:0016809	ZFA:0001359	PATO:0002001	ZFA:0009127
ZP:0016801	ZFA:0001260	PATO:0002002	ZFA:0009102
ZP:0018697	ZFA:0000303	PATO:0002002	ZFA:0009006
ZP:0018699	ZFA:0000303	PATO:0002002	ZFA:0009007
ZP:0011288	ZFA:0009306	PATO:0002168	ZFA:0000110
ZP:0011277	ZFA:0009000	PATO:0001453	ZFA:0001135
ZP:0011270	ZFA:0000032	PATO:0002001	ZFA:0009213
ZP:0011259	ZFA:0000007	PATO:0002269	ZFA:0001117
ZP:0006595	ZFA:0009177	PATO:0001531	ZFA:0009177
ZP:0008487	ZFA:0001613	PATO:0001999	ZFA:0005622
ZP:0008489	ZFA:0001682	PATO:0002270	ZFA:0009075
ZP:0006537	ZFA:0009183	PATO:0001505	ZFA:0009183
ZP:0006533	ZFA:0000105	PATO:0001505	ZFA:0005145
ZP:0001789	ZFA:0009264	PATO:0001531	ZFA:0009264
ZP:0021495	ZFA:0009392	PATO:0002269	ZFA:0000123
ZP:0021427	ZFA:0000107	PATO:0001905	ZFA:0009199
ZP:0016757	ZFA:0005024	PATO:0002002	ZFA:0005314
ZP:0016756	ZFA:0001267	PATO:0002002	ZFA:0005314
ZP:0016754	ZFA:0000007	PATO:0002269	ZFA:0001184
ZP:0016753	ZFA:0000007	PATO:0002269	ZFA:0001161
ZP:0016752	ZFA:0000007	PATO:0002269	ZFA:0001058
ZP:0016751	ZFA:0000007	PATO:0002269	ZFA:0005297
ZP:0021408	ZFA:0009327	PATO:0002269	ZFA:0000036
ZP:0016743	ZFA:0001161	PATO:0002327	ZFA:0001115
ZP:0016729	ZFA:0000009	PATO:0002000	ZFA:0005062
ZP:0016709	ZFA:0001078	PATO:0001905	ZFA:0009250
ZP:0016708	ZFA:0000114	PATO:0000642	ZFA:0000114
ZP:0016700	ZFA:0000140	PATO:0001905	ZFA:0009104
ZP:0011187	ZFA:0000530	PATO:0002259	ZFA:0000676
ZP:0011183	ZFA:0007067	PATO:0001999	ZFA:0007067
ZP:0008537	ZFA:0009000	PATO:0001453	ZFA:0001117
ZP:0008568	ZFA:0001285	PATO:0002001	ZFA:0009000
ZP:0001843	ZFA:0001158	PATO:0002001	ZFA:0001072
ZP:0006411	ZFA:0001365	PATO:0000642	ZFA:0001365
ZP:0016699	ZFA:0000140	PATO:0001905	ZFA:0005743
ZP:0016677	ZFA:0000140	PATO:0002001	ZFA:0009102
ZP:0008312	ZFA:0000152	PATO:0000642	ZFA:0000435
ZP:0016651	ZFA:0000135	PATO:0002002	ZFA:0001643
ZP:0016603	ZFA:0000470	PATO:0001999	ZFA:0009186
ZP:0016602	ZFA:0000470	PATO:0001905	ZFA:0009186
ZP:0011095	ZFA:0000713	PATO:0000642	ZFA:0000713
ZP:0011085	ZFA:0001198	PATO:0002470	ZFA:0000035
ZP:0011081	ZFA:0001058	PATO:0002000	ZFA:0009244
ZP:0011077	ZFA:0000155	PATO:0002000	ZFA:0000671
ZP:0011061	ZFA:0000110	PATO:0001505	ZFA:0000110
ZP:0001900	ZFA:0000368	PATO:0002000	ZFA:0009090
ZP:0001912	ZFA:0001094	PATO:0002000	ZFA:0009249
ZP:0011048	ZFA:0009138	PATO:0002269	ZFA:0000038
ZP:0011047	ZFA:0009044	PATO:0002270	ZFA:0001115
ZP:0006360	ZFA:0000008	PATO:0002001	ZFA:0009000
ZP:0008667	ZFA:0000186	PATO:0002270	ZFA:0009044
ZP:0001947	ZFA:0000095	PATO:0002001	ZFA:0001516
ZP:0001964	ZFA:0001205	PATO:0000642	ZFA:0001205
ZP:0008697	ZFA:0009256	PATO:0002270	ZFA:0000011
ZP:0013351	ZFA:0001390	PATO:0001905	ZFA:0009102
ZP:0006305	ZFA:0009399	PATO:0001453	ZFA:0005124
ZP:0013364	ZFA:0009116	PATO:0001435	ZFA:0001089
ZP:0021280	ZFA:0009327	PATO:0002270	ZFA:0000076
ZP:0021279	ZFA:0009327	PATO:0002269	ZFA:0000076
ZP:0016590	GO:0007049	PATO:0001558	GO:0006260
ZP:0016588	GO:0007049	PATO:0001558	GO:0000910
ZP:0016577	ZFA:0001679	PATO:0001646	ZFA:0001678
ZP:0016572	ZFA:0000168	PATO:0002001	ZFA:0009121
ZP:0016566	GO:0007049	PATO:0001558	GO:0007067
ZP:0016556	ZFA:0000944	PATO:0002002	ZFA:0001725
ZP:0016554	ZFA:0000075	PATO:0002002	ZFA:0009169
ZP:0016538	ZFA:0000075	PATO:0001999	ZFA:0009149
ZP:0016525	ZFA:0000173	PATO:0001999	ZFA:0009235
ZP:0014423	ZFA:0005346	PATO:0002002	ZFA:0009096
ZP:0018604	ZFA:0000029	PATO:0001999	ZFA:0009149
ZP:0019074	ZFA:0005754	PATO:0002001	ZFA:0009102
ZP:0006289	ZFA:0009094	PATO:0001453	ZFA:0005124
ZP:0006269	ZFA:0000152	PATO:0002000	ZFA:0001466
ZP:0006263	ZFA:0000143	PATO:0002000	ZFA:0009275
ZP:0006262	ZFA:0000143	PATO:0002000	ZFA:0009262
ZP:0013404	ZFA:0001285	PATO:0001905	ZFA:0009065
ZP:0013415	ZFA:0000029	PATO:0001905	ZFA:0009076
ZP:0013425	ZFA:0001282	PATO:0001905	ZFA:0009155
ZP:0006203	ZFA:0001094	PATO:0001999	ZFA:0001613
ZP:0006202	ZFA:0001094	PATO:0001999	ZFA:0001501
ZP:0021164	ZFA:0001374	PATO:0001505	ZFA:0005061
ZP:0016499	ZFA:0001115	PATO:0002002	ZFA:0009091
ZP:0016498	ZFA:0000944	PATO:0002002	ZFA:0009091
ZP:0016497	ZFA:0000944	PATO:0001505	ZFA:0009091
ZP:0016496	ZFA:0000200	PATO:0001999	ZFA:0009147
ZP:0016493	ZFA:0001114	PATO:0002001	ZFA:0009091
ZP:0012530	ZFA:0001094	PATO:0002000	ZFA:0000135
ZP:0016465	ZFA:0009111	PATO:0001453	ZFA:0000123
ZP:0021108	ZFA:0000109	PATO:0002000	ZFA:0000059
ZP:0016442	ZFA:0009241	PATO:0002261	ZFA:0001329
ZP:0016441	ZFA:0000144	PATO:0001453	ZFA:0009241
ZP:0001705	ZFA:0001114	PATO:0001654	ZFA:0001115
ZP:0016420	ZFA:0000368	PATO:0002002	ZFA:0009000
ZP:0006194	ZFA:0001115	PATO:0002083	ZFA:0001285
ZP:0006167	ZFA:0000084	PATO:0001646	ZFA:0001094
ZP:0006149	ZFA:0000329	PATO:0002269	ZFA:0009158
ZP:0006124	ZFA:0000084	PATO:0002269	ZFA:0000007
ZP:0006114	ZFA:0005169	PATO:0001505	ZFA:0005169
ZP:0021097	ZFA:0000109	PATO:0002000	ZFA:0001657
ZP:0016396	ZFA:0009082	PATO:0002261	ZFA:0001613
ZP:0016395	ZFA:0009082	PATO:0002261	ZFA:0001559
ZP:0016394	ZFA:0009082	PATO:0002261	ZFA:0000473
ZP:0016369	ZFA:0000101	PATO:0001905	ZFA:0009301
ZP:0022811	ZFA:0001104	PATO:0000374	ZFA:0001379
ZP:0004944	ZFA:0001094	PATO:0002000	ZFA:0000001
ZP:0016319	ZFA:0001580	PATO:0002000	ZFA:0001507
ZP:0016318	ZFA:0001580	PATO:0002000	ZFA:0001405
ZP:0004906	ZFA:0005003	PATO:0001505	ZFA:0001081
ZP:0004903	ZFA:0001316	PATO:0002002	ZFA:0009053
ZP:0004902	ZFA:0001285	PATO:0002002	ZFA:0005314
ZP:0004900	ZFA:0001202	PATO:0002001	ZFA:0009292
ZP:0008944	ZFA:0005242	PATO:0002269	ZFA:0000150
ZP:0006067	ZFA:0001073	PATO:0002002	ZFA:0001285
ZP:0006051	ZFA:0001094	PATO:0002000	ZFA:0000007
ZP:0006048	ZFA:0000114	PATO:0002001	ZFA:0009316
ZP:0006047	ZFA:0000009	PATO:0002001	ZFA:0009316
ZP:0013645	ZFA:0000669	PATO:0001905	ZFA:0009349
ZP:0019343	ZFA:0001607	PATO:0002001	ZFA:0001194
ZP:0016295	ZFA:0001460	PATO:0001668	ZFA:0001460
ZP:0012622	ZFA:0005023	PATO:0002001	ZFA:0009323
ZP:0004898	ZFA:0001177	PATO:0001505	ZFA:0001177
ZP:0004893	ZFA:0001156	PATO:0002002	ZFA:0009053
ZP:0004892	ZFA:0001117	PATO:0002000	ZFA:0009090
ZP:0016269	ZFA:0005224	PATO:0002001	ZFA:0009199
ZP:0016257	ZFA:0001094	PATO:0001905	ZFA:0009198
ZP:0016239	ZFA:0009135	PATO:0002261	ZFA:0000075
ZP:0003481	ZFA:0001094	PATO:0001999	ZFA:0001306
ZP:0003490	ZFA:0001058	PATO:0002002	ZFA:0009199
ZP:0008566	ZFA:0000011	PATO:0002270	ZFA:0009323
ZP:0019114	ZFA:0001262	PATO:0002000	ZFA:0009016
ZP:0018654	GO:0001966	PATO:0001558	GO:0014724
ZP:0016196	ZFA:0000029	PATO:0002001	ZFA:0001681
ZP:0004788	ZFA:0001464	PATO:0002001	ZFA:0009127
ZP:0004780	ZFA:0000046	PATO:0001999	ZFA:0001330
ZP:0004774	ZFA:0001078	PATO:0001999	ZFA:0009250
ZP:0016158	ZFA:0001094	PATO:0002000	ZFA:0009199
ZP:0016157	ZFA:0001094	PATO:0002000	ZFA:0001273
ZP:0016127	ZFA:0001061	PATO:0001905	ZFA:0009036
ZP:0004735	ZFA:0000368	PATO:0001453	ZFA:0001094
ZP:0016119	ZFA:0000317	PATO:0002001	ZFA:0001066
ZP:0022956	ZFA:0001056	PATO:0001905	ZFA:0009117
ZP:0022959	ZFA:0001557	PATO:0000642	ZFA:0001557
ZP:0014999	ZFA:0000476	PATO:0000642	ZFA:0000476
ZP:0004334	ZFA:0000007	PATO:0002269	ZFA:0000114
ZP:0022997	ZFA:0009316	PATO:0002483	ZFA:0000114
ZP:0014919	ZFA:0000386	PATO:0002001	ZFA:0009366
ZP:0014915	ZFA:0000243	PATO:0001999	ZFA:0009367
ZP:0014912	ZFA:0001472	PATO:0002002	ZFA:0009367
ZP:0004382	ZFA:0000243	PATO:0002001	ZFA:0009366
ZP:0004699	ZFA:0001173	PATO:0002001	ZFA:0001554
ZP:0004698	ZFA:0001162	PATO:0002001	ZFA:0001554
ZP:0004697	ZFA:0001161	PATO:0002001	ZFA:0001554
ZP:0004693	ZFA:0001058	PATO:0002001	ZFA:0001554
ZP:0004660	ZFA:0001094	PATO:0002000	ZFA:0005034
ZP:0003643	ZFA:0000477	PATO:0001999	ZFA:0009036
ZP:0004647	ZFA:0001094	PATO:0002000	ZFA:0000556
ZP:0015025	ZFA:0000140	PATO:0000133	ZFA:0000140
ZP:0015063	ZFA:0001285	PATO:0002002	ZFA:0009036
ZP:0015064	ZFA:0000360	PATO:0001905	ZFA:0001320
ZP:0015065	ZFA:0000114	PATO:0001905	ZFA:0009316
ZP:0015069	ZFA:0000009	PATO:0002002	ZFA:0009316
ZP:0015071	ZFA:0000471	PATO:0002002	ZFA:0009316
ZP:0015080	ZFA:0000243	PATO:0000375	ZFA:0000243
ZP:0014859	ZFA:0001094	PATO:0002000	ZFA:0000017
ZP:0014842	ZFA:0000152	PATO:0001645	ZFA:0000008
ZP:0014816	ZFA:0000217	PATO:0002002	ZFA:0001617
ZP:0009943	ZFA:0001511	PATO:0000642	ZFA:0001400
ZP:0003713	ZFA:0001604	PATO:0000642	ZFA:0001605
ZP:0004585	ZFA:0005223	PATO:0002001	ZFA:0009091
ZP:0004579	ZFA:0000155	PATO:0002001	ZFA:0009117
ZP:0004578	ZFA:0000155	PATO:0002001	ZFA:0001086
ZP:0004568	ZFA:0000033	PATO:0002270	ZFA:0000007
ZP:0004567	ZFA:0000007	PATO:0001999	ZFA:0009256
ZP:0015125	ZFA:0000075	PATO:0002001	ZFA:0005233
ZP:0004537	ZFA:0000559	PATO:0002002	ZFA:0001617
ZP:0004536	ZFA:0000559	PATO:0001999	ZFA:0001617
ZP:0022111	ZFA:0000046	PATO:0002002	ZFA:0000098
ZP:0022112	ZFA:0000119	PATO:0002002	ZFA:0000098
ZP:0014793	ZFA:0000075	PATO:0001905	ZFA:0009247
ZP:0014790	ZFA:0000477	PATO:0002002	ZFA:0009141
ZP:0018940	ZFA:0001094	PATO:0002001	ZFA:0009165
ZP:0014786	ZFA:0000152	PATO:0002001	ZFA:0009280
ZP:0014770	ZFA:0000862	PATO:0002002	ZFA:0005494
ZP:0014759	ZFA:0000152	PATO:0002001	ZFA:0009275
ZP:0014758	ZFA:0000152	PATO:0001646	ZFA:0000008
ZP:0014746	ZFA:0005145	PATO:0001453	ZFA:0005647
ZP:0004495	ZFA:0000477	PATO:0002270	ZFA:0000007
ZP:0004493	ZFA:0000014	PATO:0002270	ZFA:0000007
ZP:0003813	ZFA:0000051	PATO:0002002	ZFA:0001617
ZP:0004472	ZFA:0001286	PATO:0002270	ZFA:0000007
ZP:0004441	ZFA:0000471	PATO:0001667	ZFA:0000173
ZP:0004439	ZFA:0000217	PATO:0002001	ZFA:0001617
ZP:0015246	ZFA:0000050	PATO:0000642	ZFA:0000050
ZP:0015253	ZFA:0001306	PATO:0002000	ZFA:0001128
ZP:0014671	ZFA:0005128	PATO:0002002	ZFA:0009094
ZP:0014670	ZFA:0005127	PATO:0002002	ZFA:0009094
ZP:0014669	ZFA:0005126	PATO:0002002	ZFA:0009094
ZP:0014664	ZFA:0001282	PATO:0001999	ZFA:0009218
ZP:0014635	ZFA:0000152	PATO:0002002	ZFA:0009077
ZP:0005070	ZFA:0000109	PATO:0002001	ZFA:0009248
ZP:0009944	ZFA:0001511	PATO:0000642	ZFA:0001422
ZP:0005089	ZFA:0000009	PATO:0000133	ZFA:0000471
ZP:0009933	ZFA:0001115	PATO:0001999	ZFA:0000243
ZP:0009929	ZFA:0000944	PATO:0001999	ZFA:0000243
ZP:0004399	ZFA:0000086	PATO:0001453	ZFA:0000309
ZP:0003914	ZFA:0001173	PATO:0002002	ZFA:0001554
ZP:0003974	ZFA:0001114	PATO:0002000	ZFA:0001422
ZP:0003975	ZFA:0001114	PATO:0002000	ZFA:0001423
ZP:0003976	ZFA:0001114	PATO:0002000	ZFA:0001651
ZP:0003977	ZFA:0001114	PATO:0002000	ZFA:0007008
ZP:0003981	ZFA:0001114	PATO:0002000	ZFA:0007052
ZP:0003983	ZFA:0001161	PATO:0002000	ZFA:0001537
ZP:0014572	ZFA:0000204	PATO:0001905	ZFA:0009115
ZP:0014571	ZFA:0009116	PATO:0002047	ZFA:0000155
ZP:0014562	ZFA:0001580	PATO:0001905	ZFA:0001321
ZP:0014544	ZFA:0005033	PATO:0001435	ZFA:0001285
ZP:0014529	ZFA:0000075	PATO:0001905	ZFA:0009248
ZP:0009849	ZFA:0000075	PATO:0002002	ZFA:0009076
ZP:0014501	ZFA:0005164	PATO:0001505	ZFA:0005164
ZP:0014500	ZFA:0000123	PATO:0002001	ZFA:0005164
ZP:0009827	ZFA:0000019	PATO:0002001	ZFA:0009127
ZP:0009822	ZFA:0001520	PATO:0000133	ZFA:0001520
ZP:0009820	ZFA:0001517	PATO:0000133	ZFA:0001517
ZP:0009818	ZFA:0001400	PATO:0001590	ZFA:0001400
ZP:0010628	ZFA:0001094	PATO:0001999	ZFA:0009249
ZP:0004230	ZFA:0001400	PATO:0001052	ZFA:0001400
ZP:0004214	ZFA:0001285	PATO:0002002	ZFA:0005559
ZP:0004201	ZFA:0000155	PATO:0001052	ZFA:0000155
ZP:0020142	ZFA:0001114	PATO:0001999	ZFA:0000328
ZP:0020144	ZFA:0001609	PATO:0002001	ZFA:0001194
ZP:0020151	ZFA:0001606	PATO:0002001	ZFA:0001194
ZP:0014477	ZFA:0000101	PATO:0002002	ZFA:0009301
ZP:0014474	ZFA:0001117	PATO:0002000	ZFA:0000135
ZP:0009793	ZFA:0000360	PATO:0000642	ZFA:0000360
ZP:0014422	ZFA:0001372	PATO:0002002	ZFA:0009096
ZP:0009736	ZFA:0001078	PATO:0002001	ZFA:0009250
ZP:0009735	ZFA:0001078	PATO:0002000	ZFA:0009250
ZP:0009727	ZFA:0000250	PATO:0000642	ZFA:0000476
ZP:0014110	ZFA:0000470	PATO:0001905	ZFA:0009301
ZP:0004183	ZFA:0009256	PATO:0002270	ZFA:0000033
ZP:0019985	ZFA:0001094	PATO:0002002	ZFA:0001135
ZP:0019969	ZFA:0009199	PATO:0002168	ZFA:0001115
ZP:0019967	ZFA:0009199	PATO:0002168	ZFA:0001283
ZP:0019966	ZFA:0009199	PATO:0002168	ZFA:0000200
ZP:0004150	ZFA:0000107	PATO:0000374	ZFA:0000107
ZP:0019959	ZFA:0000075	PATO:0002001	ZFA:0009248
ZP:0019954	ZFA:0000008	PATO:0002001	ZFA:0009301
ZP:0004142	ZFA:0001673	PATO:0001667	ZFA:0000014
ZP:0015547	ZFA:0000075	PATO:0001905	ZFA:0005177
ZP:0015557	ZFA:0000032	PATO:0002001	ZFA:0009276
ZP:0019906	ZFA:0000140	PATO:0002002	ZFA:0009102
ZP:0014398	ZFA:0001673	PATO:0000642	ZFA:0001673
ZP:0002972	ZFA:0009114	PATO:0001453	ZFA:0009114
ZP:0002971	ZFA:0009114	PATO:0001453	ZFA:0000610
ZP:0005355	ZFA:0001559	PATO:0002001	ZFA:0001189
ZP:0005358	ZFA:0000152	PATO:0002000	ZFA:0009255
ZP:0005359	ZFA:0000152	PATO:0002001	ZFA:0009255
ZP:0017538	ZFA:0000505	PATO:0002002	ZFA:0009248
ZP:0005385	ZFA:0001261	PATO:0002270	ZFA:0001626
ZP:0005397	ZFA:0000217	PATO:0002002	ZFA:0000168
ZP:0009627	ZFA:0000008	PATO:0002000	ZFA:0000445
ZP:0009626	ZFA:0000008	PATO:0002000	ZFA:0000042
ZP:0004082	ZFA:0000029	PATO:0002001	ZFA:0005731
ZP:0019882	ZFA:0009366	PATO:0002002	ZFA:0000243
ZP:0019881	ZFA:0001469	PATO:0002001	ZFA:0000243
ZP:0019876	ZFA:0001205	PATO:0000040	ZFA:0001405
ZP:0004064	ZFA:0001319	PATO:0000375	ZFA:0001320
ZP:0019858	ZFA:0000598	PATO:0002000	ZFA:0009016
ZP:0019857	ZFA:0001094	PATO:0002000	ZFA:0009288
ZP:0004038	ZFA:0001094	PATO:0001999	ZFA:0000416
ZP:0004026	ZFA:0000471	PATO:0001505	ZFA:0000154
ZP:0004020	ZFA:0001284	PATO:0000651	ZFA:0001284
ZP:0004013	ZFA:0009369	PATO:0000651	ZFA:0009369
ZP:0014288	ZFA:0001117	PATO:0002001	ZFA:0009141
ZP:0017583	ZFA:0000142	PATO:0001999	ZFA:0009135
ZP:0009578	ZFA:0001370	PATO:0001999	ZFA:0009105
ZP:0009577	ZFA:0001370	PATO:0001999	ZFA:0009101
ZP:0009576	ZFA:0001260	PATO:0001999	ZFA:0009105
ZP:0009571	ZFA:0000114	PATO:0002000	ZFA:0001317
ZP:0009568	ZFA:0005731	PATO:0002261	ZFA:0001032
ZP:0009539	ZFA:0000007	PATO:0002269	ZFA:0000154
ZP:0009538	ZFA:0001338	PATO:0002000	ZFA:0009094
ZP:0009500	ZFA:0000715	PATO:0001999	ZFA:0009115
ZP:0019756	ZFA:0001422	PATO:0000642	ZFA:0001511
ZP:0019754	ZFA:0001400	PATO:0000642	ZFA:0001511
ZP:0019733	ZFA:0000011	PATO:0000375	ZFA:0000180
ZP:0100042	ZFA:0005028	PATO:0002001	ZFA:0009354
ZP:0100043	ZFA:0005028	PATO:0002002	ZFA:0009354
ZP:0100049	ZFA:0005581	PATO:0001905	ZFA:0009155
ZP:0100050	ZFA:0005581	PATO:0001555	ZFA:0009218
ZP:0100051	ZFA:0005581	PATO:0001905	ZFA:0009218
ZP:0100052	ZFA:0005581	PATO:0002002	ZFA:0009218
ZP:0100096	ZFA:0000045	PATO:0001505	ZFA:0000014
ZP:0100141	ZFA:0009116	PATO:0001453	ZFA:0009116
ZP:0100200	ZFA:0009115	PATO:0001453	ZFA:0009115
ZP:0100235	ZFA:0000009	PATO:0001905	ZFA:0009316
ZP:0100275	ZFA:0009256	PATO:0002269	ZFA:0005097
ZP:0100360	ZFA:0000030	PATO:0001905	ZFA:0000678
ZP:0100361	ZFA:0000700	PATO:0002000	ZFA:0000530
ZP:0100364	ZFA:0000374	PATO:0001905	ZFA:0000315
ZP:0100365	ZFA:0000428	PATO:0001905	ZFA:0000676
ZP:0100368	ZFA:0000700	PATO:0002001	ZFA:0000530
ZP:0100371	ZFA:0000007	PATO:0002269	ZFA:0001613
ZP:0100383	ZFA:0001094	PATO:0001999	ZFA:0001078
ZP:0100387	ZFA:0000075	PATO:0001905	ZFA:0009244
ZP:0100420	ZFA:0001249	PATO:0002000	ZFA:0005748
ZP:0100430	ZFA:0000243	PATO:0001905	ZFA:0009367
ZP:0100435	ZFA:0001320	PATO:0000651	ZFA:0001320
ZP:0100442	ZFA:0005028	PATO:0001999	ZFA:0009014
ZP:0100443	ZFA:0005028	PATO:0001999	ZFA:0009354
ZP:0100490	ZFA:0001319	PATO:0000651	ZFA:0001319
ZP:0100496	GO:0001964	PATO:0001457	GO:0007605
ZP:0100652	ZFA:0000075	PATO:0001555	ZFA:0009244
ZP:0100656	ZFA:0001205	PATO:0000642	ZFA:0001501
ZP:0100657	ZFA:0001400	PATO:0000642	ZFA:0001501
ZP:0100668	ZFA:0009354	PATO:0002270	ZFA:0005028
ZP:0100766	ZFA:0009323	PATO:0002270	ZFA:0000014
ZP:0100840	ZFA:0000032	PATO:0001905	ZFA:0009301
ZP:0100842	ZFA:0000458	PATO:0001999	ZFA:0009301
ZP:0100843	ZFA:0000633	PATO:0001999	ZFA:0009301
ZP:0100846	ZFA:0009256	PATO:0002269	ZFA:0000180
ZP:0100847	ZFA:0009256	PATO:0002270	ZFA:0000180
ZP:0100848	GO:0007601	PATO:0001552	GO:0009416
ZP:0100849	ZFA:0000119	PATO:0002001	ZFA:0009301
ZP:0100963	ZFA:0000123	PATO:0001905	ZFA:0009279
ZP:0100968	ZFA:0009309	PATO:0002269	ZFA:0001620
ZP:0101062	ZFA:0000123	PATO:0002002	ZFA:0009279
ZP:0101101	ZFA:0000042	PATO:0002326	ZFA:0000042
ZP:0101102	ZFA:0000042	PATO:0002327	ZFA:0000042
ZP:0101103	ZFA:0000042	PATO:0002328	ZFA:0000042
ZP:0101104	ZFA:0009256	PATO:0002269	ZFA:0000054
ZP:0101167	ZFA:0001094	PATO:0000375	ZFA:0001094
ZP:0101218	ZFA:0009327	PATO:0002269	ZFA:0001117
ZP:0101219	ZFA:0009327	PATO:0002270	ZFA:0001117
ZP:0101240	ZFA:0009121	PATO:0000374	ZFA:0009121
ZP:0101327	ZFA:0000013	PATO:0000642	ZFA:0000013
ZP:0101416	ZFA:0000123	PATO:0001905	ZFA:0009397
ZP:0101417	ZFA:0000123	PATO:0002002	ZFA:0009397
ZP:0101452	ZFA:0000075	PATO:0001905	ZFA:0009076
ZP:0101471	ZFA:0000009	PATO:0000133	ZFA:0005064
ZP:0101550	ZFA:0000140	PATO:0002002	ZFA:0009104
ZP:0101561	ZFA:0000075	PATO:0001555	ZFA:0009076
ZP:0101567	ZFA:0001094	PATO:0002002	ZFA:0009199
ZP:0101577	ZFA:0000368	PATO:0002002	ZFA:0005579
ZP:0101583	ZFA:0000024	PATO:0001505	ZFA:0000046
ZP:0101601	ZFA:0001205	PATO:0000374	ZFA:0001400
ZP:0101604	ZFA:0000075	PATO:0001905	ZFA:0009276
ZP:0101605	ZFA:0000075	PATO:0002001	ZFA:0009290
ZP:0101606	ZFA:0000075	PATO:0002002	ZFA:0009396
ZP:0101629	ZFA:0000009	PATO:0001555	ZFA:0009316
ZP:0101648	ZFA:0000561	PATO:0002327	ZFA:0000514
ZP:0101667	ZFA:0000123	PATO:0001905	ZFA:0005169
ZP:0101672	ZFA:0000123	PATO:0002001	ZFA:0005169
ZP:0101676	ZFA:0000123	PATO:0001555	ZFA:0005169
ZP:0101694	ZFA:0001094	PATO:0001999	ZFA:0005110
ZP:0101714	ZFA:0005272	PATO:0002001	ZFA:0009016
ZP:0101774	ZFA:0001094	PATO:0002000	ZFA:0005110
ZP:0101836	ZFA:0000075	PATO:0001905	ZFA:0009052
ZP:0101866	ZFA:0001205	PATO:0001654	ZFA:0001399
ZP:0101873	ZFA:0001466	PATO:0001905	ZFA:0009140
ZP:0101972	ZFA:0005781	PATO:0002002	ZFA:0009327
ZP:0102000	ZFA:0000095	PATO:0001999	ZFA:0001516
ZP:0102040	ZFA:0005028	PATO:0001905	ZFA:0009354
ZP:0102041	ZFA:0000669	PATO:0002001	ZFA:0009014
ZP:0102099	ZFA:0009044	PATO:0002269	ZFA:0000114
ZP:0102140	ZFA:0000007	PATO:0002269	ZFA:0000088
ZP:0102215	ZFA:0000142	PATO:0002001	ZFA:0009135
ZP:0102216	ZFA:0009052	PATO:0002001	ZFA:0009135
ZP:0102228	ZFA:0001066	PATO:0002328	ZFA:0001189
ZP:0102255	ZFA:0001189	PATO:0000375	ZFA:0001189
ZP:0102292	ZFA:0001078	PATO:0002000	ZFA:0009355
ZP:0102293	ZFA:0001286	PATO:0002001	ZFA:0009014
ZP:0102328	ZFA:0000056	PATO:0002002	ZFA:0009046
ZP:0102329	ZFA:0000354	PATO:0002002	ZFA:0009046
ZP:0102330	ZFA:0000368	PATO:0002002	ZFA:0009046
ZP:0102331	ZFA:0000554	PATO:0002002	ZFA:0009046
ZP:0102332	ZFA:0001338	PATO:0002002	ZFA:0009046
ZP:0102368	ZFA:0001550	PATO:0001999	ZFA:0005634
ZP:0102404	ZFA:0001115	PATO:0002001	ZFA:0009141
ZP:0102407	ZFA:0001285	PATO:0001453	ZFA:0005025
ZP:0102425	ZFA:0009116	PATO:0001435	ZFA:0009116
ZP:0102442	ZFA:0000407	PATO:0002000	ZFA:0000184
ZP:0102443	ZFA:0000407	PATO:0002000	ZFA:0001455
ZP:0102447	ZFA:0009044	PATO:0002270	ZFA:0001261
ZP:0102469	ZFA:0009034	PATO:0001646	ZFA:0001269
ZP:0102575	ZFA:0001260	PATO:0002001	ZFA:0009104
ZP:0102765	ZFA:0001319	PATO:0000642	ZFA:0001319
ZP:0102791	ZFA:0000094	PATO:0002000	ZFA:0009015
ZP:0102792	ZFA:0000114	PATO:0002000	ZFA:0009256
ZP:0102793	ZFA:0000186	PATO:0002000	ZFA:0009256
ZP:0102794	ZFA:0000445	PATO:0001999	ZFA:0009077
ZP:0102829	ZFA:0009243	PATO:0000040	ZFA:0009243
ZP:0102841	ZFA:0009256	PATO:0002270	ZFA:0000054
ZP:0102975	ZFA:0001613	PATO:0002001	ZFA:0005771
ZP:0103001	ZFA:0009115	PATO:0001653	ZFA:0000155
ZP:0103041	ZFA:0000303	PATO:0001470	ZFA:0000242
ZP:0103043	ZFA:0000303	PATO:0002001	ZFA:0001569
ZP:0103044	ZFA:0000403	PATO:0002001	ZFA:0001264
ZP:0103045	ZFA:0000598	PATO:0001999	ZFA:0009006
ZP:0103046	ZFA:0000598	PATO:0002002	ZFA:0009005
ZP:0103047	ZFA:0000598	PATO:0002002	ZFA:0009007
ZP:0103077	ZFA:0000242	PATO:0001470	ZFA:0000303
ZP:0103114	ZFA:0001463	PATO:0000374	ZFA:0001463
ZP:0103220	ZFA:0001094	PATO:0002001	ZFA:0000023
ZP:0103225	ZFA:0009114	PATO:0001453	ZFA:0001089
ZP:0103249	ZFA:0005060	PATO:0001999	ZFA:0009316
ZP:0103250	ZFA:0005061	PATO:0001905	ZFA:0009316
ZP:0103251	ZFA:0005062	PATO:0001905	ZFA:0009316
ZP:0103252	ZFA:0005060	PATO:0001905	ZFA:0009316
ZP:0103274	ZFA:0001260	PATO:0002001	ZFA:0009096
ZP:0103278	ZFA:0000123	PATO:0002000	ZFA:0005169
ZP:0103319	ZFA:0000008	PATO:0002001	ZFA:0009062
ZP:0103368	ZFA:0000151	PATO:0002000	ZFA:0005312
ZP:0103372	ZFA:0001205	PATO:0000642	ZFA:0001272
ZP:0103412	ZFA:0000112	PATO:0002001	ZFA:0009000
ZP:0103456	ZFA:0009000	PATO:0001453	ZFA:0009000
ZP:0103524	ZFA:0009327	PATO:0002271	ZFA:0001269
ZP:0103542	ZFA:0001359	PATO:0002000	ZFA:0001360
ZP:0103543	ZFA:0001359	PATO:0002000	ZFA:0009284
ZP:0103677	GO:0001964	PATO:0001551	GO:0007605
ZP:0103782	ZFA:0009077	PATO:0001668	ZFA:0009052
ZP:0103808	ZFA:0001176	PATO:0001453	ZFA:0000084
ZP:0103833	ZFA:0000007	PATO:0002270	ZFA:0001058
ZP:0103840	ZFA:0000007	PATO:0002269	ZFA:0005314
ZP:0103874	ZFA:0001077	PATO:0002001	ZFA:0009250
ZP:0103906	ZFA:0000640	PATO:0002435	ZFA:0005574
ZP:0103992	ZFA:0009288	PATO:0002470	ZFA:0009386
ZP:0104061	ZFA:0000598	PATO:0002000	ZFA:0005769
ZP:0104074	ZFA:0001094	PATO:0002001	ZFA:0001161
ZP:0104101	ZFA:0000016	PATO:0001505	ZFA:0000155
ZP:0104116	ZFA:0000135	PATO:0000375	ZFA:0000060
ZP:0104140	ZFA:0000188	PATO:0002001	ZFA:0001713
ZP:0104158	ZFA:0000188	PATO:0002001	ZFA:0001691
ZP:0104159	ZFA:0000212	PATO:0002001	ZFA:0001691
ZP:0104162	ZFA:0000388	PATO:0002001	ZFA:0001691
ZP:0104167	ZFA:0000694	PATO:0001453	ZFA:0001227
ZP:0104216	ZFA:0001400	PATO:0000375	ZFA:0001205
ZP:0104217	ZFA:0005037	PATO:0000642	ZFA:0005037
ZP:0104238	ZFA:0000007	PATO:0002270	ZFA:0001286
ZP:0104253	ZFA:0000555	PATO:0002001	ZFA:0009199
ZP:0104274	ZFA:0001057	PATO:0000642	ZFA:0000014
ZP:0104275	ZFA:0001057	PATO:0000642	ZFA:0001063
ZP:0104322	ZFA:0005000	PATO:0000642	ZFA:0005017
ZP:0104327	ZFA:0005002	PATO:0000642	ZFA:0001052
ZP:0104370	ZFA:0009044	PATO:0002269	ZFA:0000084
ZP:0104391	ZFA:0001557	PATO:0001905	ZFA:0001673
ZP:0104392	ZFA:0001557	PATO:0002001	ZFA:0001673
ZP:0104411	ZFA:0000151	PATO:0001999	ZFA:0001673
ZP:0104422	ZFA:0001114	PATO:0001999	ZFA:0000107
ZP:0104434	ZFA:0001094	PATO:0002002	ZFA:0005621
ZP:0104437	ZFA:0001656	PATO:0002002	ZFA:0005621
ZP:0104438	ZFA:0001656	PATO:0002002	ZFA:0005622
ZP:0104466	ZFA:0005177	PATO:0002001	ZFA:0009276
ZP:0104473	ZFA:0001094	PATO:0002001	ZFA:0009199
ZP:0104515	ZFA:0001306	PATO:0002001	ZFA:0009258
ZP:0104535	ZFA:0000075	PATO:0001905	ZFA:0009051
ZP:0104545	ZFA:0005177	PATO:0001905	ZFA:0009276
ZP:0104553	ZFA:0000692	PATO:0002278	ZFA:0000672
ZP:0104554	ZFA:0001422	PATO:0002002	ZFA:0001596
ZP:0104696	ZFA:0000445	PATO:0001905	ZFA:0009276
ZP:0104739	ZFA:0000075	PATO:0002000	ZFA:0005177
ZP:0104856	ZFA:0001314	PATO:0000642	ZFA:0001156
ZP:0104871	ZFA:0009031	PATO:0002270	ZFA:0000538
ZP:0104898	ZFA:0009316	PATO:0001646	ZFA:0005062
ZP:0104939	ZFA:0000079	PATO:0002001	ZFA:0009301
ZP:0104940	ZFA:0000402	PATO:0002001	ZFA:0009301
ZP:0104941	ZFA:0000470	PATO:0002001	ZFA:0009301
ZP:0104976	ZFA:0001266	PATO:0002002	ZFA:0005239
ZP:0105112	ZFA:0000940	PATO:0002001	ZFA:0009366
ZP:0105122	ZFA:0000012	PATO:0001905	ZFA:0009076
ZP:0105125	ZFA:0001157	PATO:0002001	ZFA:0009000
ZP:0105126	ZFA:0001094	PATO:0002001	ZFA:0000940
ZP:0105143	ZFA:0000303	PATO:0002001	ZFA:0001109
ZP:0105145	ZFA:0000403	PATO:0002000	ZFA:0001109
ZP:0105146	ZFA:0000403	PATO:0002001	ZFA:0001109
ZP:0105148	ZFA:0000598	PATO:0002001	ZFA:0009006
ZP:0105149	ZFA:0000598	PATO:0002002	ZFA:0009133
ZP:0105180	ZFA:0001115	PATO:0002000	ZFA:0009199
ZP:0105181	ZFA:0001058	PATO:0002000	ZFA:0009199
ZP:0105184	ZFA:0000938	PATO:0002000	ZFA:0005906
ZP:0105185	ZFA:0001261	PATO:0002000	ZFA:0005906
ZP:0105188	ZFA:0000161	PATO:0002000	ZFA:0005906
ZP:0105208	ZFA:0000077	PATO:0002000	ZFA:0000001
ZP:0105247	GO:1903927	PATO:0001457	GO:1903927
ZP:0105248	ZFA:0000329	PATO:0001667	ZFA:0005772
ZP:0105259	ZFA:0001400	PATO:0000374	ZFA:0001205
ZP:0105260	ZFA:0001400	PATO:0002326	ZFA:0001399
ZP:0105261	ZFA:0001400	PATO:0002326	ZFA:0001400
ZP:0105262	ZFA:0001400	PATO:0002327	ZFA:0001399
ZP:0105268	ZFA:0000519	PATO:0000651	ZFA:0000519
ZP:0105271	ZFA:0001066	PATO:0000651	ZFA:0001066
ZP:0105272	ZFA:0001190	PATO:0000642	ZFA:0001190
ZP:0105278	ZFA:0001265	PATO:0002000	ZFA:0005239
ZP:0105279	ZFA:0001266	PATO:0002000	ZFA:0005239
ZP:0105298	ZFA:0000035	PATO:0002168	ZFA:0000152
ZP:0105406	ZFA:0000100	PATO:0002001	ZFA:0001691
ZP:0105407	ZFA:0000100	PATO:0002001	ZFA:0009071
ZP:0105456	ZFA:0001094	PATO:0002000	ZFA:0000170
ZP:0105457	ZFA:0001094	PATO:0002000	ZFA:0001510
ZP:0105458	ZFA:0001094	PATO:0002001	ZFA:0000694
ZP:0105459	ZFA:0001094	PATO:0002000	ZFA:0001142
ZP:0105460	ZFA:0001094	PATO:0002000	ZFA:0001143
ZP:0105461	ZFA:0001094	PATO:0002000	ZFA:0001145
ZP:0105462	ZFA:0001094	PATO:0002000	ZFA:0001321
ZP:0105465	ZFA:0001094	PATO:0002001	ZFA:0000250
ZP:0105480	ZFA:0000598	PATO:0001905	ZFA:0009007
ZP:0105600	ZFA:0009316	PATO:0002261	ZFA:0005062
