term,value
http://purl.obolibrary.org/obo/ZP_0155569,"http://purl.obolibrary.org/obo/CHEBI_88526 whole organism increased amount, abnormal"
http://purl.obolibrary.org/obo/ZP_0152354,"http://purl.obolibrary.org/obo/CHEBI_167260 brain decreased amount, abnormal"
http://purl.obolibrary.org/obo/ZP_0154653,"http://purl.obolibrary.org/obo/CHEBI_134494 whole organism decreased amount, abnormal"
http://purl.obolibrary.org/obo/ZP_0154655,"http://purl.obolibrary.org/obo/CHEBI_137618 whole organism decreased amount, abnormal"
http://purl.obolibrary.org/obo/ZP_0137765,"http://purl.obolibrary.org/obo/CARO_0000010 hepatocyte amorphous, abnormal"
http://purl.obolibrary.org/obo/ZP_0155350,"http://purl.obolibrary.org/obo/CHEBI_69426 whole organism normal amount, abnormal"
http://purl.obolibrary.org/obo/ZP_0151324,"http://purl.obolibrary.org/obo/CHEBI_131436 whole organism increased amount, abnormal"
http://purl.obolibrary.org/obo/ZP_0154651,"http://purl.obolibrary.org/obo/CHEBI_133297 whole organism increased amount, abnormal"
http://purl.obolibrary.org/obo/ZP_0152514,"http://purl.obolibrary.org/obo/CHEBI_67090 whole organism increased amount, abnormal"
http://purl.obolibrary.org/obo/ZP_0155110,"http://purl.obolibrary.org/obo/CHEBI_89633 whole organism increased amount, abnormal"
http://purl.obolibrary.org/obo/ZP_0156045,"http://purl.obolibrary.org/obo/CHEBI_44236 whole organism normal amount, abnormal"
http://purl.obolibrary.org/obo/ZP_0155566,"http://purl.obolibrary.org/obo/CHEBI_16475 whole organism decreased amount, abnormal"
http://purl.obolibrary.org/obo/ZP_0151463,"http://purl.obolibrary.org/obo/CHEBI_89951 brain decreased amount, abnormal"
http://purl.obolibrary.org/obo/ZP_0152986,"http://purl.obolibrary.org/obo/CHEBI_156251 spinal cord normal amount, abnormal"
http://purl.obolibrary.org/obo/ZP_0016006,"http://purl.obolibrary.org/obo/CARO_0000010 somite morphology, abnormal"
http://purl.obolibrary.org/obo/ZP_0150844,"http://purl.obolibrary.org/obo/CHEBI_140944 whole organism decreased amount, abnormal"
http://purl.obolibrary.org/obo/ZP_0152156,"http://purl.obolibrary.org/obo/CHEBI_137863 liver decreased amount, abnormal"
http://purl.obolibrary.org/obo/ZP_0154656,"http://purl.obolibrary.org/obo/CHEBI_137830 whole organism increased amount, abnormal"
http://purl.obolibrary.org/obo/ZP_0155009,"http://purl.obolibrary.org/obo/CHEBI_8828 brain increased distribution, abnormal"
http://purl.obolibrary.org/obo/ZP_0155347,"http://purl.obolibrary.org/obo/CHEBI_19228 whole organism increased amount, abnormal"
http://purl.obolibrary.org/obo/ZP_0150842,"http://purl.obolibrary.org/obo/CHEBI_140940 whole organism decreased amount, abnormal"
http://purl.obolibrary.org/obo/ZP_0152160,"http://purl.obolibrary.org/obo/CHEBI_72734 liver decreased amount, abnormal"
http://purl.obolibrary.org/obo/ZP_0154676,"http://purl.obolibrary.org/obo/CHEBI_64549 whole organism decreased amount, abnormal"
http://purl.obolibrary.org/obo/ZP_0150829,"http://purl.obolibrary.org/obo/CHEBI_51114 yolk increased amount, abnormal"
http://purl.obolibrary.org/obo/ZP_0151550,"http://purl.obolibrary.org/obo/CHEBI_89633 whole organism decreased amount, abnormal"
http://purl.obolibrary.org/obo/ZP_0154681,"http://purl.obolibrary.org/obo/CHEBI_66965 whole organism decreased amount, abnormal"
http://purl.obolibrary.org/obo/ZP_0152350,"http://purl.obolibrary.org/obo/CHEBI_87255 brain increased amount, abnormal"
http://purl.obolibrary.org/obo/ZP_0152157,"http://purl.obolibrary.org/obo/CHEBI_64504 liver decreased amount, abnormal"
http://purl.obolibrary.org/obo/ZP_0151325,"http://purl.obolibrary.org/obo/CHEBI_142860 whole organism increased amount, abnormal"
http://purl.obolibrary.org/obo/ZP_0152356,"http://purl.obolibrary.org/obo/CHEBI_90470 brain decreased amount, abnormal"
http://purl.obolibrary.org/obo/ZP_0149965,"http://purl.obolibrary.org/obo/CHEBI_749277 whole organism increased amount, abnormal"
http://purl.obolibrary.org/obo/ZP_0155356,"http://purl.obolibrary.org/obo/CHEBI_69426 male organism normal amount, abnormal"
http://purl.obolibrary.org/obo/ZP_0155111,"http://purl.obolibrary.org/obo/CHEBI_89951 whole organism increased amount, abnormal"
http://purl.obolibrary.org/obo/ZP_0152353,"http://purl.obolibrary.org/obo/CHEBI_136167 brain decreased amount, abnormal"
http://purl.obolibrary.org/obo/ZP_0150798,"http://purl.obolibrary.org/obo/CHEBI_61341 whole organism increased amount, abnormal"
http://purl.obolibrary.org/obo/ZP_0154690,"http://purl.obolibrary.org/obo/CHEBI_90456 whole organism decreased amount, abnormal"
http://purl.obolibrary.org/obo/ZP_0151423,"http://purl.obolibrary.org/obo/CHEBI_64552 whole organism decreased amount, abnormal"
http://purl.obolibrary.org/obo/ZP_0023004,"http://purl.obolibrary.org/obo/CARO_0000010 myotome spatial pattern, abnormal"
http://purl.obolibrary.org/obo/ZP_0154683,"http://purl.obolibrary.org/obo/CHEBI_67060 whole organism decreased amount, abnormal"
http://purl.obolibrary.org/obo/ZP_0155346,"http://purl.obolibrary.org/obo/CHEBI_19227 whole organism increased amount, abnormal"
http://purl.obolibrary.org/obo/ZP_0152342,"http://purl.obolibrary.org/obo/CHEBI_141598 brain increased amount, abnormal"
http://purl.obolibrary.org/obo/ZP_0155606,"http://purl.obolibrary.org/obo/CHEBI_140951 whole organism increased amount, abnormal"
http://purl.obolibrary.org/obo/ZP_0151100,"http://purl.obolibrary.org/obo/CHEBI_166893 male organism increased amount, abnormal"
http://purl.obolibrary.org/obo/ZP_0154654,"http://purl.obolibrary.org/obo/CHEBI_134575 whole organism increased amount, abnormal"
http://purl.obolibrary.org/obo/ZP_0156041,"http://purl.obolibrary.org/obo/CHEBI_134125 whole organism normal amount, abnormal"
http://purl.obolibrary.org/obo/ZP_0152988,"http://purl.obolibrary.org/obo/CHEBI_156253 spinal cord normal amount, abnormal"
http://purl.obolibrary.org/obo/ZP_0151551,"http://purl.obolibrary.org/obo/CHEBI_89951 whole organism decreased amount, abnormal"
http://purl.obolibrary.org/obo/ZP_0153217,"microglial cell accumulation http://purl.obolibrary.org/obo/CHEBI_86370 microglial cell, abnormal"
http://purl.obolibrary.org/obo/ZP_0154666,"http://purl.obolibrary.org/obo/CHEBI_177495 whole organism increased amount, abnormal"
http://purl.obolibrary.org/obo/ZP_0156040,"http://purl.obolibrary.org/obo/CHEBI_134125 whole organism increased amount, abnormal"
http://purl.obolibrary.org/obo/ZP_0155610,"http://purl.obolibrary.org/obo/CHEBI_84644 whole organism increased amount, abnormal"
http://purl.obolibrary.org/obo/ZP_0155607,"http://purl.obolibrary.org/obo/CHEBI_144330 whole organism increased amount, abnormal"
http://purl.obolibrary.org/obo/ZP_0154674,"http://purl.obolibrary.org/obo/CHEBI_63327 whole organism increased amount, abnormal"
http://purl.obolibrary.org/obo/ZP_0154661,"http://purl.obolibrary.org/obo/CHEBI_167264 whole organism increased amount, abnormal"
http://purl.obolibrary.org/obo/ZP_0154677,"http://purl.obolibrary.org/obo/CHEBI_65294 whole organism increased amount, abnormal"
http://purl.obolibrary.org/obo/ZP_0149964,"http://purl.obolibrary.org/obo/CHEBI_65293 whole organism increased amount, abnormal"
http://purl.obolibrary.org/obo/ZP_0154679,"http://purl.obolibrary.org/obo/CHEBI_66863 whole organism decreased amount, abnormal"
http://purl.obolibrary.org/obo/ZP_0152349,"http://purl.obolibrary.org/obo/CHEBI_77462 brain increased amount, abnormal"
http://purl.obolibrary.org/obo/ZP_0152987,"http://purl.obolibrary.org/obo/CHEBI_156252 spinal cord normal amount, abnormal"
http://purl.obolibrary.org/obo/ZP_0154673,"http://purl.obolibrary.org/obo/CHEBI_55484 whole organism increased amount, abnormal"
http://purl.obolibrary.org/obo/ZP_0154649,"http://purl.obolibrary.org/obo/CHEBI_132579 whole organism decreased amount, abnormal"
http://purl.obolibrary.org/obo/ZP_0154689,"http://purl.obolibrary.org/obo/CHEBI_88522 whole organism increased amount, abnormal"
http://purl.obolibrary.org/obo/ZP_0154645,"http://purl.obolibrary.org/obo/CHEBI_131440 whole organism decreased amount, abnormal"
http://purl.obolibrary.org/obo/ZP_0154657,"http://purl.obolibrary.org/obo/CHEBI_137830 whole organism decreased amount, abnormal"
http://purl.obolibrary.org/obo/ZP_0150457,"http://purl.obolibrary.org/obo/CHEBI_798 whole organism increased amount, abnormal"
http://purl.obolibrary.org/obo/ZP_0150500,"http://purl.obolibrary.org/obo/CHEBI_28216 whole organism normal amount, abnormal"
http://purl.obolibrary.org/obo/ZP_0155353,"http://purl.obolibrary.org/obo/CHEBI_19228 male organism increased amount, abnormal"
http://purl.obolibrary.org/obo/ZP_0150841,"http://purl.obolibrary.org/obo/CHEBI_140940 whole organism increased amount, abnormal"
http://purl.obolibrary.org/obo/ZP_0150288,"http://purl.obolibrary.org/obo/CHEBI_50732 whole organism decreased amount, abnormal"
http://purl.obolibrary.org/obo/ZP_0149826,"http://purl.obolibrary.org/obo/CHEBI_26206 brain decreased amount, abnormal"
http://purl.obolibrary.org/obo/ZP_0154680,"http://purl.obolibrary.org/obo/CHEBI_66864 whole organism decreased amount, abnormal"
http://purl.obolibrary.org/obo/ZP_0154420,"http://purl.obolibrary.org/obo/CHEBI_83164 whole organism amount, abnormal"
http://purl.obolibrary.org/obo/ZP_0155354,"http://purl.obolibrary.org/obo/CHEBI_19229 male organism increased amount, abnormal"
http://purl.obolibrary.org/obo/ZP_0151422,"http://purl.obolibrary.org/obo/CHEBI_64552 whole organism increased amount, abnormal"
http://purl.obolibrary.org/obo/ZP_0155609,"http://purl.obolibrary.org/obo/CHEBI_84634 whole organism increased amount, abnormal"
http://purl.obolibrary.org/obo/ZP_0153215,"microglial cell decreased accumulation http://purl.obolibrary.org/obo/CHEBI_86370 microglial cell, abnormal"
http://purl.obolibrary.org/obo/ZP_0154660,"http://purl.obolibrary.org/obo/CHEBI_166934 whole organism decreased amount, abnormal"
http://purl.obolibrary.org/obo/ZP_0141352,"http://purl.obolibrary.org/obo/CARO_0000010 notochord straight, abnormal"
http://purl.obolibrary.org/obo/ZP_0155348,"http://purl.obolibrary.org/obo/CHEBI_19229 whole organism increased amount, abnormal"
http://purl.obolibrary.org/obo/ZP_0152161,"http://purl.obolibrary.org/obo/CHEBI_85767 liver decreased amount, abnormal"
http://purl.obolibrary.org/obo/ZP_0154668,"http://purl.obolibrary.org/obo/CHEBI_193016 whole organism increased amount, abnormal"
http://purl.obolibrary.org/obo/ZP_0155349,"http://purl.obolibrary.org/obo/CHEBI_68467 whole organism increased amount, abnormal"
http://purl.obolibrary.org/obo/ZP_0153415,"http://purl.obolibrary.org/obo/CHEBI_120617 whole organism increased amount, abnormal"
http://purl.obolibrary.org/obo/ZP_0156043,"http://purl.obolibrary.org/obo/CHEBI_44236 whole organism increased amount, abnormal"
http://purl.obolibrary.org/obo/ZP_0154659,"http://purl.obolibrary.org/obo/CHEBI_166913 whole organism increased amount, abnormal"
http://purl.obolibrary.org/obo/ZP_0155008,"http://purl.obolibrary.org/obo/CHEBI_8828 brain increased amount, abnormal"
http://purl.obolibrary.org/obo/ZP_0151817,"http://purl.obolibrary.org/obo/CHEBI_89951 muscle normal amount, abnormal"
http://purl.obolibrary.org/obo/ZP_0154687,"http://purl.obolibrary.org/obo/CHEBI_85767 whole organism decreased amount, abnormal"
http://purl.obolibrary.org/obo/ZP_0150499,"http://purl.obolibrary.org/obo/CHEBI_28216 whole organism increased amount, abnormal"
http://purl.obolibrary.org/obo/ZP_0155006,"http://purl.obolibrary.org/obo/CHEBI_8828 mid intestine increased amount, abnormal"
http://purl.obolibrary.org/obo/ZP_0155352,"http://purl.obolibrary.org/obo/CHEBI_19227 male organism increased amount, abnormal"
http://purl.obolibrary.org/obo/ZP_0154585,"http://purl.obolibrary.org/obo/CHEBI_46477 telencephalon decreased amount, abnormal"
http://purl.obolibrary.org/obo/ZP_0154686,"http://purl.obolibrary.org/obo/CHEBI_83481 whole organism decreased amount, abnormal"
http://purl.obolibrary.org/obo/ZP_0152352,"http://purl.obolibrary.org/obo/CHEBI_136154 brain decreased amount, abnormal"
http://purl.obolibrary.org/obo/ZP_0149961,"http://purl.obolibrary.org/obo/CHEBI_136151 whole organism increased amount, abnormal"
http://purl.obolibrary.org/obo/ZP_0155355,"http://purl.obolibrary.org/obo/CHEBI_68467 male organism increased amount, abnormal"
http://purl.obolibrary.org/obo/ZP_0152343,"http://purl.obolibrary.org/obo/CHEBI_167265 brain increased amount, abnormal"
http://purl.obolibrary.org/obo/ZP_0150845,"http://purl.obolibrary.org/obo/CHEBI_140947 whole organism normal amount, abnormal"
http://purl.obolibrary.org/obo/ZP_0154650,"http://purl.obolibrary.org/obo/CHEBI_132603 whole organism increased amount, abnormal"
http://purl.obolibrary.org/obo/ZP_0154409,"http://purl.obolibrary.org/obo/CHEBI_83164 whole organism increased amount, abnormal"
