affected_entity_1_super	affected_entity_2_super	defined_class	pato_id
ZFA:0001205	ZFA:0001400	ZP:0000058	PATO:0000642
ZFA:0001399	ZFA:0001422	ZP:0000063	PATO:0000642
ZFA:0000155	ZFA:0000155	ZP:0000111	PATO:0000642
GO:0036342	GO:0036342	ZP:0000144	PATO:0001561
ZFA:0000115	ZFA:0000115	ZP:0000146	PATO:0000651
ZFA:0000255	ZFA:0000003	ZP:0000155	PATO:0002002
ZFA:0001094	ZFA:0001117	ZP:0000162	PATO:0002002
ZFA:0001117	ZFA:0000077	ZP:0000166	PATO:0002002
ZFA:0001117	ZFA:0000135	ZP:0000167	PATO:0002002
ZFA:0000035	ZFA:0000152	ZP:0000422	PATO:0001505
ZFA:0000028	ZFA:0000028	ZP:0000487	PATO:0000651
ZFA:0005509	ZFA:0005509	ZP:0000573	PATO:0000642
ZFA:0000107	ZFA:0000107	ZP:0000621	PATO:0000375
ZFA:0000107	ZFA:0000107	ZP:0000622	PATO:0000642
ZFA:0000543	ZFA:0000543	ZP:0000632	PATO:0000642
ZFA:0000600	ZFA:0000600	ZP:0000634	PATO:0000642
ZFA:0001423	ZFA:0001423	ZP:0000644	PATO:0000642
ZFA:0001507	ZFA:0001507	ZP:0000646	PATO:0000642
ZFA:0000007	ZFA:0000180	ZP:0000708	PATO:0002270
ZFA:0000007	ZFA:0001079	ZP:0000709	PATO:0002269
ZFA:0000007	ZFA:0001115	ZP:0000710	PATO:0002269
ZFA:0001400	ZFA:0001400	ZP:0000737	PATO:0000133
ZFA:0001516	ZFA:0001516	ZP:0000740	PATO:0000133
ZFA:0001557	ZFA:0001557	ZP:0000741	PATO:0000651
ZFA:0001114	ZFA:0005245	ZP:0000803	PATO:0002001
ZFA:0001114	ZFA:0009249	ZP:0000804	PATO:0002001
ZFA:0001115	ZFA:0005245	ZP:0000805	PATO:0002001
ZFA:0001115	ZFA:0009249	ZP:0000806	PATO:0002001
ZFA:0000030	ZFA:0009366	ZP:0000853	PATO:0002001
ZFA:0000588	ZFA:0009011	ZP:0000855	PATO:0002001
ZFA:0001717	ZFA:0001717	ZP:0000857	PATO:0000651
ZFA:0007000	ZFA:0009366	ZP:0000858	PATO:0002001
ZFA:0000529	ZFA:0009015	ZP:0000863	PATO:0002002
ZFA:0000191	ZFA:0000270	ZP:0000878	PATO:0000642
ZFA:0001205	ZFA:0001399	ZP:0000909	PATO:0000642
ZFA:0001273	ZFA:0000107	ZP:0000918	PATO:0000133
ZFA:0000123	ZFA:0009325	ZP:0000951	PATO:0002002
ZFA:0000529	ZFA:0009325	ZP:0000952	PATO:0002002
ZFA:0000168	ZFA:0000558	ZP:0000992	PATO:0000642
ZFA:0000530	ZFA:0000676	ZP:0000997	PATO:0000642
ZFA:0001617	ZFA:0000428	ZP:0001002	PATO:0002261
ZFA:0001617	ZFA:0001617	ZP:0001003	PATO:0000642
ZFA:0000700	ZFA:0009366	ZP:0001006	PATO:0001999
ZFA:0001094	ZFA:0001291	ZP:0001011	PATO:0002000
ZFA:0001094	ZFA:0001301	ZP:0001012	PATO:0002000
ZFA:0001094	ZFA:0001302	ZP:0001013	PATO:0002000
ZFA:0001094	ZFA:0001303	ZP:0001014	PATO:0002000
ZFA:0001260	ZFA:0005756	ZP:0001094	PATO:0002000
ZFA:0001372	ZFA:0009000	ZP:0001099	PATO:0002001
ZFA:0000032	ZFA:0009186	ZP:0001113	PATO:0002001
ZFA:0000032	ZFA:0009301	ZP:0001114	PATO:0002001
ZFA:0000101	ZFA:0005757	ZP:0001134	PATO:0002000
ZFA:0000458	ZFA:0000653	ZP:0001138	PATO:0001961
ZFA:0001117	ZFA:0000155	ZP:0001146	PATO:0002001
ZFA:0000008	ZFA:0009077	ZP:0001161	PATO:0002000
ZFA:0000075	ZFA:0000938	ZP:0001162	PATO:0001645
ZFA:0000152	ZFA:0009077	ZP:0001165	PATO:0002000
ZFA:0009117	ZFA:0009117	ZP:0001190	PATO:0000651
ZFA:0000217	ZFA:0001617	ZP:0001247	PATO:0002000
ZFA:0001617	ZFA:0001617	ZP:0001259	PATO:0000375
ZFA:0000143	ZFA:0009127	ZP:0001274	PATO:0001999
ZFA:0009256	ZFA:0000094	ZP:0001309	PATO:0002270
ZFA:0000060	ZFA:0000135	ZP:0001329	PATO:0000374
ZFA:0000011	ZFA:0009323	ZP:0001481	PATO:0002271
ZFA:0009115	ZFA:0001089	ZP:0001521	PATO:0001453
ZFA:0009116	ZFA:0001089	ZP:0001526	PATO:0001453
ZFA:0009117	ZFA:0001089	ZP:0001527	PATO:0001453
ZFA:0000050	ZFA:0009080	ZP:0001600	PATO:0002002
ZFA:0001094	ZFA:0000106	ZP:0001649	PATO:0002000
ZFA:0000948	ZFA:0000823	ZP:0001657	PATO:0000642
ZFA:0000051	ZFA:0000072	ZP:0001695	PATO:0000375
ZFA:0001114	ZFA:0001115	ZP:0001705	PATO:0001654
ZFA:0001239	ZFA:0000694	ZP:0001780	PATO:0002001
ZFA:0009264	ZFA:0009264	ZP:0001789	PATO:0001531
ZFA:0001158	ZFA:0001072	ZP:0001843	PATO:0002001
ZFA:0000368	ZFA:0009090	ZP:0001900	PATO:0002000
ZFA:0001094	ZFA:0009249	ZP:0001912	PATO:0002000
ZFA:0000095	ZFA:0001516	ZP:0001947	PATO:0002001
ZFA:0001094	ZFA:0009165	ZP:0001961	PATO:0002000
ZFA:0001205	ZFA:0001205	ZP:0001964	PATO:0000642
ZFA:0009139	ZFA:0000038	ZP:0002022	PATO:0002168
ZFA:0000014	ZFA:0000477	ZP:0002091	PATO:0000642
ZFA:0001205	ZFA:0001422	ZP:0002096	PATO:0000642
ZFA:0001400	ZFA:0001516	ZP:0002099	PATO:0000642
ZFA:0001516	ZFA:0001516	ZP:0002102	PATO:0000642
ZFA:0001458	ZFA:0001458	ZP:0002104	PATO:0000642
ZFA:0001094	ZFA:0001227	ZP:0002108	PATO:0002000
ZFA:0000944	ZFA:0000940	ZP:0002148	PATO:0002001
ZFA:0001673	ZFA:0001673	ZP:0002179	PATO:0000651
ZFA:0000099	ZFA:0005020	ZP:0002187	PATO:0002001
ZFA:0000100	ZFA:0009248	ZP:0002235	PATO:0002002
ZFA:0001115	ZFA:0009091	ZP:0002363	PATO:0002001
ZFA:0001115	ZFA:0009199	ZP:0002364	PATO:0002001
ZFA:0009084	ZFA:0009084	ZP:0002382	PATO:0000642
ZFA:0009084	ZFA:0009084	ZP:0002383	PATO:0001667
ZFA:0000035	ZFA:0000107	ZP:0002394	PATO:0001646
ZFA:0000154	ZFA:0000007	ZP:0002469	PATO:0002270
ZFA:0001205	ZFA:0001399	ZP:0002474	PATO:0001652
ZFA:0000069	ZFA:0005731	ZP:0002534	PATO:0002000
ZFA:0000208	ZFA:0001094	ZP:0002553	PATO:0001792
ZFA:0000823	ZFA:0005731	ZP:0002558	PATO:0002000
ZFA:0000949	ZFA:0005731	ZP:0002559	PATO:0002000
ZFA:0000633	ZFA:0009301	ZP:0002586	PATO:0002001
ZFA:0007067	ZFA:0007067	ZP:0002611	PATO:0000642
ZFA:0000295	ZFA:0009053	ZP:0002622	PATO:0002001
ZFA:0001400	ZFA:0001510	ZP:0002634	PATO:0002327
ZFA:0005000	ZFA:0005017	ZP:0002736	PATO:0001667
ZFA:0005002	ZFA:0001052	ZP:0002744	PATO:0001667
ZFA:0000101	ZFA:0000161	ZP:0002766	PATO:0002000
ZFA:0001115	ZFA:0009091	ZP:0002842	PATO:0002000
ZFA:0009114	ZFA:0000610	ZP:0002971	PATO:0001453
ZFA:0009114	ZFA:0009114	ZP:0002972	PATO:0001453
ZFA:0009115	ZFA:0000610	ZP:0002973	PATO:0001453
ZFA:0001400	ZFA:0000170	ZP:0003091	PATO:0000133
ZFA:0000051	ZFA:0001617	ZP:0003255	PATO:0002000
ZFA:0001117	ZFA:0000007	ZP:0003259	PATO:0002270
ZFA:0001615	ZFA:0005061	ZP:0003266	PATO:0000374
ZFA:0000200	ZFA:0009248	ZP:0003279	PATO:0001999
ZFA:0001094	ZFA:0000694	ZP:0003290	PATO:0002000
ZFA:0001094	ZFA:0001106	ZP:0003291	PATO:0002001
ZFA:0001094	ZFA:0001517	ZP:0003292	PATO:0002000
ZFA:0001094	ZFA:0001518	ZP:0003293	PATO:0002000
ZFA:0001094	ZFA:0001519	ZP:0003294	PATO:0002000
ZFA:0001094	ZFA:0001521	ZP:0003295	PATO:0002000
ZFA:0001094	ZFA:0001590	ZP:0003296	PATO:0001999
ZFA:0005222	ZFA:0009091	ZP:0003309	PATO:0002001
ZFA:0005223	ZFA:0009091	ZP:0003310	PATO:0002000
ZFA:0000152	ZFA:0009154	ZP:0003337	PATO:0002001
ZFA:0001285	ZFA:0005604	ZP:0003407	PATO:0002000
ZFA:0000940	ZFA:0009367	ZP:0003448	PATO:0002001
ZFA:0000028	ZFA:0009316	ZP:0003478	PATO:0001999
ZFA:0001094	ZFA:0001306	ZP:0003481	PATO:0001999
ZFA:0001058	ZFA:0009199	ZP:0003490	PATO:0002002
ZFA:0005221	ZFA:0009199	ZP:0003492	PATO:0002002
ZFA:0005224	ZFA:0009199	ZP:0003493	PATO:0002002
ZFA:0009199	ZFA:0005597	ZP:0003499	PATO:0002168
ZFA:0000514	ZFA:0000486	ZP:0003531	PATO:0000642
ZFA:0001189	ZFA:0001189	ZP:0003541	PATO:0000642
ZFA:0001400	ZFA:0001400	ZP:0003546	PATO:0000642
ZFA:0001115	ZFA:0000155	ZP:0003579	PATO:0002001
ZFA:0005024	ZFA:0000007	ZP:0003580	PATO:0002270
ZFA:0005037	ZFA:0000007	ZP:0003583	PATO:0002270
ZFA:0005249	ZFA:0000007	ZP:0003585	PATO:0002270
ZFA:0000152	ZFA:0000152	ZP:0003605	PATO:0000642
ZFA:0000570	ZFA:0000570	ZP:0003607	PATO:0000642
ZFA:0001094	ZFA:0001161	ZP:0003608	PATO:0001999
ZFA:0000014	ZFA:0009036	ZP:0003640	PATO:0001999
ZFA:0000477	ZFA:0009036	ZP:0003643	PATO:0001999
ZFA:0001285	ZFA:0009036	ZP:0003645	PATO:0001999
ZFA:0000058	ZFA:0000135	ZP:0003684	PATO:0000374
ZFA:0001604	ZFA:0001605	ZP:0003713	PATO:0000642
GO:0007626	GO:0003009	ZP:0003731	PATO:0001570
ZFA:0000075	ZFA:0009244	ZP:0003798	PATO:0002002
ZFA:0000075	ZFA:0009245	ZP:0003799	PATO:0002002
ZFA:0000075	ZFA:0009248	ZP:0003800	PATO:0002002
ZFA:0001321	ZFA:0001321	ZP:0003812	PATO:0000642
ZFA:0000051	ZFA:0001617	ZP:0003813	PATO:0002002
ZFA:0001058	ZFA:0001554	ZP:0003904	PATO:0002002
ZFA:0001161	ZFA:0001554	ZP:0003911	PATO:0002002
ZFA:0001173	ZFA:0001554	ZP:0003914	PATO:0002002
ZFA:0001184	ZFA:0001554	ZP:0003915	PATO:0002002
ZFA:0001114	ZFA:0001205	ZP:0003969	PATO:0002000
ZFA:0001114	ZFA:0001321	ZP:0003970	PATO:0002000
ZFA:0001114	ZFA:0001399	ZP:0003971	PATO:0002000
ZFA:0001114	ZFA:0001400	ZP:0003972	PATO:0002000
ZFA:0001114	ZFA:0001405	ZP:0003973	PATO:0002000
ZFA:0001114	ZFA:0001422	ZP:0003974	PATO:0002000
ZFA:0001114	ZFA:0001423	ZP:0003975	PATO:0002000
ZFA:0001114	ZFA:0001651	ZP:0003976	PATO:0002000
ZFA:0001114	ZFA:0007008	ZP:0003977	PATO:0002000
ZFA:0001114	ZFA:0007048	ZP:0003978	PATO:0002000
ZFA:0001114	ZFA:0007049	ZP:0003979	PATO:0002000
ZFA:0001114	ZFA:0007051	ZP:0003980	PATO:0002000
ZFA:0001114	ZFA:0007052	ZP:0003981	PATO:0002000
ZFA:0001161	ZFA:0001455	ZP:0003982	PATO:0002000
ZFA:0001161	ZFA:0001537	ZP:0003983	PATO:0002000
ZFA:0009369	ZFA:0009369	ZP:0004013	PATO:0000651
ZFA:0001284	ZFA:0001284	ZP:0004020	PATO:0000651
ZFA:0000471	ZFA:0000154	ZP:0004026	PATO:0001505
ZFA:0001094	ZFA:0000416	ZP:0004038	PATO:0001999
ZFA:0001319	ZFA:0001320	ZP:0004064	PATO:0000375
ZFA:0000029	ZFA:0005731	ZP:0004082	PATO:0002001
ZFA:0001673	ZFA:0000014	ZP:0004142	PATO:0001667
ZFA:0000107	ZFA:0000107	ZP:0004150	PATO:0000374
ZFA:0009256	ZFA:0000033	ZP:0004183	PATO:0002270
ZFA:0000155	ZFA:0000155	ZP:0004201	PATO:0001052
ZFA:0001285	ZFA:0005559	ZP:0004214	PATO:0002002
ZFA:0001400	ZFA:0001400	ZP:0004230	PATO:0001052
ZFA:0000007	ZFA:0000114	ZP:0004334	PATO:0002269
ZFA:0000477	ZFA:0000014	ZP:0004338	PATO:0000642
ZFA:0001285	ZFA:0009065	ZP:0004339	PATO:0002002
ZFA:0000243	ZFA:0009366	ZP:0004382	PATO:0002001
ZFA:0000086	ZFA:0000309	ZP:0004399	PATO:0001453
ZFA:0001073	ZFA:0001285	ZP:0004430	PATO:0002001
ZFA:0000217	ZFA:0001617	ZP:0004439	PATO:0002001
ZFA:0000471	ZFA:0000173	ZP:0004441	PATO:0001667
ZFA:0001286	ZFA:0000007	ZP:0004472	PATO:0002270
ZFA:0000014	ZFA:0000007	ZP:0004493	PATO:0002270
ZFA:0000477	ZFA:0000007	ZP:0004495	PATO:0002270
ZFA:0000559	ZFA:0001617	ZP:0004536	PATO:0001999
ZFA:0000559	ZFA:0001617	ZP:0004537	PATO:0002002
ZFA:0000007	ZFA:0009256	ZP:0004567	PATO:0001999
ZFA:0000033	ZFA:0000007	ZP:0004568	PATO:0002270
ZFA:0000155	ZFA:0001086	ZP:0004578	PATO:0002001
ZFA:0000155	ZFA:0009117	ZP:0004579	PATO:0002001
ZFA:0005223	ZFA:0009091	ZP:0004585	PATO:0002001
ZFA:0001094	ZFA:0000556	ZP:0004647	PATO:0002000
ZFA:0001094	ZFA:0005034	ZP:0004660	PATO:0002000
ZFA:0001058	ZFA:0001554	ZP:0004693	PATO:0002001
ZFA:0001161	ZFA:0001554	ZP:0004697	PATO:0002001
ZFA:0001162	ZFA:0001554	ZP:0004698	PATO:0002001
ZFA:0001173	ZFA:0001554	ZP:0004699	PATO:0002001
ZFA:0000368	ZFA:0001094	ZP:0004735	PATO:0001453
ZFA:0001078	ZFA:0009250	ZP:0004774	PATO:0001999
ZFA:0000046	ZFA:0001330	ZP:0004780	PATO:0001999
ZFA:0001464	ZFA:0009127	ZP:0004788	PATO:0002001
ZFA:0000012	ZFA:0001682	ZP:0004800	PATO:0002001
ZFA:0001114	ZFA:0001115	ZP:0004823	PATO:0000133
ZFA:0000019	ZFA:0009248	ZP:0004843	PATO:0002002
ZFA:0000029	ZFA:0009292	ZP:0004844	PATO:0002001
ZFA:0000295	ZFA:0009053	ZP:0004864	PATO:0002002
ZFA:0000368	ZFA:0009090	ZP:0004866	PATO:0002001
ZFA:0001117	ZFA:0009090	ZP:0004892	PATO:0002000
ZFA:0001156	ZFA:0009053	ZP:0004893	PATO:0002002
ZFA:0001177	ZFA:0001177	ZP:0004898	PATO:0001505
ZFA:0001202	ZFA:0009292	ZP:0004900	PATO:0002001
ZFA:0001285	ZFA:0005314	ZP:0004902	PATO:0002002
ZFA:0001316	ZFA:0009053	ZP:0004903	PATO:0002002
ZFA:0005003	ZFA:0001081	ZP:0004906	PATO:0001505
ZFA:0001094	ZFA:0000001	ZP:0004944	PATO:0002000
ZFA:0001061	ZFA:0000014	ZP:0005052	PATO:0001738
ZFA:0001061	ZFA:0001285	ZP:0005053	PATO:0001667
ZFA:0000109	ZFA:0009248	ZP:0005070	PATO:0002001
ZFA:0001205	ZFA:0001400	ZP:0005071	PATO:0000375
ZFA:0000009	ZFA:0000471	ZP:0005089	PATO:0000133
ZFA:0000155	ZFA:0009117	ZP:0005095	PATO:0001999
ZFA:0000737	ZFA:0001458	ZP:0005098	PATO:0002002
ZFA:0009256	ZFA:0005028	ZP:0005105	PATO:0002270
ZFA:0001114	ZFA:0001117	ZP:0005119	PATO:0000374
ZFA:0001117	ZFA:0000155	ZP:0005154	PATO:0002000
ZFA:0001117	ZFA:0000155	ZP:0005155	PATO:0002002
ZFA:0000547	ZFA:0001114	ZP:0005168	PATO:0001659
ZFA:0000471	ZFA:0000009	ZP:0005227	PATO:0002328
ZFA:0001460	ZFA:0001460	ZP:0005241	PATO:0000642
ZFA:0001555	ZFA:0001555	ZP:0005243	PATO:0000642
ZFA:0001094	ZFA:0009006	ZP:0005255	PATO:0002000
ZFA:0001115	ZFA:0001056	ZP:0005352	PATO:0002001
ZFA:0001559	ZFA:0001189	ZP:0005355	PATO:0002001
ZFA:0000152	ZFA:0009255	ZP:0005358	PATO:0002000
ZFA:0000152	ZFA:0009255	ZP:0005359	PATO:0002001
ZFA:0000023	ZFA:0000023	ZP:0005380	PATO:0000133
ZFA:0000023	ZFA:0000023	ZP:0005381	PATO:0001453
ZFA:0001261	ZFA:0001626	ZP:0005385	PATO:0002270
ZFA:0000217	ZFA:0000168	ZP:0005397	PATO:0002002
ZFA:0005409	ZFA:0000619	ZP:0005407	PATO:0002002
ZFA:0000029	ZFA:0009248	ZP:0005486	PATO:0002001
ZFA:0000123	ZFA:0009111	ZP:0005525	PATO:0002002
ZFA:0000243	ZFA:0009367	ZP:0005528	PATO:0002002
ZFA:0001616	ZFA:0001616	ZP:0005543	PATO:0000642
ZFA:0001094	ZFA:0000014	ZP:0005580	PATO:0002000
ZFA:0001261	ZFA:0009256	ZP:0005581	PATO:0002270
ZFA:0001319	ZFA:0005059	ZP:0005595	PATO:0002000
ZFA:0000152	ZFA:0009280	ZP:0005601	PATO:0001999
ZFA:0000152	ZFA:0009310	ZP:0005602	PATO:0001999
ZFA:0000155	ZFA:0009116	ZP:0005603	PATO:0002001
ZFA:0001216	ZFA:0001227	ZP:0005606	PATO:0002000
ZFA:0000559	ZFA:0001617	ZP:0005730	PATO:0002001
ZFA:0001260	ZFA:0009102	ZP:0005742	PATO:0002001
ZFA:0001260	ZFA:0009104	ZP:0005743	PATO:0002002
ZFA:0001260	ZFA:0009139	ZP:0005744	PATO:0002001
ZFA:0001370	ZFA:0009102	ZP:0005748	PATO:0002001
ZFA:0001370	ZFA:0009104	ZP:0005749	PATO:0002002
ZFA:0000007	ZFA:0000084	ZP:0005821	PATO:0002269
ZFA:0001061	ZFA:0001061	ZP:0005826	PATO:0001667
ZFA:0001410	ZFA:0000007	ZP:0005828	PATO:0002270
ZFA:0005314	ZFA:0009044	ZP:0005858	PATO:0002001
ZFA:0009256	ZFA:0000033	ZP:0005861	PATO:0002269
ZFA:0009256	ZFA:0000186	ZP:0005862	PATO:0002269
ZFA:0001267	ZFA:0001267	ZP:0005898	PATO:0001435
ZFA:0000152	ZFA:0001329	ZP:0005926	PATO:0001999
ZFA:0000152	ZFA:0001330	ZP:0005927	PATO:0001999
ZFA:0001094	ZFA:0000435	ZP:0005928	PATO:0002000
ZFA:0000007	ZFA:0000054	ZP:0005930	PATO:0002269
ZFA:0000152	ZFA:0009262	ZP:0005994	PATO:0002001
ZFA:0000009	ZFA:0009316	ZP:0006047	PATO:0002001
ZFA:0000114	ZFA:0009316	ZP:0006048	PATO:0002001
ZFA:0000471	ZFA:0009316	ZP:0006050	PATO:0002001
ZFA:0001094	ZFA:0000007	ZP:0006051	PATO:0002000
ZFA:0001073	ZFA:0001285	ZP:0006067	PATO:0002002
ZFA:0001360	ZFA:0001094	ZP:0006084	PATO:0001793
ZFA:0005169	ZFA:0005169	ZP:0006114	PATO:0001505
ZFA:0000084	ZFA:0000007	ZP:0006124	PATO:0002269
ZFA:0000329	ZFA:0009158	ZP:0006149	PATO:0002269
ZFA:0000084	ZFA:0001094	ZP:0006167	PATO:0001646
ZFA:0001115	ZFA:0001285	ZP:0006194	PATO:0002083
ZFA:0001094	ZFA:0001501	ZP:0006202	PATO:0001999
ZFA:0001094	ZFA:0001613	ZP:0006203	PATO:0001999
ZFA:0000143	ZFA:0009262	ZP:0006261	PATO:0001999
ZFA:0000143	ZFA:0009262	ZP:0006262	PATO:0002000
ZFA:0000143	ZFA:0009275	ZP:0006263	PATO:0002000
ZFA:0000143	ZFA:0009275	ZP:0006264	PATO:0002001
ZFA:0000152	ZFA:0001466	ZP:0006269	PATO:0002000
ZFA:0009094	ZFA:0005124	ZP:0006289	PATO:0001453
ZFA:0009399	ZFA:0005124	ZP:0006305	PATO:0001453
ZFA:0000008	ZFA:0009000	ZP:0006360	PATO:0002001
ZFA:0001365	ZFA:0001365	ZP:0006411	PATO:0000642
ZFA:0000046	ZFA:0009275	ZP:0006444	PATO:0002001
ZFA:0000107	ZFA:0000035	ZP:0006445	PATO:0002000
ZFA:0000144	ZFA:0001464	ZP:0006464	PATO:0000040
ZFA:0000105	ZFA:0005145	ZP:0006533	PATO:0001505
ZFA:0009183	ZFA:0009183	ZP:0006537	PATO:0001505
ZFA:0009177	ZFA:0009177	ZP:0006595	PATO:0001531
ZFA:0000217	ZFA:0001617	ZP:0006632	PATO:0002083
ZFA:0000007	ZFA:0001267	ZP:0006637	PATO:0002269
ZFA:0000007	ZFA:0005024	ZP:0006638	PATO:0002269
ZFA:0000114	ZFA:0000007	ZP:0006659	PATO:0002270
ZFA:0000152	ZFA:0009301	ZP:0006676	PATO:0001999
ZFA:0000408	ZFA:0009301	ZP:0006678	PATO:0002001
ZFA:0000418	ZFA:0009301	ZP:0006679	PATO:0001999
ZFA:0000458	ZFA:0009301	ZP:0006681	PATO:0002001
ZFA:0000470	ZFA:0009301	ZP:0006682	PATO:0001999
ZFA:0001285	ZFA:0005295	ZP:0006685	PATO:0001505
ZFA:0000254	ZFA:0009096	ZP:0006687	PATO:0002001
ZFA:0001390	ZFA:0009096	ZP:0006688	PATO:0002001
ZFA:0001390	ZFA:0009102	ZP:0006689	PATO:0002001
ZFA:0001390	ZFA:0009104	ZP:0006690	PATO:0001999
ZFA:0001390	ZFA:0009104	ZP:0006691	PATO:0002001
ZFA:0001630	ZFA:0009031	ZP:0006779	PATO:0002002
ZFA:0009309	ZFA:0009256	ZP:0006831	PATO:0001470
ZFA:0000094	ZFA:0009324	ZP:0006877	PATO:0002001
ZFA:0000075	ZFA:0009052	ZP:0006939	PATO:0002001
ZFA:0000075	ZFA:0009247	ZP:0006940	PATO:0001999
ZFA:0000692	ZFA:0001205	ZP:0006947	PATO:0001961
ZFA:0001400	ZFA:0001422	ZP:0006951	PATO:0000642
ZFA:0000138	ZFA:0000138	ZP:0007054	PATO:0000374
ZFA:0009380	ZFA:0001100	ZP:0007079	PATO:0002261
ZFA:0000014	ZFA:0009303	ZP:0007101	PATO:0002002
ZFA:0000477	ZFA:0009303	ZP:0007103	PATO:0001999
ZFA:0001285	ZFA:0001057	ZP:0007107	PATO:0002002
ZFA:0001117	ZFA:0005145	ZP:0007114	PATO:0002002
ZFA:0000368	ZFA:0009183	ZP:0007143	PATO:0002270
ZFA:0001069	ZFA:0009183	ZP:0007144	PATO:0002270
ZFA:0000094	ZFA:0009014	ZP:0007158	PATO:0002001
ZFA:0005124	ZFA:0009034	ZP:0007165	PATO:0002001
ZFA:0009256	ZFA:0000114	ZP:0007182	PATO:0002269
ZFA:0000694	ZFA:0000694	ZP:0007223	PATO:0000374
ZFA:0000694	ZFA:0005142	ZP:0007224	PATO:0001163
ZFA:0001137	ZFA:0000694	ZP:0007226	PATO:0002002
ZFA:0001140	ZFA:0000694	ZP:0007227	PATO:0002001
ZFA:0000007	ZFA:0000084	ZP:0007249	PATO:0002270
ZFA:0001094	ZFA:0000166	ZP:0007266	PATO:0002000
ZFA:0000604	ZFA:0009181	ZP:0007276	PATO:0002001
ZFA:0001114	ZFA:0000007	ZP:0007278	PATO:0002270
ZFA:0001261	ZFA:0000007	ZP:0007280	PATO:0002270
ZFA:0005003	ZFA:0009181	ZP:0007284	PATO:0002001
ZFA:0001094	ZFA:0009091	ZP:0007331	PATO:0002000
ZFA:0001094	ZFA:0001285	ZP:0007345	PATO:0002001
ZFA:0000101	ZFA:0009301	ZP:0007356	PATO:0002000
ZFA:0000101	ZFA:0009301	ZP:0007357	PATO:0002001
ZFA:0000119	ZFA:0009255	ZP:0007359	PATO:0002000
ZFA:0000119	ZFA:0009255	ZP:0007360	PATO:0002001
ZFA:0000418	ZFA:0009301	ZP:0007361	PATO:0002000
ZFA:0000418	ZFA:0009301	ZP:0007362	PATO:0002001
ZFA:0000539	ZFA:0009301	ZP:0007363	PATO:0002001
ZFA:0000117	ZFA:0009307	ZP:0007366	PATO:0002002
ZFA:0000175	ZFA:0000940	ZP:0007385	PATO:0002002
ZFA:0000175	ZFA:0009073	ZP:0007386	PATO:0002001
ZFA:0001115	ZFA:0000940	ZP:0007387	PATO:0002002
ZFA:0001094	ZFA:0000108	ZP:0007404	PATO:0002000
ZFA:0005146	ZFA:0009301	ZP:0007422	PATO:0002001
ZFA:0001400	ZFA:0001400	ZP:0007470	PATO:0002327
ZFA:0000034	ZFA:0000940	ZP:0007518	PATO:0002002
ZFA:0000175	ZFA:0000105	ZP:0007520	PATO:0002261
ZFA:0000175	ZFA:0009135	ZP:0007522	PATO:0001999
ZFA:0000075	ZFA:0009067	ZP:0007580	PATO:0002001
ZFA:0005559	ZFA:0009303	ZP:0007583	PATO:0002002
ZFA:0001516	ZFA:0001516	ZP:0007596	PATO:0000375
ZFA:0001516	ZFA:0001516	ZP:0007597	PATO:0001852
ZFA:0000653	ZFA:0000418	ZP:0007607	PATO:0000642
ZFA:0000042	ZFA:0000051	ZP:0007623	PATO:0000375
ZFA:0000051	ZFA:0000051	ZP:0007624	PATO:0000374
ZFA:0001094	ZFA:0005605	ZP:0007659	PATO:0002000
ZFA:0000084	ZFA:0000007	ZP:0007666	PATO:0002270
ZFA:0000471	ZFA:0000007	ZP:0007667	PATO:0002270
ZFA:0001695	ZFA:0001695	ZP:0007681	PATO:0000642
ZFA:0000694	ZFA:0001239	ZP:0007755	PATO:0001453
ZFA:0001651	ZFA:0005621	ZP:0007765	PATO:0001453
ZFA:0001652	ZFA:0001514	ZP:0007766	PATO:0001453
ZFA:0001076	ZFA:0005125	ZP:0007787	PATO:0001999
ZFA:0001400	ZFA:0001522	ZP:0007804	PATO:0000642
ZFA:0000046	ZFA:0000144	ZP:0007852	PATO:0001453
ZFA:0001613	ZFA:0001517	ZP:0007914	PATO:0002000
ZFA:0001613	ZFA:0001518	ZP:0007915	PATO:0002000
ZFA:0001613	ZFA:0001519	ZP:0007916	PATO:0002000
ZFA:0001613	ZFA:0001520	ZP:0007917	PATO:0002000
ZFA:0001613	ZFA:0001521	ZP:0007918	PATO:0002000
ZFA:0000250	ZFA:0000284	ZP:0007954	PATO:0000642
ZFA:0000250	ZFA:0000674	ZP:0007955	PATO:0000642
ZFA:0000674	ZFA:0000284	ZP:0007961	PATO:0000642
ZFA:0001635	ZFA:0000476	ZP:0007969	PATO:0002002
ZFA:0000009	ZFA:0000471	ZP:0007973	PATO:0000374
ZFA:0009115	ZFA:0009115	ZP:0007991	PATO:0001505
ZFA:0000208	ZFA:0009000	ZP:0008014	PATO:0001999
ZFA:0000107	ZFA:0000143	ZP:0008026	PATO:0002000
ZFA:0000035	ZFA:0000144	ZP:0008044	PATO:0000374
ZFA:0000035	ZFA:0009199	ZP:0008045	PATO:0000374
ZFA:0000144	ZFA:0000035	ZP:0008050	PATO:0001852
ZFA:0000013	ZFA:0009053	ZP:0008079	PATO:0002001
ZFA:0000029	ZFA:0000110	ZP:0008080	PATO:0002000
ZFA:0000029	ZFA:0009361	ZP:0008081	PATO:0002001
ZFA:0000109	ZFA:0009301	ZP:0008083	PATO:0002001
ZFA:0000539	ZFA:0009214	ZP:0008085	PATO:0002001
ZFA:0001576	ZFA:0009214	ZP:0008089	PATO:0002001
ZFA:0000610	ZFA:0000610	ZP:0008116	PATO:0001052
ZFA:0001135	ZFA:0000938	ZP:0008156	PATO:0002002
ZFA:0001117	ZFA:0000041	ZP:0008161	PATO:0002001
ZFA:0000360	ZFA:0000092	ZP:0008186	PATO:0001792
ZFA:0000598	ZFA:0009005	ZP:0008204	PATO:0002001
ZFA:0000471	ZFA:0000009	ZP:0008218	PATO:0000133
ZFA:0009116	ZFA:0009116	ZP:0008228	PATO:0001654
ZFA:0000056	ZFA:0001613	ZP:0008230	PATO:0001999
ZFA:0000009	ZFA:0001615	ZP:0008249	PATO:0002001
ZFA:0000173	ZFA:0009235	ZP:0008250	PATO:0002000
ZFA:0001094	ZFA:0000604	ZP:0008251	PATO:0002000
ZFA:0000007	ZFA:0000094	ZP:0008259	PATO:0002270
ZFA:0000007	ZFA:0001117	ZP:0008260	PATO:0002270
ZFA:0000007	ZFA:0005249	ZP:0008261	PATO:0002270
ZFA:0000217	ZFA:0001617	ZP:0008303	PATO:0001999
ZFA:0000110	ZFA:0001626	ZP:0008307	PATO:0002270
ZFA:0000152	ZFA:0000435	ZP:0008312	PATO:0000642
ZFA:0001273	ZFA:0001272	ZP:0008317	PATO:0000642
ZFA:0001058	ZFA:0009256	ZP:0008340	PATO:0001999
ZFA:0009256	ZFA:0000006	ZP:0008341	PATO:0002269
ZFA:0000108	ZFA:0001554	ZP:0008348	PATO:0002001
ZFA:0001554	ZFA:0001554	ZP:0008362	PATO:0000642
GO:0001889	GO:0008283	ZP:0008366	PATO:0001570
GO:0048794	GO:0008283	ZP:0008367	PATO:0001570
ZFA:0000084	ZFA:0009048	ZP:0008379	PATO:0001999
ZFA:0000084	ZFA:0009141	ZP:0008380	PATO:0001999
ZFA:0000094	ZFA:0009048	ZP:0008381	PATO:0001999
ZFA:0000094	ZFA:0009141	ZP:0008382	PATO:0001999
ZFA:0001405	ZFA:0009084	ZP:0008399	PATO:0002001
ZFA:0009158	ZFA:0001094	ZP:0008462	PATO:0001453
ZFA:0001613	ZFA:0005622	ZP:0008487	PATO:0001999
ZFA:0001682	ZFA:0009075	ZP:0008489	PATO:0002270
ZFA:0001326	ZFA:0009034	ZP:0008516	PATO:0002002
ZFA:0009000	ZFA:0001117	ZP:0008537	PATO:0001453
ZFA:0000011	ZFA:0009323	ZP:0008566	PATO:0002270
ZFA:0001285	ZFA:0009000	ZP:0008568	PATO:0002001
ZFA:0001588	ZFA:0001588	ZP:0008615	PATO:0000642
ZFA:0000186	ZFA:0009044	ZP:0008667	PATO:0002270
ZFA:0001286	ZFA:0009044	ZP:0008669	PATO:0002270
ZFA:0009256	ZFA:0000011	ZP:0008697	PATO:0002270
ZFA:0009256	ZFA:0000014	ZP:0008698	PATO:0002270
ZFA:0001089	ZFA:0001089	ZP:0008730	PATO:0000374
ZFA:0000056	ZFA:0009094	ZP:0008761	PATO:0002001
ZFA:0001338	ZFA:0009094	ZP:0008773	PATO:0002001
ZFA:0001285	ZFA:0001285	ZP:0008789	PATO:0000642
ZFA:0000462	ZFA:0009115	ZP:0008828	PATO:0002001
ZFA:0000465	ZFA:0009115	ZP:0008829	PATO:0002001
ZFA:0000498	ZFA:0009115	ZP:0008830	PATO:0002001
ZFA:0000537	ZFA:0009115	ZP:0008831	PATO:0002001
ZFA:0000715	ZFA:0009115	ZP:0008832	PATO:0002001
ZFA:0001078	ZFA:0009350	ZP:0008872	PATO:0001999
ZFA:0000206	ZFA:0009052	ZP:0008897	PATO:0002001
ZFA:0001189	ZFA:0001189	ZP:0008902	PATO:0000374
ZFA:0001189	ZFA:0001336	ZP:0008903	PATO:0002001
ZFA:0001189	ZFA:0001364	ZP:0008904	PATO:0002001
ZFA:0001194	ZFA:0009003	ZP:0008906	PATO:0002001
ZFA:0000559	ZFA:0001617	ZP:0008924	PATO:0002083
ZFA:0005242	ZFA:0000150	ZP:0008944	PATO:0002269
ZFA:0001078	ZFA:0009350	ZP:0008996	PATO:0002001
GO:0009566	GO:0009566	ZP:0009025	PATO:0001570
ZFA:0000051	ZFA:0001617	ZP:0009090	PATO:0002001
ZFA:0009264	ZFA:0000035	ZP:0009098	PATO:0001852
ZFA:0001114	ZFA:0000138	ZP:0009137	PATO:0001999
ZFA:0000204	ZFA:0009115	ZP:0009168	PATO:0001999
ZFA:0000471	ZFA:0001614	ZP:0009279	PATO:0002001
ZFA:0001319	ZFA:0001320	ZP:0009283	PATO:0001667
ZFA:0000338	ZFA:0000059	ZP:0009295	PATO:0001999
ZFA:0000597	ZFA:0001108	ZP:0009296	PATO:0001999
ZFA:0001094	ZFA:0000206	ZP:0009297	PATO:0001999
ZFA:0001094	ZFA:0000387	ZP:0009298	PATO:0001999
ZFA:0001094	ZFA:0000453	ZP:0009299	PATO:0001999
ZFA:0001094	ZFA:0000664	ZP:0009300	PATO:0001999
ZFA:0001094	ZFA:0000697	ZP:0009301	PATO:0001999
ZFA:0001094	ZFA:0001365	ZP:0009302	PATO:0001999
ZFA:0001682	ZFA:0001657	ZP:0009307	PATO:0001999
ZFA:0000084	ZFA:0000006	ZP:0009316	PATO:0001646
ZFA:0001320	ZFA:0001319	ZP:0009336	PATO:0002233
ZFA:0001400	ZFA:0000092	ZP:0009348	PATO:0000133
ZFA:0001094	ZFA:0005025	ZP:0009367	PATO:0002000
ZFA:0000598	ZFA:0009288	ZP:0009389	PATO:0002270
ZFA:0000462	ZFA:0009115	ZP:0009494	PATO:0001999
ZFA:0000715	ZFA:0009115	ZP:0009500	PATO:0001999
ZFA:0001338	ZFA:0009094	ZP:0009538	PATO:0002000
ZFA:0000007	ZFA:0000154	ZP:0009539	PATO:0002269
ZFA:0005731	ZFA:0001032	ZP:0009568	PATO:0002261
ZFA:0000114	ZFA:0001317	ZP:0009571	PATO:0002000
ZFA:0001260	ZFA:0009101	ZP:0009574	PATO:0001999
ZFA:0001260	ZFA:0009103	ZP:0009575	PATO:0001999
ZFA:0001260	ZFA:0009105	ZP:0009576	PATO:0001999
ZFA:0001370	ZFA:0009101	ZP:0009577	PATO:0001999
ZFA:0001370	ZFA:0009105	ZP:0009578	PATO:0001999
ZFA:0000155	ZFA:0009291	ZP:0009618	PATO:0002002
ZFA:0000008	ZFA:0000042	ZP:0009626	PATO:0002000
ZFA:0000008	ZFA:0000445	ZP:0009627	PATO:0002000
ZFA:0005249	ZFA:0001285	ZP:0009672	PATO:0001999
ZFA:0000270	ZFA:0000270	ZP:0009676	PATO:0000642
ZFA:0000250	ZFA:0001280	ZP:0009695	PATO:0000642
ZFA:0000250	ZFA:0000476	ZP:0009727	PATO:0000642
ZFA:0001078	ZFA:0009250	ZP:0009735	PATO:0002000
ZFA:0001078	ZFA:0009250	ZP:0009736	PATO:0002001
ZFA:0000360	ZFA:0000360	ZP:0009793	PATO:0000642
ZFA:0001400	ZFA:0001400	ZP:0009818	PATO:0001590
ZFA:0001517	ZFA:0001517	ZP:0009820	PATO:0000133
ZFA:0001520	ZFA:0001520	ZP:0009822	PATO:0000133
ZFA:0000019	ZFA:0009127	ZP:0009827	PATO:0002001
ZFA:0000075	ZFA:0009076	ZP:0009848	PATO:0002001
ZFA:0000075	ZFA:0009076	ZP:0009849	PATO:0002002
ZFA:0001094	ZFA:0009256	ZP:0009869	PATO:0002000
ZFA:0000107	ZFA:0000101	ZP:0009888	PATO:0001645
ZFA:0000155	ZFA:0000155	ZP:0009895	PATO:0000133
ZFA:0000944	ZFA:0000243	ZP:0009929	PATO:0001999
ZFA:0001115	ZFA:0000243	ZP:0009933	PATO:0001999
ZFA:0001511	ZFA:0001400	ZP:0009943	PATO:0000642
ZFA:0001511	ZFA:0001422	ZP:0009944	PATO:0000642
ZFA:0000168	ZFA:0000678	ZP:0009994	PATO:0002001
ZFA:0000386	ZFA:0000386	ZP:0010032	PATO:0000642
ZFA:0001094	ZFA:0000079	ZP:0010084	PATO:0002000
ZFA:0001094	ZFA:0000107	ZP:0010085	PATO:0002000
ZFA:0000095	ZFA:0001460	ZP:0010091	PATO:0002001
ZFA:0001094	ZFA:0001285	ZP:0010111	PATO:0001999
ZFA:0001094	ZFA:0005034	ZP:0010112	PATO:0001999
ZFA:0005024	ZFA:0005034	ZP:0010113	PATO:0002000
ZFA:0000107	ZFA:0000008	ZP:0010125	PATO:0000642
ZFA:0007064	ZFA:0007065	ZP:0010203	PATO:0000642
ZFA:0001405	ZFA:0001405	ZP:0010224	PATO:0000651
ZFA:0000152	ZFA:0009280	ZP:0010237	PATO:0002000
ZFA:0000640	ZFA:0001687	ZP:0010261	PATO:0001999
ZFA:0000107	ZFA:0000107	ZP:0010276	PATO:0002259
ZFA:0001094	ZFA:0000200	ZP:0010289	PATO:0002000
ZFA:0001094	ZFA:0001460	ZP:0010291	PATO:0002000
ZFA:0001285	ZFA:0009036	ZP:0010304	PATO:0002001
ZFA:0000001	ZFA:0000084	ZP:0010312	PATO:0001852
ZFA:0001670	ZFA:0009000	ZP:0010354	PATO:0002001
GO:0021884	GO:0048665	ZP:0010359	PATO:0001564
ZFA:0001557	ZFA:0001557	ZP:0010368	PATO:0000374
ZFA:0000816	ZFA:0001074	ZP:0010376	PATO:0002001
ZFA:0001119	ZFA:0000105	ZP:0010398	PATO:0001505
ZFA:0000450	ZFA:0009248	ZP:0010428	PATO:0002001
ZFA:0000553	ZFA:0009248	ZP:0010430	PATO:0002001
ZFA:0001367	ZFA:0001692	ZP:0010435	PATO:0000375
ZFA:0000051	ZFA:0009366	ZP:0010439	PATO:0002001
ZFA:0001580	ZFA:0001321	ZP:0010443	PATO:0002000
ZFA:0000137	ZFA:0000137	ZP:0010473	PATO:0000642
ZFA:0001094	ZFA:0009256	ZP:0010479	PATO:0002001
ZFA:0001058	ZFA:0009044	ZP:0010487	PATO:0002270
ZFA:0001205	ZFA:0001205	ZP:0010494	PATO:0001590
ZFA:0001400	ZFA:0001520	ZP:0010495	PATO:0000642
ZFA:0000155	ZFA:0001086	ZP:0010514	PATO:0002000
ZFA:0000243	ZFA:0009367	ZP:0010579	PATO:0002001
ZFA:0005566	ZFA:0009000	ZP:0010604	PATO:0002270
ZFA:0007057	ZFA:0005046	ZP:0010606	PATO:0002002
ZFA:0000152	ZFA:0009275	ZP:0010622	PATO:0002002
ZFA:0001094	ZFA:0009091	ZP:0010627	PATO:0001999
ZFA:0001094	ZFA:0009249	ZP:0010628	PATO:0001999
ZFA:0000669	ZFA:0009354	ZP:0010651	PATO:0001999
ZFA:0009014	ZFA:0005028	ZP:0010655	PATO:0002270
GO:0036268	GO:0036269	ZP:0010659	PATO:0000375
ZFA:0001390	ZFA:0005598	ZP:0010660	PATO:0002002
ZFA:0000152	ZFA:0009127	ZP:0010684	PATO:0001999
ZFA:0000152	ZFA:0009255	ZP:0010685	PATO:0001999
ZFA:0000151	ZFA:0001557	ZP:0010708	PATO:0002000
ZFA:0000126	ZFA:0000126	ZP:0010729	PATO:0000642
ZFA:0000123	ZFA:0009111	ZP:0010744	PATO:0002001
ZFA:0001094	ZFA:0009141	ZP:0010759	PATO:0002000
ZFA:0000407	ZFA:0001161	ZP:0010763	PATO:0001652
ZFA:0000007	ZFA:0001286	ZP:0010788	PATO:0002269
ZFA:0001267	ZFA:0005020	ZP:0010793	PATO:0001999
ZFA:0000094	ZFA:0009309	ZP:0010822	PATO:0002000
ZFA:0001400	ZFA:0001400	ZP:0010843	PATO:0002328
ZFA:0009015	ZFA:0000033	ZP:0010848	PATO:0002270
ZFA:0005145	ZFA:0000092	ZP:0010857	PATO:0002168
ZFA:0000051	ZFA:0009366	ZP:0010878	PATO:0002002
ZFA:0000030	ZFA:0001098	ZP:0010905	PATO:0002002
ZFA:0000030	ZFA:0005565	ZP:0010906	PATO:0002002
ZFA:0000030	ZFA:0009366	ZP:0010907	PATO:0002002
ZFA:0000051	ZFA:0005244	ZP:0010908	PATO:0001999
ZFA:0000051	ZFA:0005565	ZP:0010909	PATO:0002002
ZFA:0000386	ZFA:0009366	ZP:0010910	PATO:0002002
ZFA:0000566	ZFA:0009366	ZP:0010911	PATO:0002002
GO:0030325	GO:0016477	ZP:0010938	PATO:0001558
ZFA:0000072	ZFA:0000728	ZP:0010948	PATO:0000642
ZFA:0000823	ZFA:0000072	ZP:0010951	PATO:0000375
ZFA:0001094	ZFA:0000257	ZP:0010952	PATO:0002000
ZFA:0001094	ZFA:0001131	ZP:0010953	PATO:0002000
ZFA:0001094	ZFA:0001134	ZP:0010954	PATO:0002000
ZFA:0001094	ZFA:0001161	ZP:0010955	PATO:0002000
ZFA:0001157	ZFA:0005227	ZP:0010983	PATO:0001999
ZFA:0000051	ZFA:0001095	ZP:0010988	PATO:0002001
ZFA:0009044	ZFA:0001115	ZP:0011047	PATO:0002270
ZFA:0009138	ZFA:0000038	ZP:0011048	PATO:0002269
ZFA:0000110	ZFA:0000110	ZP:0011061	PATO:0001505
ZFA:0000155	ZFA:0000671	ZP:0011077	PATO:0002000
ZFA:0001058	ZFA:0009244	ZP:0011081	PATO:0002000
ZFA:0001198	ZFA:0000035	ZP:0011085	PATO:0002470
ZFA:0000713	ZFA:0000713	ZP:0011095	PATO:0000642
ZFA:0001094	ZFA:0000042	ZP:0011104	PATO:0002000
ZFA:0001094	ZFA:0000100	ZP:0011105	PATO:0002000
ZFA:0000094	ZFA:0009325	ZP:0011110	PATO:0002002
ZFA:0001399	ZFA:0001205	ZP:0011120	PATO:0000642
ZFA:0001422	ZFA:0001400	ZP:0011121	PATO:0000642
ZFA:0007067	ZFA:0007067	ZP:0011183	PATO:0001999
ZFA:0000530	ZFA:0000676	ZP:0011187	PATO:0002259
ZFA:0000051	ZFA:0009366	ZP:0011244	PATO:0002000
ZFA:0001094	ZFA:0000051	ZP:0011247	PATO:0002000
ZFA:0000007	ZFA:0001114	ZP:0011258	PATO:0002269
ZFA:0000007	ZFA:0001117	ZP:0011259	PATO:0002269
ZFA:0000032	ZFA:0009213	ZP:0011270	PATO:0002001
ZFA:0009000	ZFA:0001135	ZP:0011277	PATO:0001453
ZFA:0009306	ZFA:0000110	ZP:0011288	PATO:0002168
ZFA:0001094	ZFA:0000050	ZP:0011300	PATO:0002000
ZFA:0000075	ZFA:0000778	ZP:0011303	PATO:0002001
ZFA:0000075	ZFA:0005240	ZP:0011304	PATO:0002001
ZFA:0001094	ZFA:0000076	ZP:0011305	PATO:0002000
ZFA:0001211	ZFA:0000072	ZP:0011308	PATO:0000375
ZFA:0000539	ZFA:0009248	ZP:0011315	PATO:0001999
ZFA:0001306	ZFA:0009248	ZP:0011316	PATO:0002001
ZFA:0005028	ZFA:0009014	ZP:0011344	PATO:0002001
ZFA:0000079	ZFA:0009301	ZP:0011364	PATO:0001999
ZFA:0001094	ZFA:0009091	ZP:0011368	PATO:0002001
ZFA:0001094	ZFA:0009198	ZP:0011369	PATO:0002000
ZFA:0001094	ZFA:0009198	ZP:0011370	PATO:0002001
ZFA:0001114	ZFA:0009198	ZP:0011371	PATO:0002001
ZFA:0001115	ZFA:0009198	ZP:0011373	PATO:0002000
ZFA:0001162	ZFA:0001463	ZP:0011380	PATO:0002001
ZFA:0005035	ZFA:0005604	ZP:0011399	PATO:0002002
ZFA:0001338	ZFA:0005125	ZP:0011421	PATO:0002000
ZFA:0001338	ZFA:0009038	ZP:0011422	PATO:0002000
ZFA:0000075	ZFA:0009292	ZP:0011429	PATO:0002001
ZFA:0000948	ZFA:0000823	ZP:0011453	PATO:0000375
ZFA:0001058	ZFA:0000200	ZP:0011467	PATO:0001999
ZFA:0001612	ZFA:0009084	ZP:0011468	PATO:0002001
ZFA:0001135	ZFA:0009292	ZP:0011478	PATO:0002002
ZFA:0001259	ZFA:0009075	ZP:0011480	PATO:0002002
ZFA:0005000	ZFA:0005017	ZP:0011504	PATO:0001453
ZFA:0000059	ZFA:0009075	ZP:0011511	PATO:0002001
ZFA:0001108	ZFA:0009075	ZP:0011512	PATO:0002001
ZFA:0001114	ZFA:0001460	ZP:0011516	PATO:0001999
ZFA:0001612	ZFA:0001611	ZP:0011519	PATO:0000642
ZFA:0001580	ZFA:0001321	ZP:0011526	PATO:0002001
ZFA:0000711	ZFA:0000086	ZP:0011535	PATO:0001453
ZFA:0000014	ZFA:0000180	ZP:0011558	PATO:0000375
ZFA:0000075	ZFA:0009076	ZP:0011569	PATO:0001999
ZFA:0000075	ZFA:0009244	ZP:0011570	PATO:0002000
ZFA:0001057	ZFA:0009065	ZP:0011586	PATO:0001999
ZFA:0000112	ZFA:0005775	ZP:0011615	PATO:0002001
ZFA:0000445	ZFA:0000445	ZP:0011616	PATO:0000374
ZFA:0000094	ZFA:0009327	ZP:0011617	PATO:0002001
ZFA:0001207	ZFA:0000072	ZP:0011634	PATO:0000375
ZFA:0001338	ZFA:0009097	ZP:0011664	PATO:0002001
ZFA:0001094	ZFA:0001422	ZP:0011686	PATO:0001999
ZFA:0000107	ZFA:0009199	ZP:0011692	PATO:0002001
ZFA:0001058	ZFA:0009199	ZP:0011693	PATO:0002001
ZFA:0001115	ZFA:0001463	ZP:0011694	PATO:0001999
ZFA:0001115	ZFA:0001463	ZP:0011695	PATO:0002001
ZFA:0001162	ZFA:0009199	ZP:0011697	PATO:0002001
ZFA:0000152	ZFA:0009310	ZP:0011707	PATO:0002001
ZFA:0001114	ZFA:0000243	ZP:0011711	PATO:0002083
ZFA:0001114	ZFA:0001291	ZP:0011726	PATO:0002000
ZFA:0001114	ZFA:0001295	ZP:0011727	PATO:0002000
ZFA:0001114	ZFA:0001301	ZP:0011728	PATO:0002000
ZFA:0001114	ZFA:0001302	ZP:0011729	PATO:0002000
ZFA:0001114	ZFA:0001303	ZP:0011730	PATO:0002000
ZFA:0001114	ZFA:0001304	ZP:0011731	PATO:0002000
ZFA:0001114	ZFA:0001305	ZP:0011732	PATO:0002000
ZFA:0000094	ZFA:0009141	ZP:0011750	PATO:0002001
ZFA:0001094	ZFA:0001477	ZP:0011758	PATO:0001999
ZFA:0000150	ZFA:0000150	ZP:0011768	PATO:0001961
ZFA:0005134	ZFA:0001153	ZP:0011781	PATO:0001999
ZFA:0009003	ZFA:0009003	ZP:0011788	PATO:0002280
ZFA:0009004	ZFA:0009004	ZP:0011791	PATO:0002280
ZFA:0000944	ZFA:0009135	ZP:0011800	PATO:0002000
ZFA:0001162	ZFA:0009091	ZP:0011809	PATO:0002001
ZFA:0001176	ZFA:0000084	ZP:0011826	PATO:0001505
ZFA:0000009	ZFA:0009000	ZP:0011827	PATO:0002002
ZFA:0000471	ZFA:0009000	ZP:0011828	PATO:0002002
ZFA:0000008	ZFA:0001261	ZP:0011829	PATO:0001999
ZFA:0000075	ZFA:0009244	ZP:0011832	PATO:0002001
ZFA:0000477	ZFA:0005603	ZP:0011837	PATO:0001999
ZFA:0000035	ZFA:0000152	ZP:0011869	PATO:0001453
ZFA:0000152	ZFA:0009000	ZP:0011875	PATO:0002001
ZFA:0009116	ZFA:0000610	ZP:0011883	PATO:0001453
ZFA:0005145	ZFA:0009114	ZP:0011904	PATO:0000374
ZFA:0001317	ZFA:0009316	ZP:0011910	PATO:0001999
ZFA:0001400	ZFA:0001400	ZP:0011922	PATO:0001654
ZFA:0001460	ZFA:0001460	ZP:0011923	PATO:0001654
ZFA:0000007	ZFA:0000009	ZP:0011945	PATO:0002269
ZFA:0001094	ZFA:0000671	ZP:0011971	PATO:0002000
ZFA:0009115	ZFA:0009115	ZP:0011979	PATO:0001654
ZFA:0000519	ZFA:0000519	ZP:0011996	PATO:0000642
ZFA:0001066	ZFA:0001066	ZP:0011999	PATO:0000642
ZFA:0001094	ZFA:0001069	ZP:0012024	PATO:0002000
ZFA:0000206	ZFA:0001032	ZP:0012029	PATO:0002269
ZFA:0000114	ZFA:0005059	ZP:0012039	PATO:0002000
ZFA:0000173	ZFA:0009316	ZP:0012050	PATO:0002002
ZFA:0000029	ZFA:0009076	ZP:0012054	PATO:0002001
ZFA:0000029	ZFA:0009169	ZP:0012055	PATO:0002001
ZFA:0000075	ZFA:0005247	ZP:0012056	PATO:0002000
ZFA:0001282	ZFA:0009202	ZP:0012060	PATO:0002002
ZFA:0001282	ZFA:0009204	ZP:0012061	PATO:0002001
ZFA:0001282	ZFA:0009216	ZP:0012062	PATO:0002001
ZFA:0000094	ZFA:0009014	ZP:0012118	PATO:0002002
ZFA:0001162	ZFA:0009198	ZP:0012124	PATO:0002001
ZFA:0000029	ZFA:0009292	ZP:0012140	PATO:0002000
ZFA:0000032	ZFA:0009301	ZP:0012151	PATO:0001999
ZFA:0000101	ZFA:0009301	ZP:0012152	PATO:0001999
ZFA:0001576	ZFA:0005777	ZP:0012154	PATO:0001999
ZFA:0009000	ZFA:0001259	ZP:0012158	PATO:0002269
ZFA:0000029	ZFA:0009076	ZP:0012161	PATO:0002000
ZFA:0000109	ZFA:0009076	ZP:0012163	PATO:0002000
ZFA:0000109	ZFA:0009076	ZP:0012164	PATO:0002001
ZFA:0000109	ZFA:0009276	ZP:0012165	PATO:0002000
ZFA:0000109	ZFA:0009276	ZP:0012166	PATO:0002001
ZFA:0001094	ZFA:0000141	ZP:0012189	PATO:0001999
ZFA:0005784	ZFA:0005784	ZP:0012203	PATO:0001654
ZFA:0009115	ZFA:0001462	ZP:0012208	PATO:0001453
ZFA:0000107	ZFA:0000107	ZP:0012213	PATO:0002233
ZFA:0000047	ZFA:0009358	ZP:0012222	PATO:0002001
ZFA:0005110	ZFA:0009065	ZP:0012223	PATO:0002001
ZFA:0001189	ZFA:0001189	ZP:0012231	PATO:0002326
ZFA:0000014	ZFA:0009065	ZP:0012237	PATO:0001999
ZFA:0000033	ZFA:0009014	ZP:0012238	PATO:0001999
ZFA:0001078	ZFA:0009046	ZP:0012240	PATO:0001999
ZFA:0001058	ZFA:0001463	ZP:0012253	PATO:0002001
ZFA:0009091	ZFA:0009198	ZP:0012255	PATO:0002512
ZFA:0000944	ZFA:0000243	ZP:0012273	PATO:0002001
ZFA:0001058	ZFA:0000243	ZP:0012274	PATO:0002000
ZFA:0000051	ZFA:0001617	ZP:0012293	PATO:0001999
ZFA:0005221	ZFA:0009199	ZP:0012299	PATO:0001999
ZFA:0000094	ZFA:0009327	ZP:0012315	PATO:0002002
ZFA:0000045	ZFA:0000092	ZP:0012318	PATO:0002269
ZFA:0009044	ZFA:0000173	ZP:0012320	PATO:0002269
ZFA:0001463	ZFA:0009091	ZP:0012367	PATO:0001999
ZFA:0000024	ZFA:0009310	ZP:0012373	PATO:0002001
ZFA:0001079	ZFA:0005787	ZP:0012379	PATO:0002000
ZFA:0001079	ZFA:0005790	ZP:0012380	PATO:0002000
ZFA:0005003	ZFA:0009036	ZP:0012402	PATO:0002001
ZFA:0000075	ZFA:0009052	ZP:0012413	PATO:0001999
ZFA:0000152	ZFA:0009222	ZP:0012414	PATO:0002001
ZFA:0000168	ZFA:0000558	ZP:0012422	PATO:0000375
ZFA:0000217	ZFA:0000166	ZP:0012423	PATO:0002000
ZFA:0000217	ZFA:0000220	ZP:0012424	PATO:0002000
ZFA:0000471	ZFA:0001615	ZP:0012436	PATO:0002000
ZFA:0005028	ZFA:0009014	ZP:0012446	PATO:0002000
ZFA:0000075	ZFA:0009076	ZP:0012452	PATO:0002000
ZFA:0001155	ZFA:0005775	ZP:0012457	PATO:0002000
ZFA:0001155	ZFA:0005775	ZP:0012458	PATO:0002001
ZFA:0005124	ZFA:0009094	ZP:0012459	PATO:0001999
ZFA:0005124	ZFA:0009097	ZP:0012460	PATO:0001999
ZFA:0000069	ZFA:0005730	ZP:0012464	PATO:0002001
ZFA:0000949	ZFA:0005730	ZP:0012465	PATO:0002001
ZFA:0001032	ZFA:0005730	ZP:0012466	PATO:0002002
ZFA:0000604	ZFA:0000173	ZP:0012467	PATO:0001505
ZFA:0005731	ZFA:0000543	ZP:0012482	PATO:0001453
ZFA:0001390	ZFA:0009102	ZP:0012491	PATO:0002000
ZFA:0001078	ZFA:0009046	ZP:0012495	PATO:0002001
ZFA:0001078	ZFA:0009082	ZP:0012496	PATO:0002002
ZFA:0005779	ZFA:0009034	ZP:0012497	PATO:0002001
ZFA:0000109	ZFA:0001108	ZP:0012513	PATO:0002000
ZFA:0001359	ZFA:0009127	ZP:0012522	PATO:0002002
ZFA:0001360	ZFA:0009000	ZP:0012524	PATO:0002001
ZFA:0001094	ZFA:0000135	ZP:0012530	PATO:0002000
ZFA:0005309	ZFA:0000186	ZP:0012535	PATO:0001667
ZFA:0001611	ZFA:0001606	ZP:0012544	PATO:0000642
ZFA:0000200	ZFA:0009248	ZP:0012554	PATO:0002001
ZFA:0000152	ZFA:0009221	ZP:0012562	PATO:0002001
ZFA:0007052	ZFA:0007052	ZP:0012573	PATO:0002174
ZFA:0001162	ZFA:0009091	ZP:0012580	PATO:0002000
ZFA:0005023	ZFA:0009256	ZP:0012621	PATO:0002001
ZFA:0005023	ZFA:0009323	ZP:0012622	PATO:0002001
ZFA:0001463	ZFA:0009091	ZP:0012649	PATO:0002001
ZFA:0001617	ZFA:0000559	ZP:0012681	PATO:0001453
ZFA:0000051	ZFA:0005244	ZP:0012692	PATO:0002001
ZFA:0000051	ZFA:0005565	ZP:0012711	PATO:0002000
ZFA:0000140	ZFA:0005739	ZP:0012713	PATO:0001999
ZFA:0000123	ZFA:0000112	ZP:0012730	PATO:0001793
ZFA:0000140	ZFA:0000112	ZP:0012731	PATO:0001792
ZFA:0000386	ZFA:0000386	ZP:0012732	PATO:0002259
ZFA:0000558	ZFA:0009366	ZP:0012733	PATO:0002002
ZFA:0001094	ZFA:0009000	ZP:0012735	PATO:0002001
ZFA:0001094	ZFA:0009000	ZP:0012736	PATO:0002002
ZFA:0001094	ZFA:0009000	ZP:0012737	PATO:0002083
ZFA:0000558	ZFA:0009366	ZP:0012739	PATO:0002001
ZFA:0000117	ZFA:0009139	ZP:0012766	PATO:0002002
ZFA:0009099	ZFA:0001345	ZP:0012787	PATO:0002261
ZFA:0009099	ZFA:0001346	ZP:0012788	PATO:0002261
ZFA:0005002	ZFA:0001052	ZP:0012813	PATO:0001453
ZFA:0001056	ZFA:0009116	ZP:0012879	PATO:0001905
ZFA:0000368	ZFA:0005327	ZP:0012886	PATO:0001905
ZFA:0001117	ZFA:0001069	ZP:0013002	PATO:0001905
ZFA:0000152	ZFA:0009154	ZP:0013005	PATO:0001905
ZFA:0000075	ZFA:0009150	ZP:0013035	PATO:0001905
ZFA:0000075	ZFA:0009245	ZP:0013036	PATO:0001905
ZFA:0000152	ZFA:0009280	ZP:0013043	PATO:0001905
ZFA:0000001	ZFA:0009000	ZP:0013111	PATO:0001905
ZFA:0001400	ZFA:0001205	ZP:0013125	PATO:0000040
ZFA:0001576	ZFA:0005777	ZP:0013147	PATO:0001905
ZFA:0000108	ZFA:0001463	ZP:0013155	PATO:0001905
ZFA:0000017	ZFA:0009096	ZP:0013221	PATO:0001905
ZFA:0001370	ZFA:0009228	ZP:0013222	PATO:0001905
ZFA:0001094	ZFA:0009150	ZP:0013225	PATO:0001905
ZFA:0001267	ZFA:0009036	ZP:0013248	PATO:0001905
ZFA:0001390	ZFA:0009102	ZP:0013351	PATO:0001905
ZFA:0009116	ZFA:0001089	ZP:0013364	PATO:0001435
ZFA:0001056	ZFA:0001086	ZP:0013389	PATO:0001905
ZFA:0001285	ZFA:0009065	ZP:0013404	PATO:0001905
ZFA:0000094	ZFA:0009323	ZP:0013412	PATO:0001905
ZFA:0000029	ZFA:0009076	ZP:0013415	PATO:0001905
ZFA:0001282	ZFA:0009155	ZP:0013425	PATO:0001905
ZFA:0001282	ZFA:0009204	ZP:0013426	PATO:0001905
ZFA:0001282	ZFA:0009216	ZP:0013427	PATO:0001905
ZFA:0001282	ZFA:0009218	ZP:0013428	PATO:0001905
ZFA:0000694	ZFA:0001239	ZP:0013436	PATO:0001667
ZFA:0001139	ZFA:0000694	ZP:0013437	PATO:0001905
ZFA:0000152	ZFA:0009301	ZP:0013509	PATO:0001905
ZFA:0000109	ZFA:0009290	ZP:0013548	PATO:0001905
ZFA:0000471	ZFA:0001614	ZP:0013558	PATO:0001905
ZFA:0000471	ZFA:0009316	ZP:0013559	PATO:0001905
ZFA:0000669	ZFA:0009349	ZP:0013645	PATO:0001905
ZFA:0001115	ZFA:0000155	ZP:0013648	PATO:0001905
ZFA:0005081	ZFA:0009036	ZP:0013706	PATO:0001905
ZFA:0001094	ZFA:0001106	ZP:0013742	PATO:0001905
ZFA:0001155	ZFA:0005775	ZP:0013769	PATO:0001905
ZFA:0001390	ZFA:0009228	ZP:0013873	PATO:0001905
ZFA:0001557	ZFA:0001557	ZP:0013880	PATO:0001505
ZFA:0005124	ZFA:0009269	ZP:0013888	PATO:0002001
ZFA:0005124	ZFA:0009094	ZP:0013892	PATO:0002002
ZFA:0000144	ZFA:0000152	ZP:0013942	PATO:0002464
ZFA:0000117	ZFA:0009139	ZP:0013965	PATO:0002000
ZFA:0000117	ZFA:0009139	ZP:0013966	PATO:0002001
ZFA:0001069	ZFA:0000089	ZP:0013973	PATO:0002001
ZFA:0001285	ZFA:0000155	ZP:0014035	PATO:0002464
ZFA:0001094	ZFA:0001117	ZP:0014054	PATO:0001999
ZFA:0000713	ZFA:0000713	ZP:0014066	PATO:0002259
ZFA:0001365	ZFA:0001365	ZP:0014067	PATO:0002259
ZFA:0000418	ZFA:0009301	ZP:0014109	PATO:0001905
ZFA:0000470	ZFA:0009301	ZP:0014110	PATO:0001905
ZFA:0000539	ZFA:0009301	ZP:0014111	PATO:0001905
ZFA:0000107	ZFA:0000107	ZP:0014121	PATO:0000040
ZFA:0000217	ZFA:0001617	ZP:0014191	PATO:0001905
ZFA:0000028	ZFA:0009316	ZP:0014282	PATO:0002001
ZFA:0001117	ZFA:0009141	ZP:0014288	PATO:0002001
ZFA:0000360	ZFA:0000092	ZP:0014361	PATO:0001793
ZFA:0001673	ZFA:0001673	ZP:0014398	PATO:0000642
ZFA:0001372	ZFA:0009096	ZP:0014422	PATO:0002002
ZFA:0005346	ZFA:0009096	ZP:0014423	PATO:0002002
ZFA:0001269	ZFA:0009327	ZP:0014444	PATO:0002001
ZFA:0001117	ZFA:0000135	ZP:0014474	PATO:0002000
ZFA:0000101	ZFA:0009301	ZP:0014477	PATO:0002002
ZFA:0000123	ZFA:0005164	ZP:0014500	PATO:0002001
ZFA:0005164	ZFA:0005164	ZP:0014501	PATO:0001505
ZFA:0000075	ZFA:0009248	ZP:0014529	PATO:0001905
ZFA:0005033	ZFA:0001285	ZP:0014544	PATO:0001435
ZFA:0001580	ZFA:0001321	ZP:0014562	PATO:0001905
ZFA:0009116	ZFA:0000155	ZP:0014571	PATO:0002047
ZFA:0000204	ZFA:0009115	ZP:0014572	PATO:0001905
ZFA:0000152	ZFA:0009077	ZP:0014635	PATO:0002002
ZFA:0000008	ZFA:0009077	ZP:0014663	PATO:0001905
ZFA:0001282	ZFA:0009218	ZP:0014664	PATO:0001999
ZFA:0005126	ZFA:0009094	ZP:0014669	PATO:0002002
ZFA:0005127	ZFA:0009094	ZP:0014670	PATO:0002002
ZFA:0005128	ZFA:0009094	ZP:0014671	PATO:0002002
ZFA:0005145	ZFA:0005647	ZP:0014746	PATO:0001453
ZFA:0000152	ZFA:0000008	ZP:0014758	PATO:0001646
ZFA:0000152	ZFA:0009275	ZP:0014759	PATO:0002001
ZFA:0000862	ZFA:0005494	ZP:0014770	PATO:0002002
ZFA:0000152	ZFA:0009280	ZP:0014786	PATO:0002001
ZFA:0000477	ZFA:0009141	ZP:0014790	PATO:0002002
ZFA:0000075	ZFA:0009247	ZP:0014793	PATO:0001905
ZFA:0000217	ZFA:0001617	ZP:0014816	PATO:0002002
ZFA:0000152	ZFA:0000008	ZP:0014842	PATO:0001645
ZFA:0001094	ZFA:0000017	ZP:0014859	PATO:0002000
ZFA:0000678	ZFA:0000030	ZP:0014911	PATO:0001646
ZFA:0001472	ZFA:0009367	ZP:0014912	PATO:0002002
ZFA:0000243	ZFA:0009367	ZP:0014915	PATO:0001999
ZFA:0000386	ZFA:0009366	ZP:0014919	PATO:0002001
ZFA:0000140	ZFA:0009102	ZP:0014943	PATO:0001905
ZFA:0000476	ZFA:0000476	ZP:0014999	PATO:0000642
ZFA:0000548	ZFA:0000548	ZP:0015000	PATO:0000642
ZFA:0000413	ZFA:0000413	ZP:0015024	PATO:0000642
ZFA:0000140	ZFA:0000140	ZP:0015025	PATO:0000133
ZFA:0000277	ZFA:0000277	ZP:0015034	PATO:0000133
ZFA:0000115	ZFA:0009316	ZP:0015049	PATO:0002001
ZFA:0000009	ZFA:0005060	ZP:0015050	PATO:0002000
ZFA:0001285	ZFA:0009036	ZP:0015063	PATO:0002002
ZFA:0000360	ZFA:0001320	ZP:0015064	PATO:0001905
ZFA:0000114	ZFA:0009316	ZP:0015065	PATO:0001905
ZFA:0000009	ZFA:0009316	ZP:0015069	PATO:0002002
ZFA:0000114	ZFA:0009316	ZP:0015070	PATO:0002002
ZFA:0000471	ZFA:0009316	ZP:0015071	PATO:0002002
ZFA:0000152	ZFA:0009310	ZP:0015073	PATO:0002002
ZFA:0000243	ZFA:0000243	ZP:0015079	PATO:0000374
ZFA:0000243	ZFA:0000243	ZP:0015080	PATO:0000375
ZFA:0001155	ZFA:0009248	ZP:0015085	PATO:0002001
ZFA:0001155	ZFA:0009361	ZP:0015086	PATO:0002001
ZFA:0000075	ZFA:0005233	ZP:0015125	PATO:0002001
ZFA:0009256	ZFA:0001114	ZP:0015184	PATO:0002269
ZFA:0001202	ZFA:0001202	ZP:0015245	PATO:0000642
ZFA:0000050	ZFA:0000050	ZP:0015246	PATO:0000642
ZFA:0001094	ZFA:0000022	ZP:0015247	PATO:0002000
ZFA:0001306	ZFA:0001128	ZP:0015253	PATO:0002000
ZFA:0001306	ZFA:0001130	ZP:0015254	PATO:0002000
ZFA:0000823	ZFA:0000072	ZP:0015277	PATO:0000040
ZFA:0005028	ZFA:0009256	ZP:0015283	PATO:0002000
ZFA:0000217	ZFA:0000530	ZP:0015320	PATO:0002000
ZFA:0000217	ZFA:0000676	ZP:0015333	PATO:0002000
ZFA:0001360	ZFA:0000019	ZP:0015337	PATO:0001793
ZFA:0009157	ZFA:0000105	ZP:0015363	PATO:0002270
ZFA:0000423	ZFA:0000477	ZP:0015381	PATO:0000651
ZFA:0001054	ZFA:0001054	ZP:0015382	PATO:0000651
ZFA:0000140	ZFA:0005756	ZP:0015418	PATO:0002001
ZFA:0000119	ZFA:0009168	ZP:0015422	PATO:0002001
ZFA:0001464	ZFA:0009168	ZP:0015423	PATO:0002002
ZFA:0001094	ZFA:0009065	ZP:0015428	PATO:0002000
ZFA:0001271	ZFA:0001079	ZP:0015430	PATO:0002000
ZFA:0000155	ZFA:0000155	ZP:0015434	PATO:0001322
ZFA:0005095	ZFA:0009044	ZP:0015453	PATO:0002270
ZFA:0000094	ZFA:0009141	ZP:0015465	PATO:0002002
ZFA:0001267	ZFA:0009065	ZP:0015501	PATO:0002001
ZFA:0001320	ZFA:0009065	ZP:0015502	PATO:0002001
ZFA:0000075	ZFA:0005177	ZP:0015547	PATO:0001905
ZFA:0000075	ZFA:0005233	ZP:0015548	PATO:0001905
ZFA:0000075	ZFA:0005177	ZP:0015549	PATO:0002001
ZFA:0000032	ZFA:0009276	ZP:0015557	PATO:0002001
ZFA:0000032	ZFA:0009361	ZP:0015558	PATO:0002001
ZFA:0000032	ZFA:0009019	ZP:0015560	PATO:0002002
ZFA:0000032	ZFA:0009292	ZP:0015561	PATO:0002002
ZFA:0000032	ZFA:0009292	ZP:0015572	PATO:0002001
ZFA:0005792	ZFA:0005791	ZP:0015616	PATO:0002001
ZFA:0001550	ZFA:0001550	ZP:0015645	PATO:0000642
ZFA:0000075	ZFA:0009053	ZP:0015713	PATO:0002001
ZFA:0000943	ZFA:0001554	ZP:0015738	PATO:0002001
ZFA:0001123	ZFA:0001554	ZP:0015739	PATO:0002001
ZFA:0001184	ZFA:0001554	ZP:0015740	PATO:0002001
ZFA:0001387	ZFA:0001554	ZP:0015741	PATO:0002001
ZFA:0001260	ZFA:0009101	ZP:0015800	PATO:0001905
ZFA:0000669	ZFA:0009327	ZP:0015924	PATO:0002270
ZFA:0009043	ZFA:0009327	ZP:0015929	PATO:0002002
ZFA:0005025	ZFA:0005025	ZP:0015983	PATO:0001505
ZFA:0001094	ZFA:0001227	ZP:0016030	PATO:0001999
ZFA:0001094	ZFA:0001276	ZP:0016031	PATO:0001999
GO:0036269	GO:0010996	ZP:0016082	PATO:0001194
ZFA:0001094	ZFA:0001460	ZP:0016084	PATO:0001999
ZFA:0001094	ZFA:0000095	ZP:0016085	PATO:0002000
ZFA:0000317	ZFA:0001066	ZP:0016119	PATO:0002001
ZFA:0001094	ZFA:0009256	ZP:0016120	PATO:0001999
ZFA:0001061	ZFA:0009036	ZP:0016127	PATO:0001905
ZFA:0005028	ZFA:0009256	ZP:0016152	PATO:0002001
ZFA:0001615	ZFA:0005061	ZP:0016155	PATO:0000040
ZFA:0001094	ZFA:0001272	ZP:0016156	PATO:0002000
ZFA:0001094	ZFA:0001273	ZP:0016157	PATO:0002000
ZFA:0001094	ZFA:0009199	ZP:0016158	PATO:0002000
ZFA:0000051	ZFA:0001617	ZP:0016162	PATO:0001905
ZFA:0000029	ZFA:0001681	ZP:0016196	PATO:0002001
ZFA:0005091	ZFA:0009256	ZP:0016221	PATO:0002270
ZFA:0001338	ZFA:0000056	ZP:0016225	PATO:0001453
ZFA:0009135	ZFA:0000075	ZP:0016239	PATO:0002261
ZFA:0000655	ZFA:0000708	ZP:0016243	PATO:0000375
ZFA:0001094	ZFA:0009198	ZP:0016257	PATO:0001905
ZFA:0005224	ZFA:0009199	ZP:0016269	PATO:0002001
ZFA:0001613	ZFA:0001613	ZP:0016290	PATO:0000642
ZFA:0001460	ZFA:0001460	ZP:0016295	PATO:0001668
ZFA:0001580	ZFA:0001405	ZP:0016318	PATO:0002000
ZFA:0001580	ZFA:0001507	ZP:0016319	PATO:0002000
ZFA:0001094	ZFA:0000045	ZP:0016320	PATO:0002000
ZFA:0001114	ZFA:0009183	ZP:0016321	PATO:0002270
ZFA:0001372	ZFA:0009096	ZP:0016323	PATO:0001905
ZFA:0000692	ZFA:0001400	ZP:0016342	PATO:0000642
ZFA:0000101	ZFA:0009301	ZP:0016369	PATO:0001905
ZFA:0009082	ZFA:0000473	ZP:0016394	PATO:0002261
ZFA:0009082	ZFA:0001559	ZP:0016395	PATO:0002261
ZFA:0009082	ZFA:0001613	ZP:0016396	PATO:0002261
ZFA:0001260	ZFA:0009101	ZP:0016412	PATO:0002001
ZFA:0000368	ZFA:0009000	ZP:0016420	PATO:0002002
ZFA:0000144	ZFA:0009241	ZP:0016441	PATO:0001453
ZFA:0009241	ZFA:0001329	ZP:0016442	PATO:0002261
ZFA:0009111	ZFA:0000123	ZP:0016465	PATO:0001453
ZFA:0001114	ZFA:0009091	ZP:0016493	PATO:0002001
ZFA:0000200	ZFA:0009147	ZP:0016496	PATO:0001999
ZFA:0000944	ZFA:0009091	ZP:0016497	PATO:0001505
ZFA:0000944	ZFA:0009091	ZP:0016498	PATO:0002002
ZFA:0001115	ZFA:0009091	ZP:0016499	PATO:0002002
ZFA:0001117	ZFA:0009091	ZP:0016500	PATO:0002002
ZFA:0000173	ZFA:0009235	ZP:0016525	PATO:0001999
ZFA:0000075	ZFA:0009149	ZP:0016538	PATO:0001999
ZFA:0000075	ZFA:0009169	ZP:0016554	PATO:0002002
ZFA:0000944	ZFA:0001725	ZP:0016556	PATO:0002002
ZFA:0000168	ZFA:0009121	ZP:0016572	PATO:0002001
ZFA:0001679	ZFA:0001678	ZP:0016577	PATO:0001646
GO:0007049	GO:0000910	ZP:0016588	PATO:0001558
GO:0007049	GO:0006260	ZP:0016590	PATO:0001558
ZFA:0000470	ZFA:0009186	ZP:0016602	PATO:0001905
ZFA:0000470	ZFA:0009186	ZP:0016603	PATO:0001999
GO:0001756	GO:0016477	ZP:0016612	PATO:0001558
ZFA:0001069	ZFA:0009044	ZP:0016624	PATO:0002270
ZFA:0001094	ZFA:0005277	ZP:0016641	PATO:0002000
ZFA:0000135	ZFA:0001643	ZP:0016651	PATO:0002002
ZFA:0005062	ZFA:0009316	ZP:0016674	PATO:0002002
ZFA:0000140	ZFA:0009102	ZP:0016677	PATO:0002001
ZFA:0000140	ZFA:0005743	ZP:0016699	PATO:0001905
ZFA:0000140	ZFA:0009104	ZP:0016700	PATO:0001905
ZFA:0000114	ZFA:0000114	ZP:0016708	PATO:0000642
ZFA:0001078	ZFA:0009250	ZP:0016709	PATO:0001905
ZFA:0000014	ZFA:0000477	ZP:0016712	PATO:0001505
ZFA:0000009	ZFA:0005062	ZP:0016729	PATO:0002000
ZFA:0001161	ZFA:0001115	ZP:0016743	PATO:0002327
ZFA:0000007	ZFA:0000180	ZP:0016750	PATO:0002269
ZFA:0000007	ZFA:0005297	ZP:0016751	PATO:0002269
ZFA:0000007	ZFA:0001058	ZP:0016752	PATO:0002269
ZFA:0000007	ZFA:0001161	ZP:0016753	PATO:0002269
ZFA:0000007	ZFA:0001184	ZP:0016754	PATO:0002269
ZFA:0001267	ZFA:0005314	ZP:0016756	PATO:0002002
ZFA:0005024	ZFA:0005314	ZP:0016757	PATO:0002002
ZFA:0001260	ZFA:0009102	ZP:0016801	PATO:0002002
ZFA:0001632	ZFA:0000123	ZP:0016803	PATO:0002269
ZFA:0001359	ZFA:0009127	ZP:0016809	PATO:0002001
ZFA:0001464	ZFA:0009223	ZP:0016810	PATO:0002001
ZFA:0001464	ZFA:0009224	ZP:0016811	PATO:0002001
ZFA:0000050	ZFA:0009366	ZP:0016823	PATO:0002002
ZFA:0000477	ZFA:0009065	ZP:0016829	PATO:0002002
ZFA:0000671	ZFA:0009395	ZP:0016830	PATO:0002001
ZFA:0000671	ZFA:0009395	ZP:0016831	PATO:0002002
ZFA:0009395	ZFA:0000671	ZP:0016832	PATO:0002269
ZFA:0000008	ZFA:0009141	ZP:0016850	PATO:0002000
ZFA:0000008	ZFA:0009327	ZP:0016851	PATO:0002002
ZFA:0000008	ZFA:0009077	ZP:0016853	PATO:0002001
ZFA:0001094	ZFA:0009141	ZP:0016855	PATO:0002001
ZFA:0009327	ZFA:0009141	ZP:0016861	PATO:0002259
ZFA:0001094	ZFA:0000138	ZP:0016890	PATO:0002000
ZFA:0000155	ZFA:0001086	ZP:0016903	PATO:0001999
ZFA:0000155	ZFA:0009116	ZP:0016904	PATO:0001999
ZFA:0000155	ZFA:0009116	ZP:0016906	PATO:0002000
ZFA:0001094	ZFA:0009247	ZP:0016920	PATO:0002000
ZFA:0001094	ZFA:0000151	ZP:0016934	PATO:0002000
ZFA:0000009	ZFA:0005061	ZP:0016990	PATO:0002002
ZFA:0001189	ZFA:0000519	ZP:0017015	PATO:0002002
ZFA:0001189	ZFA:0001066	ZP:0017016	PATO:0002002
ZFA:0000014	ZFA:0009065	ZP:0017042	PATO:0002001
ZFA:0001285	ZFA:0009065	ZP:0017043	PATO:0002001
ZFA:0005025	ZFA:0009065	ZP:0017044	PATO:0002001
ZFA:0000011	ZFA:0009065	ZP:0017045	PATO:0002001
ZFA:0001286	ZFA:0009065	ZP:0017046	PATO:0002001
ZFA:0001114	ZFA:0009010	ZP:0017048	PATO:0002001
ZFA:0009256	ZFA:0001115	ZP:0017055	PATO:0002269
ZFA:0000140	ZFA:0005756	ZP:0017057	PATO:0002002
ZFA:0000477	ZFA:0009014	ZP:0017084	PATO:0002002
ZFA:0005028	ZFA:0009014	ZP:0017085	PATO:0002002
ZFA:0000200	ZFA:0009248	ZP:0017088	PATO:0001905
ZFA:0005284	ZFA:0005284	ZP:0017115	PATO:0000642
ZFA:0009285	ZFA:0001557	ZP:0017116	PATO:0001667
ZFA:0001389	ZFA:0001389	ZP:0017140	PATO:0001505
ZFA:0001205	ZFA:0001405	ZP:0017144	PATO:0002327
ZFA:0000007	ZFA:0000471	ZP:0017157	PATO:0002269
ZFA:0000119	ZFA:0009280	ZP:0017187	PATO:0002000
ZFA:0001094	ZFA:0005579	ZP:0017204	PATO:0002000
ZFA:0009115	ZFA:0009115	ZP:0017222	PATO:0000133
ZFA:0005222	ZFA:0009091	ZP:0017237	PATO:0001905
ZFA:0000123	ZFA:0009256	ZP:0017252	PATO:0002270
ZFA:0001507	ZFA:0001405	ZP:0017269	PATO:0001321
ZFA:0000075	ZFA:0000022	ZP:0017305	PATO:0002000
ZFA:0000048	ZFA:0000048	ZP:0017308	PATO:0000642
ZFA:0000944	ZFA:0000940	ZP:0017323	PATO:0001999
ZFA:0001115	ZFA:0000155	ZP:0017379	PATO:0002000
ZFA:0009000	ZFA:0001058	ZP:0017380	PATO:0002269
ZFA:0001338	ZFA:0009327	ZP:0017456	PATO:0002002
ZFA:0000152	ZFA:0009262	ZP:0017470	PATO:0002000
ZFA:0001094	ZFA:0009014	ZP:0017494	PATO:0002001
ZFA:0001180	ZFA:0009385	ZP:0017533	PATO:0002001
ZFA:0000505	ZFA:0009248	ZP:0017538	PATO:0002002
ZFA:0000008	ZFA:0009076	ZP:0017582	PATO:0001999
ZFA:0000142	ZFA:0009135	ZP:0017583	PATO:0001999
ZFA:0000396	ZFA:0009010	ZP:0017584	PATO:0002001
ZFA:0000151	ZFA:0001200	ZP:0017626	PATO:0002000
ZFA:0000151	ZFA:0001621	ZP:0017627	PATO:0002000
ZFA:0005135	ZFA:0001153	ZP:0017657	PATO:0002002
ZFA:0001357	ZFA:0000761	ZP:0017697	PATO:0001505
ZFA:0001205	ZFA:0001399	ZP:0017746	PATO:0002327
ZFA:0001460	ZFA:0001516	ZP:0017816	PATO:0002001
ZFA:0001460	ZFA:0001518	ZP:0017817	PATO:0002000
ZFA:0001460	ZFA:0001519	ZP:0017818	PATO:0002000
ZFA:0001460	ZFA:0001521	ZP:0017819	PATO:0002000
ZFA:0000143	ZFA:0009262	ZP:0017835	PATO:0001905
ZFA:0001520	ZFA:0001517	ZP:0017837	PATO:0000642
ZFA:0001460	ZFA:0001517	ZP:0017838	PATO:0002000
ZFA:0001460	ZFA:0001516	ZP:0017840	PATO:0001905
ZFA:0000151	ZFA:0001673	ZP:0017849	PATO:0002002
ZFA:0001673	ZFA:0001673	ZP:0017855	PATO:0001505
ZFA:0000217	ZFA:0000431	ZP:0017858	PATO:0002000
ZFA:0001094	ZFA:0009021	ZP:0017859	PATO:0002002
ZFA:0001094	ZFA:0009327	ZP:0017860	PATO:0002001
ZFA:0000151	ZFA:0001673	ZP:0017873	PATO:0002000
ZFA:0001557	ZFA:0005309	ZP:0017880	PATO:0002000
ZFA:0000007	ZFA:0009256	ZP:0017883	PATO:0002001
ZFA:0000152	ZFA:0009307	ZP:0017884	PATO:0002001
ZFA:0000151	ZFA:0009000	ZP:0017890	PATO:0002001
ZFA:0000101	ZFA:0009248	ZP:0017927	PATO:0002001
ZFA:0000338	ZFA:0001366	ZP:0017928	PATO:0002000
ZFA:0000941	ZFA:0009248	ZP:0017929	PATO:0002001
ZFA:0000107	ZFA:0009141	ZP:0017970	PATO:0002000
ZFA:0001114	ZFA:0009141	ZP:0017971	PATO:0002001
ZFA:0001114	ZFA:0009309	ZP:0017972	PATO:0002001
ZFA:0001094	ZFA:0009141	ZP:0018004	PATO:0001905
ZFA:0001094	ZFA:0009309	ZP:0018005	PATO:0001905
ZFA:0001115	ZFA:0009141	ZP:0018006	PATO:0001905
ZFA:0001115	ZFA:0009309	ZP:0018007	PATO:0001905
ZFA:0000163	ZFA:0009285	ZP:0018057	PATO:0001999
ZFA:0001464	ZFA:0009275	ZP:0018071	PATO:0002001
ZFA:0000008	ZFA:0009019	ZP:0018098	PATO:0002002
ZFA:0000008	ZFA:0009075	ZP:0018099	PATO:0002002
ZFA:0000008	ZFA:0009248	ZP:0018100	PATO:0002001
ZFA:0000295	ZFA:0009052	ZP:0018105	PATO:0002001
ZFA:0001291	ZFA:0009052	ZP:0018106	PATO:0002001
ZFA:0007067	ZFA:0009052	ZP:0018107	PATO:0002001
ZFA:0001094	ZFA:0001370	ZP:0018115	PATO:0002002
ZFA:0001390	ZFA:0009000	ZP:0018116	PATO:0001999
ZFA:0000818	ZFA:0007065	ZP:0018138	PATO:0000375
ZFA:0001094	ZFA:0000051	ZP:0018139	PATO:0001999
ZFA:0001320	ZFA:0001319	ZP:0018153	PATO:0000374
ZFA:0000007	ZFA:0000029	ZP:0018158	PATO:0002269
ZFA:0001114	ZFA:0000184	ZP:0018165	PATO:0002000
ZFA:0001114	ZFA:0000250	ZP:0018166	PATO:0002000
ZFA:0001114	ZFA:0001613	ZP:0018167	PATO:0002000
ZFA:0000008	ZFA:0009019	ZP:0018170	PATO:0002001
ZFA:0000008	ZFA:0009075	ZP:0018171	PATO:0002001
ZFA:0000008	ZFA:0009248	ZP:0018172	PATO:0002002
ZFA:0001094	ZFA:0000155	ZP:0018180	PATO:0002001
ZFA:0001094	ZFA:0000107	ZP:0018186	PATO:0001999
ZFA:0000008	ZFA:0009019	ZP:0018193	PATO:0001905
ZFA:0000008	ZFA:0009075	ZP:0018194	PATO:0001905
ZFA:0000008	ZFA:0009248	ZP:0018195	PATO:0001905
ZFA:0009044	ZFA:0000154	ZP:0018232	PATO:0002269
ZFA:0000114	ZFA:0005064	ZP:0018414	PATO:0002000
ZFA:0000144	ZFA:0000152	ZP:0018425	PATO:0001453
ZFA:0000944	ZFA:0000940	ZP:0018579	PATO:0002002
ZFA:0000029	ZFA:0009149	ZP:0018604	PATO:0001999
ZFA:0009309	ZFA:0000008	ZP:0018609	PATO:0002269
ZFA:0009256	ZFA:0000008	ZP:0018611	PATO:0002269
GO:0001966	GO:0014724	ZP:0018654	PATO:0001558
GO:0001966	GO:0090076	ZP:0018656	PATO:0001570
ZFA:0000303	ZFA:0009006	ZP:0018697	PATO:0002002
ZFA:0000303	ZFA:0009007	ZP:0018699	PATO:0002002
ZFA:0000303	ZFA:0009005	ZP:0018701	PATO:0002002
ZFA:0000691	ZFA:0005558	ZP:0018710	PATO:0001646
ZFA:0000940	ZFA:0000940	ZP:0018773	PATO:0002233
ZFA:0009356	ZFA:0005029	ZP:0018790	PATO:0002269
ZFA:0005857	ZFA:0000123	ZP:0018882	PATO:0002269
ZFA:0001056	ZFA:0001086	ZP:0018903	PATO:0002002
ZFA:0001094	ZFA:0009165	ZP:0018940	PATO:0002001
ZFA:0000009	ZFA:0000471	ZP:0018998	PATO:0002328
ZFA:0000084	ZFA:0001175	ZP:0019024	PATO:0002168
ZFA:0000084	ZFA:0001176	ZP:0019039	PATO:0002168
ZFA:0005754	ZFA:0009102	ZP:0019074	PATO:0002001
ZFA:0000143	ZFA:0009262	ZP:0019082	PATO:0002001
ZFA:0001262	ZFA:0009016	ZP:0019114	PATO:0002000
ZFA:0000011	ZFA:0000180	ZP:0019133	PATO:0000642
ZFA:0001094	ZFA:0005851	ZP:0019162	PATO:0001999
ZFA:0001079	ZFA:0005314	ZP:0019270	PATO:0001999
ZFA:0001094	ZFA:0009141	ZP:0019279	PATO:0002002
ZFA:0001094	ZFA:0009265	ZP:0019281	PATO:0002002
ZFA:0001094	ZFA:0009327	ZP:0019282	PATO:0002002
ZFA:0001094	ZFA:0005237	ZP:0019283	PATO:0002002
ZFA:0000007	ZFA:0000106	ZP:0019296	PATO:0002269
ZFA:0009316	ZFA:0000471	ZP:0019299	PATO:0001453
ZFA:0009316	ZFA:0000009	ZP:0019301	PATO:0001453
ZFA:0001094	ZFA:0000107	ZP:0019322	PATO:0002001
GO:0000278	GO:0000910	ZP:0019332	PATO:0001558
GO:0007049	GO:0000278	ZP:0019334	PATO:0001558
ZFA:0001607	ZFA:0001194	ZP:0019343	PATO:0002001
ZFA:0009077	ZFA:0000008	ZP:0019484	PATO:0002270
ZFA:0009141	ZFA:0000159	ZP:0019493	PATO:0002270
ZFA:0000011	ZFA:0000180	ZP:0019733	PATO:0000375
ZFA:0001400	ZFA:0001511	ZP:0019754	PATO:0000642
ZFA:0001422	ZFA:0001511	ZP:0019756	PATO:0000642
ZFA:0001094	ZFA:0009288	ZP:0019857	PATO:0002000
ZFA:0000598	ZFA:0009016	ZP:0019858	PATO:0002000
ZFA:0001205	ZFA:0001405	ZP:0019876	PATO:0000040
ZFA:0001469	ZFA:0000243	ZP:0019881	PATO:0002001
ZFA:0009366	ZFA:0000243	ZP:0019882	PATO:0002002
ZFA:0000140	ZFA:0009102	ZP:0019906	PATO:0002002
ZFA:0000737	ZFA:0001516	ZP:0019940	PATO:0001999
ZFA:0000008	ZFA:0009301	ZP:0019954	PATO:0002001
ZFA:0000075	ZFA:0009248	ZP:0019959	PATO:0002001
ZFA:0009199	ZFA:0000200	ZP:0019966	PATO:0002168
ZFA:0009199	ZFA:0001283	ZP:0019967	PATO:0002168
ZFA:0009199	ZFA:0001115	ZP:0019969	PATO:0002168
ZFA:0001094	ZFA:0001135	ZP:0019985	PATO:0002002
ZFA:0001076	ZFA:0005775	ZP:0020029	PATO:0002001
ZFA:0001323	ZFA:0005775	ZP:0020038	PATO:0002001
ZFA:0000706	ZFA:0005775	ZP:0020039	PATO:0002001
ZFA:0000706	ZFA:0005775	ZP:0020045	PATO:0001999
ZFA:0000476	ZFA:0000250	ZP:0020046	PATO:0000642
ZFA:0001114	ZFA:0005621	ZP:0020047	PATO:0002002
ZFA:0001114	ZFA:0000328	ZP:0020142	PATO:0001999
ZFA:0001609	ZFA:0001194	ZP:0020144	PATO:0002001
ZFA:0001606	ZFA:0009027	ZP:0020145	PATO:0002001
ZFA:0001608	ZFA:0001194	ZP:0020149	PATO:0002001
ZFA:0001606	ZFA:0001194	ZP:0020151	PATO:0002001
ZFA:0009114	ZFA:0001056	ZP:0020164	PATO:0001453
ZFA:0009114	ZFA:0000155	ZP:0020165	PATO:0001654
ZFA:0009114	ZFA:0001462	ZP:0020166	PATO:0001453
ZFA:0000007	ZFA:0001655	ZP:0020171	PATO:0002269
ZFA:0009111	ZFA:0009111	ZP:0020237	PATO:0000374
ZFA:0000029	ZFA:0009149	ZP:0020272	PATO:0002002
ZFA:0000445	ZFA:0009248	ZP:0020378	PATO:0002002
ZFA:0005041	ZFA:0005041	ZP:0020389	PATO:0002233
ZFA:0000028	ZFA:0000028	ZP:0020392	PATO:0001505
ZFA:0005041	ZFA:0005041	ZP:0020395	PATO:0001505
ZFA:0001521	ZFA:0005851	ZP:0020406	PATO:0001999
ZFA:0005621	ZFA:0000135	ZP:0020422	PATO:0001772
ZFA:0000368	ZFA:0005326	ZP:0020492	PATO:0002001
ZFA:0000368	ZFA:0005327	ZP:0020496	PATO:0002001
ZFA:0000105	ZFA:0009307	ZP:0020497	PATO:0002001
GO:0000910	GO:0090148	ZP:0020528	PATO:0001558
GO:0000278	GO:0000280	ZP:0020542	PATO:0002002
ZFA:0005064	ZFA:0001375	ZP:0020554	PATO:0000133
ZFA:0009256	ZFA:0000114	ZP:0020558	PATO:0002270
ZFA:0000099	ZFA:0005020	ZP:0020586	PATO:0002000
ZFA:0001052	ZFA:0009036	ZP:0020589	PATO:0002002
ZFA:0000142	ZFA:0000200	ZP:0020591	PATO:0002000
ZFA:0000099	ZFA:0005020	ZP:0020594	PATO:0001999
ZFA:0000099	ZFA:0001315	ZP:0020595	PATO:0002002
ZFA:0000107	ZFA:0009199	ZP:0020615	PATO:0002000
ZFA:0000737	ZFA:0001514	ZP:0020787	PATO:0002002
ZFA:0001094	ZFA:0000114	ZP:0020841	PATO:0002000
ZFA:0001094	ZFA:0001114	ZP:0020842	PATO:0002000
ZFA:0001384	ZFA:0001385	ZP:0020859	PATO:0002000
ZFA:0001094	ZFA:0001184	ZP:0020861	PATO:0002000
ZFA:0000673	ZFA:0001054	ZP:0020868	PATO:0001453
ZFA:0000035	ZFA:0000035	ZP:0020886	PATO:0000642
ZFA:0001094	ZFA:0001072	ZP:0020920	PATO:0002001
ZFA:0001227	ZFA:0001501	ZP:0020923	PATO:0002001
ZFA:0001094	ZFA:0000431	ZP:0020931	PATO:0001999
ZFA:0001094	ZFA:0001072	ZP:0020934	PATO:0002002
ZFA:0001094	ZFA:0001617	ZP:0020935	PATO:0001999
ZFA:0009198	ZFA:0001463	ZP:0020944	PATO:0002168
ZFA:0009199	ZFA:0001463	ZP:0020946	PATO:0002168
ZFA:0001320	ZFA:0001319	ZP:0020948	PATO:0001505
ZFA:0009115	ZFA:0000473	ZP:0020962	PATO:0001453
ZFA:0009116	ZFA:0000473	ZP:0020965	PATO:0001453
ZFA:0009117	ZFA:0000473	ZP:0020971	PATO:0001453
ZFA:0009065	ZFA:0005064	ZP:0020986	PATO:0002271
ZFA:0001094	ZFA:0009150	ZP:0021011	PATO:0002002
ZFA:0009026	ZFA:0005057	ZP:0021032	PATO:0002269
ZFA:0001094	ZFA:0005052	ZP:0021044	PATO:0002000
ZFA:0001094	ZFA:0005020	ZP:0021045	PATO:0002000
ZFA:0001094	ZFA:0005021	ZP:0021049	PATO:0002000
ZFA:0001094	ZFA:0005079	ZP:0021050	PATO:0002000
ZFA:0001094	ZFA:0005295	ZP:0021052	PATO:0002000
ZFA:0001094	ZFA:0001285	ZP:0021053	PATO:0002000
ZFA:0001094	ZFA:0005078	ZP:0021054	PATO:0002000
ZFA:0001094	ZFA:0005002	ZP:0021055	PATO:0002000
ZFA:0000109	ZFA:0001657	ZP:0021097	PATO:0002000
ZFA:0000109	ZFA:0000059	ZP:0021108	PATO:0002000
ZFA:0000143	ZFA:0009154	ZP:0021150	PATO:0002001
ZFA:0001374	ZFA:0001615	ZP:0021160	PATO:0001505
ZFA:0001374	ZFA:0005061	ZP:0021164	PATO:0001505
ZFA:0000029	ZFA:0005815	ZP:0021233	PATO:0002001
ZFA:0009115	ZFA:0005277	ZP:0021240	PATO:0001652
ZFA:0009327	ZFA:0000076	ZP:0021279	PATO:0002269
ZFA:0009327	ZFA:0000076	ZP:0021280	PATO:0002270
ZFA:0001056	ZFA:0009117	ZP:0021401	PATO:0002001
ZFA:0001056	ZFA:0009116	ZP:0021402	PATO:0002002
ZFA:0009141	ZFA:0000036	ZP:0021407	PATO:0002269
ZFA:0009327	ZFA:0000036	ZP:0021408	PATO:0002269
ZFA:0000143	ZFA:0009275	ZP:0021416	PATO:0001905
ZFA:0000107	ZFA:0009199	ZP:0021427	PATO:0001905
ZFA:0009392	ZFA:0000123	ZP:0021495	PATO:0002269
ZFA:0009140	ZFA:0000008	ZP:0021527	PATO:0002269
ZFA:0009094	ZFA:0000706	ZP:0021536	PATO:0002168
ZFA:0009094	ZFA:0001076	ZP:0021537	PATO:0002168
ZFA:0000368	ZFA:0005323	ZP:0021582	PATO:0001162
ZFA:0000402	ZFA:0009301	ZP:0021611	PATO:0001999
ZFA:0001058	ZFA:0000007	ZP:0021637	PATO:0002269
ZFA:0009324	ZFA:0000180	ZP:0021677	PATO:0002269
ZFA:0001056	ZFA:0009116	ZP:0021687	PATO:0002001
ZFA:0001094	ZFA:0000360	ZP:0021761	PATO:0001905
ZFA:0000140	ZFA:0009103	ZP:0021784	PATO:0001905
ZFA:0000211	ZFA:0000211	ZP:0021813	PATO:0000642
ZFA:0000471	ZFA:0000009	ZP:0021914	PATO:0001505
ZFA:0009141	ZFA:0000029	ZP:0021975	PATO:0002269
ZFA:0009141	ZFA:0000076	ZP:0021976	PATO:0002269
GO:0007605	GO:0007605	ZP:0022040	PATO:0001552
ZFA:0000151	ZFA:0009014	ZP:0022085	PATO:0001999
ZFA:0000711	ZFA:0000023	ZP:0022088	PATO:0001505
ZFA:0009256	ZFA:0000473	ZP:0022097	PATO:0002269
ZFA:0000024	ZFA:0000098	ZP:0022109	PATO:0002002
ZFA:0000046	ZFA:0000098	ZP:0022111	PATO:0002002
ZFA:0000119	ZFA:0000098	ZP:0022112	PATO:0002002
ZFA:0001329	ZFA:0000098	ZP:0022115	PATO:0002002
ZFA:0001205	ZFA:0001400	ZP:0022157	PATO:0000040
ZFA:0001608	ZFA:0009027	ZP:0022179	PATO:0002001
ZFA:0001609	ZFA:0009027	ZP:0022180	PATO:0002001
ZFA:0001094	ZFA:0000076	ZP:0022206	PATO:0002001
ZFA:0009327	ZFA:0000029	ZP:0022218	PATO:0002269
ZFA:0001276	ZFA:0005860	ZP:0022265	PATO:0002000
ZFA:0000940	ZFA:0009367	ZP:0022299	PATO:0001905
ZFA:0000944	ZFA:0000940	ZP:0022301	PATO:0001905
ZFA:0000059	ZFA:0001108	ZP:0022372	PATO:0000642
ZFA:0000059	ZFA:0001108	ZP:0022379	PATO:0002259
ZFA:0001094	ZFA:0001184	ZP:0022400	PATO:0001905
ZFA:0000008	ZFA:0009290	ZP:0022424	PATO:0001905
ZFA:0000100	ZFA:0009276	ZP:0022425	PATO:0002001
GO:0009617	GO:0009617	ZP:0022436	PATO:0001552
ZFA:0005221	ZFA:0009091	ZP:0022487	PATO:0001905
ZFA:0001115	ZFA:0009091	ZP:0022489	PATO:0001905
ZFA:0001094	ZFA:0005245	ZP:0022491	PATO:0002001
ZFA:0001114	ZFA:0009249	ZP:0022492	PATO:0002002
ZFA:0005221	ZFA:0009091	ZP:0022493	PATO:0002002
ZFA:0000107	ZFA:0009199	ZP:0022563	PATO:0001999
ZFA:0005017	ZFA:0005000	ZP:0022597	PATO:0001505
ZFA:0009327	ZFA:0000008	ZP:0022626	PATO:0002269
ZFA:0000072	ZFA:0001462	ZP:0022677	PATO:0002000
ZFA:0000073	ZFA:0001462	ZP:0022678	PATO:0001999
ZFA:0000728	ZFA:0001462	ZP:0022679	PATO:0002000
ZFA:0000732	ZFA:0001462	ZP:0022680	PATO:0002000
ZFA:0000857	ZFA:0001462	ZP:0022681	PATO:0001999
ZFA:0009041	ZFA:0009158	ZP:0022794	PATO:0001505
ZFA:0001104	ZFA:0001379	ZP:0022811	PATO:0000374
ZFA:0000046	ZFA:0009262	ZP:0022894	PATO:0001905
ZFA:0009256	ZFA:0000009	ZP:0022937	PATO:0002269
ZFA:0009256	ZFA:0000471	ZP:0022938	PATO:0002269
ZFA:0001056	ZFA:0009117	ZP:0022956	PATO:0001905
ZFA:0001557	ZFA:0001557	ZP:0022959	PATO:0000642
ZFA:0009316	ZFA:0000114	ZP:0022997	PATO:0002483
ZFA:0005007	ZFA:0009036	ZP:0023005	PATO:0002002
ZFA:0005008	ZFA:0009036	ZP:0023006	PATO:0002002
ZFA:0005004	ZFA:0009036	ZP:0023009	PATO:0002002
ZFA:0005061	ZFA:0001615	ZP:0023013	PATO:0000374
GO:0001964	GO:0001964	ZP:0023031	PATO:0001552
ZFA:0005285	ZFA:0009285	ZP:0023044	PATO:0002001
ZFA:0009285	ZFA:0001557	ZP:0023046	PATO:0001453
ZFA:0000672	ZFA:0000217	ZP:0023087	PATO:0000642
ZFA:0001399	ZFA:0000217	ZP:0023089	PATO:0000642
ZFA:0001399	ZFA:0001321	ZP:0023090	PATO:0000642
ZFA:0005028	ZFA:0009354	ZP:0100042	PATO:0002001
ZFA:0005028	ZFA:0009354	ZP:0100043	PATO:0002002
ZFA:0005581	ZFA:0009155	ZP:0100049	PATO:0001905
ZFA:0005581	ZFA:0009218	ZP:0100051	PATO:0001905
ZFA:0005581	ZFA:0009218	ZP:0100052	PATO:0002002
ZFA:0000045	ZFA:0000014	ZP:0100096	PATO:0001505
ZFA:0009116	ZFA:0009116	ZP:0100141	PATO:0001453
ZFA:0009115	ZFA:0009115	ZP:0100200	PATO:0001453
ZFA:0000009	ZFA:0009316	ZP:0100235	PATO:0001905
ZFA:0009256	ZFA:0005097	ZP:0100275	PATO:0002269
ZFA:0000030	ZFA:0000678	ZP:0100360	PATO:0001905
ZFA:0000700	ZFA:0000530	ZP:0100361	PATO:0002000
ZFA:0000374	ZFA:0000315	ZP:0100364	PATO:0001905
ZFA:0000428	ZFA:0000676	ZP:0100365	PATO:0001905
ZFA:0000700	ZFA:0000530	ZP:0100368	PATO:0002001
ZFA:0000007	ZFA:0001613	ZP:0100371	PATO:0002269
ZFA:0001094	ZFA:0001078	ZP:0100383	PATO:0001999
ZFA:0000075	ZFA:0009244	ZP:0100387	PATO:0001905
ZFA:0001249	ZFA:0005748	ZP:0100420	PATO:0002000
ZFA:0000243	ZFA:0009367	ZP:0100430	PATO:0001905
ZFA:0001320	ZFA:0001320	ZP:0100435	PATO:0000651
ZFA:0005028	ZFA:0009014	ZP:0100442	PATO:0001999
ZFA:0005028	ZFA:0009354	ZP:0100443	PATO:0001999
ZFA:0001319	ZFA:0001319	ZP:0100490	PATO:0000651
GO:0001964	GO:0007605	ZP:0100496	PATO:0001457
ZFA:0000075	ZFA:0009244	ZP:0100652	PATO:0001555
ZFA:0001205	ZFA:0001501	ZP:0100656	PATO:0000642
ZFA:0001400	ZFA:0001501	ZP:0100657	PATO:0000642
ZFA:0009354	ZFA:0005028	ZP:0100668	PATO:0002270
ZFA:0009323	ZFA:0000014	ZP:0100766	PATO:0002270
ZFA:0000458	ZFA:0009301	ZP:0100842	PATO:0001999
ZFA:0000633	ZFA:0009301	ZP:0100843	PATO:0001999
ZFA:0009256	ZFA:0000180	ZP:0100847	PATO:0002270
GO:0007601	GO:0009416	ZP:0100848	PATO:0001552
ZFA:0000119	ZFA:0009301	ZP:0100849	PATO:0002001
ZFA:0000123	ZFA:0009279	ZP:0100963	PATO:0001905
ZFA:0009309	ZFA:0001620	ZP:0100968	PATO:0002269
ZFA:0000123	ZFA:0009279	ZP:0101062	PATO:0002002
ZFA:0000042	ZFA:0000042	ZP:0101102	PATO:0002327
ZFA:0000042	ZFA:0000042	ZP:0101103	PATO:0002328
ZFA:0009256	ZFA:0000054	ZP:0101104	PATO:0002269
ZFA:0001094	ZFA:0001094	ZP:0101167	PATO:0000375
ZFA:0009327	ZFA:0001117	ZP:0101219	PATO:0002270
ZFA:0009121	ZFA:0009121	ZP:0101240	PATO:0000374
ZFA:0000013	ZFA:0000013	ZP:0101327	PATO:0000642
ZFA:0000123	ZFA:0009397	ZP:0101416	PATO:0001905
ZFA:0000123	ZFA:0009397	ZP:0101417	PATO:0002002
ZFA:0000075	ZFA:0009076	ZP:0101452	PATO:0001905
ZFA:0000009	ZFA:0005064	ZP:0101471	PATO:0000133
ZFA:0000140	ZFA:0009104	ZP:0101550	PATO:0002002
ZFA:0001094	ZFA:0009199	ZP:0101567	PATO:0002002
ZFA:0000368	ZFA:0005579	ZP:0101577	PATO:0002002
ZFA:0000024	ZFA:0000046	ZP:0101583	PATO:0001505
ZFA:0001205	ZFA:0001400	ZP:0101601	PATO:0000374
ZFA:0000075	ZFA:0009276	ZP:0101604	PATO:0001905
ZFA:0000075	ZFA:0009290	ZP:0101605	PATO:0002001
ZFA:0000075	ZFA:0009396	ZP:0101606	PATO:0002002
ZFA:0000561	ZFA:0000514	ZP:0101648	PATO:0002327
ZFA:0000123	ZFA:0005169	ZP:0101667	PATO:0001905
ZFA:0000123	ZFA:0005169	ZP:0101672	PATO:0002001
ZFA:0001094	ZFA:0005110	ZP:0101694	PATO:0001999
ZFA:0005272	ZFA:0009016	ZP:0101714	PATO:0002001
ZFA:0001094	ZFA:0005110	ZP:0101774	PATO:0002000
ZFA:0000075	ZFA:0009052	ZP:0101836	PATO:0001905
ZFA:0001205	ZFA:0001399	ZP:0101866	PATO:0001654
ZFA:0001466	ZFA:0009140	ZP:0101873	PATO:0001905
ZFA:0005781	ZFA:0009327	ZP:0101972	PATO:0002002
ZFA:0000095	ZFA:0001516	ZP:0102000	PATO:0001999
ZFA:0005028	ZFA:0009354	ZP:0102040	PATO:0001905
ZFA:0000669	ZFA:0009014	ZP:0102041	PATO:0002001
ZFA:0009044	ZFA:0000114	ZP:0102099	PATO:0002269
ZFA:0000007	ZFA:0000088	ZP:0102140	PATO:0002269
ZFA:0000142	ZFA:0009135	ZP:0102215	PATO:0002001
ZFA:0009052	ZFA:0009135	ZP:0102216	PATO:0002001
ZFA:0001066	ZFA:0001189	ZP:0102228	PATO:0002328
ZFA:0001189	ZFA:0001189	ZP:0102255	PATO:0000375
ZFA:0001078	ZFA:0009355	ZP:0102292	PATO:0002000
ZFA:0001286	ZFA:0009014	ZP:0102293	PATO:0002001
ZFA:0000056	ZFA:0009046	ZP:0102328	PATO:0002002
ZFA:0000354	ZFA:0009046	ZP:0102329	PATO:0002002
ZFA:0000368	ZFA:0009046	ZP:0102330	PATO:0002002
ZFA:0000554	ZFA:0009046	ZP:0102331	PATO:0002002
ZFA:0001338	ZFA:0009046	ZP:0102332	PATO:0002002
ZFA:0001550	ZFA:0005634	ZP:0102368	PATO:0001999
ZFA:0001115	ZFA:0009141	ZP:0102404	PATO:0002001
ZFA:0001285	ZFA:0005025	ZP:0102407	PATO:0001453
ZFA:0000407	ZFA:0000184	ZP:0102442	PATO:0002000
ZFA:0000407	ZFA:0001455	ZP:0102443	PATO:0002000
ZFA:0009044	ZFA:0001261	ZP:0102447	PATO:0002270
ZFA:0009034	ZFA:0001269	ZP:0102469	PATO:0001646
ZFA:0001260	ZFA:0009104	ZP:0102575	PATO:0002001
ZFA:0000094	ZFA:0009015	ZP:0102791	PATO:0002000
ZFA:0000114	ZFA:0009256	ZP:0102792	PATO:0002000
ZFA:0000186	ZFA:0009256	ZP:0102793	PATO:0002000
ZFA:0000445	ZFA:0009077	ZP:0102794	PATO:0001999
ZFA:0009243	ZFA:0009243	ZP:0102829	PATO:0000040
ZFA:0009256	ZFA:0000054	ZP:0102841	PATO:0002270
ZFA:0001613	ZFA:0005771	ZP:0102975	PATO:0002001
ZFA:0009115	ZFA:0000155	ZP:0103001	PATO:0001653
ZFA:0000303	ZFA:0000242	ZP:0103041	PATO:0001470
ZFA:0000303	ZFA:0001569	ZP:0103043	PATO:0002001
ZFA:0000403	ZFA:0001264	ZP:0103044	PATO:0002001
ZFA:0000598	ZFA:0009006	ZP:0103045	PATO:0001999
ZFA:0000598	ZFA:0009005	ZP:0103046	PATO:0002002
ZFA:0000598	ZFA:0009007	ZP:0103047	PATO:0002002
ZFA:0000242	ZFA:0000303	ZP:0103077	PATO:0001470
ZFA:0001463	ZFA:0001463	ZP:0103114	PATO:0000374
ZFA:0001094	ZFA:0000023	ZP:0103220	PATO:0002001
ZFA:0009114	ZFA:0001089	ZP:0103225	PATO:0001453
ZFA:0005060	ZFA:0009316	ZP:0103249	PATO:0001999
ZFA:0005061	ZFA:0009316	ZP:0103250	PATO:0001905
ZFA:0005062	ZFA:0009316	ZP:0103251	PATO:0001905
ZFA:0005060	ZFA:0009316	ZP:0103252	PATO:0001905
ZFA:0001260	ZFA:0009096	ZP:0103274	PATO:0002001
ZFA:0000123	ZFA:0005169	ZP:0103278	PATO:0002000
ZFA:0000008	ZFA:0009062	ZP:0103319	PATO:0002001
ZFA:0000151	ZFA:0005312	ZP:0103368	PATO:0002000
ZFA:0001205	ZFA:0001272	ZP:0103372	PATO:0000642
ZFA:0000112	ZFA:0009000	ZP:0103412	PATO:0002001
ZFA:0009000	ZFA:0009000	ZP:0103456	PATO:0001453
ZFA:0009327	ZFA:0001269	ZP:0103524	PATO:0002271
ZFA:0001359	ZFA:0001360	ZP:0103542	PATO:0002000
ZFA:0001359	ZFA:0009284	ZP:0103543	PATO:0002000
GO:0001964	GO:0007605	ZP:0103677	PATO:0001551
ZFA:0009077	ZFA:0009052	ZP:0103782	PATO:0001668
ZFA:0001176	ZFA:0000084	ZP:0103808	PATO:0001453
ZFA:0000007	ZFA:0001058	ZP:0103833	PATO:0002270
ZFA:0000007	ZFA:0005314	ZP:0103840	PATO:0002269
ZFA:0001077	ZFA:0009250	ZP:0103874	PATO:0002001
ZFA:0000640	ZFA:0005574	ZP:0103906	PATO:0002435
ZFA:0009288	ZFA:0009386	ZP:0103992	PATO:0002470
ZFA:0000598	ZFA:0005769	ZP:0104061	PATO:0002000
ZFA:0001094	ZFA:0001161	ZP:0104074	PATO:0002001
ZFA:0000016	ZFA:0000155	ZP:0104101	PATO:0001505
ZFA:0000135	ZFA:0000060	ZP:0104116	PATO:0000375
ZFA:0000188	ZFA:0001713	ZP:0104140	PATO:0002001
ZFA:0000188	ZFA:0001691	ZP:0104158	PATO:0002001
ZFA:0000212	ZFA:0001691	ZP:0104159	PATO:0002001
ZFA:0000388	ZFA:0001691	ZP:0104162	PATO:0002001
ZFA:0000694	ZFA:0001227	ZP:0104167	PATO:0001453
ZFA:0001400	ZFA:0001205	ZP:0104216	PATO:0000375
ZFA:0005037	ZFA:0005037	ZP:0104217	PATO:0000642
ZFA:0000007	ZFA:0001286	ZP:0104238	PATO:0002270
ZFA:0000555	ZFA:0009199	ZP:0104253	PATO:0002001
ZFA:0001057	ZFA:0000014	ZP:0104274	PATO:0000642
ZFA:0001057	ZFA:0001063	ZP:0104275	PATO:0000642
ZFA:0005000	ZFA:0005017	ZP:0104322	PATO:0000642
ZFA:0005002	ZFA:0001052	ZP:0104327	PATO:0000642
ZFA:0009044	ZFA:0000084	ZP:0104370	PATO:0002269
ZFA:0001557	ZFA:0001673	ZP:0104391	PATO:0001905
ZFA:0001557	ZFA:0001673	ZP:0104392	PATO:0002001
ZFA:0000151	ZFA:0001673	ZP:0104411	PATO:0001999
ZFA:0001114	ZFA:0000107	ZP:0104422	PATO:0001999
ZFA:0001094	ZFA:0005621	ZP:0104434	PATO:0002002
ZFA:0001656	ZFA:0005621	ZP:0104437	PATO:0002002
ZFA:0001656	ZFA:0005622	ZP:0104438	PATO:0002002
ZFA:0005177	ZFA:0009276	ZP:0104466	PATO:0002001
ZFA:0001094	ZFA:0009199	ZP:0104473	PATO:0002001
ZFA:0001306	ZFA:0009258	ZP:0104515	PATO:0002001
ZFA:0000075	ZFA:0009051	ZP:0104535	PATO:0001905
ZFA:0005177	ZFA:0009276	ZP:0104545	PATO:0001905
ZFA:0000692	ZFA:0000672	ZP:0104553	PATO:0002278
ZFA:0001422	ZFA:0001596	ZP:0104554	PATO:0002002
ZFA:0000445	ZFA:0009276	ZP:0104696	PATO:0001905
ZFA:0000075	ZFA:0005177	ZP:0104739	PATO:0002000
ZFA:0001314	ZFA:0001156	ZP:0105717	PATO:0000642
ZFA:0000940	ZFA:0009367	ZP:0105724	PATO:0001555
ZFA:0009031	ZFA:0000538	ZP:0105751	PATO:0002270
ZFA:0009316	ZFA:0000360	ZP:0105786	PATO:0000133
ZFA:0009316	ZFA:0005062	ZP:0105808	PATO:0001646
ZFA:0001463	ZFA:0009091	ZP:0105839	PATO:0002002
ZFA:0000079	ZFA:0009301	ZP:0105866	PATO:0002001
ZFA:0000402	ZFA:0009301	ZP:0105867	PATO:0002001
ZFA:0000470	ZFA:0009301	ZP:0105868	PATO:0002001
ZFA:0001266	ZFA:0005239	ZP:0105932	PATO:0002002
ZFA:0000024	ZFA:0009310	ZP:0106020	PATO:0001905
ZFA:0005020	ZFA:0005002	ZP:0106046	PATO:0001435
ZFA:0005020	ZFA:0005020	ZP:0106047	PATO:0001667
ZFA:0000940	ZFA:0009366	ZP:0106125	PATO:0002001
ZFA:0000012	ZFA:0009076	ZP:0106135	PATO:0001905
ZFA:0001157	ZFA:0009000	ZP:0106138	PATO:0002001
ZFA:0001094	ZFA:0000940	ZP:0106139	PATO:0002001
ZFA:0000303	ZFA:0001109	ZP:0106156	PATO:0002001
ZFA:0000403	ZFA:0001109	ZP:0106158	PATO:0002000
ZFA:0000403	ZFA:0001109	ZP:0106159	PATO:0002001
ZFA:0000598	ZFA:0009006	ZP:0106161	PATO:0002001
ZFA:0000598	ZFA:0009133	ZP:0106162	PATO:0002002
ZFA:0001115	ZFA:0009199	ZP:0106193	PATO:0002000
ZFA:0001058	ZFA:0009199	ZP:0106194	PATO:0002000
ZFA:0000938	ZFA:0005906	ZP:0106197	PATO:0002000
ZFA:0001261	ZFA:0005906	ZP:0106198	PATO:0002000
ZFA:0000161	ZFA:0005906	ZP:0106201	PATO:0002000
ZFA:0000077	ZFA:0000001	ZP:0106221	PATO:0002000
GO:1903927	GO:1903927	ZP:0106274	PATO:0001457
ZFA:0000329	ZFA:0005772	ZP:0106275	PATO:0001667
ZFA:0001400	ZFA:0001205	ZP:0106286	PATO:0000374
ZFA:0001400	ZFA:0001399	ZP:0106287	PATO:0002326
ZFA:0001400	ZFA:0001400	ZP:0106288	PATO:0002326
ZFA:0001400	ZFA:0001399	ZP:0106289	PATO:0002327
ZFA:0000519	ZFA:0000519	ZP:0106295	PATO:0000651
ZFA:0001066	ZFA:0001066	ZP:0106298	PATO:0000651
ZFA:0001190	ZFA:0001190	ZP:0106299	PATO:0000642
ZFA:0001265	ZFA:0005239	ZP:0106305	PATO:0002000
ZFA:0001266	ZFA:0005239	ZP:0106306	PATO:0002000
ZFA:0000035	ZFA:0000152	ZP:0106325	PATO:0002168
ZFA:0000100	ZFA:0001691	ZP:0106433	PATO:0002001
ZFA:0000100	ZFA:0009071	ZP:0106434	PATO:0002001
ZFA:0001094	ZFA:0000170	ZP:0106482	PATO:0002000
ZFA:0001094	ZFA:0001510	ZP:0106483	PATO:0002000
ZFA:0001094	ZFA:0000694	ZP:0106484	PATO:0002001
ZFA:0001094	ZFA:0001142	ZP:0106485	PATO:0002000
ZFA:0001094	ZFA:0001143	ZP:0106486	PATO:0002000
ZFA:0001094	ZFA:0001145	ZP:0106487	PATO:0002000
ZFA:0001094	ZFA:0001321	ZP:0106488	PATO:0002000
ZFA:0001094	ZFA:0000250	ZP:0106491	PATO:0002001
ZFA:0000598	ZFA:0009007	ZP:0106506	PATO:0001905
ZFA:0009316	ZFA:0005062	ZP:0106627	PATO:0002261
ZFA:0001114	ZFA:0000622	ZP:0106804	PATO:0002001
ZFA:0001114	ZFA:0000622	ZP:0106807	PATO:0002000
ZFA:0001463	ZFA:0009091	ZP:0106811	PATO:0001905
ZFA:0001105	ZFA:0000084	ZP:0106855	PATO:0001453
ZFA:0000940	ZFA:0000940	ZP:0106911	PATO:0000374
ZFA:0001117	ZFA:0000940	ZP:0106920	PATO:0002000
ZFA:0000142	ZFA:0009063	ZP:0106981	PATO:0002001
ZFA:0000029	ZFA:0009301	ZP:0106986	PATO:0002001
ZFA:0000128	ZFA:0009301	ZP:0106987	PATO:0002001
ZFA:0000029	ZFA:0005730	ZP:0106994	PATO:0002001
ZFA:0000128	ZFA:0005730	ZP:0106995	PATO:0002001
ZFA:0001285	ZFA:0005604	ZP:0107064	PATO:0002002
ZFA:0005031	ZFA:0001068	ZP:0107065	PATO:0001667
ZFA:0005031	ZFA:0005092	ZP:0107066	PATO:0001667
ZFA:0009036	ZFA:0001285	ZP:0107167	PATO:0002269
ZFA:0000217	ZFA:0000431	ZP:0107204	PATO:0001999
ZFA:0000051	ZFA:0001715	ZP:0107207	PATO:0001999
ZFA:0009316	ZFA:0001319	ZP:0107229	PATO:0001646
ZFA:0001273	ZFA:0001205	ZP:0107245	PATO:0001999
ZFA:0000010	ZFA:0005110	ZP:0107251	PATO:0002000
ZFA:0000010	ZFA:0009395	ZP:0107252	PATO:0002000
ZFA:0000217	ZFA:0000166	ZP:0130686	PATO:0001905
ZFA:0000069	ZFA:0000072	ZP:0130712	PATO:0000374
ZFA:0000217	ZFA:0000558	ZP:0130745	PATO:0002000
ZFA:0000217	ZFA:0000166	ZP:0130746	PATO:0002002
ZFA:0001094	ZFA:0000243	ZP:0130748	PATO:0001999
ZFA:0001239	ZFA:0001143	ZP:0130754	PATO:0001905
ZFA:0001400	ZFA:0001510	ZP:0130755	PATO:0002326
ZFA:0000069	ZFA:0000072	ZP:0130832	PATO:0000375
ZFA:0000949	ZFA:0000072	ZP:0130833	PATO:0000375
ZFA:0000007	ZFA:0000006	ZP:0130834	PATO:0002269
ZFA:0000326	ZFA:0000326	ZP:0130867	PATO:0000642
ZFA:0001239	ZFA:0001142	ZP:0130896	PATO:0001999
ZFA:0001239	ZFA:0001143	ZP:0130897	PATO:0001999
ZFA:0001239	ZFA:0001145	ZP:0130898	PATO:0001999
ZFA:0001400	ZFA:0001399	ZP:0130899	PATO:0000375
ZFA:0000217	ZFA:0000566	ZP:0130923	PATO:0001905
ZFA:0000217	ZFA:0000619	ZP:0130924	PATO:0001905
ZFA:0000558	ZFA:0000168	ZP:0130925	PATO:0000642
ZFA:0000598	ZFA:0009016	ZP:0130944	PATO:0001999
ZFA:0001273	ZFA:0009091	ZP:0130954	PATO:0002002
ZFA:0000007	ZFA:0001438	ZP:0130970	PATO:0002269
ZFA:0001205	ZFA:0001400	ZP:0130994	PATO:0002327
ZFA:0005277	ZFA:0005345	ZP:0131031	PATO:0002002
ZFA:0001587	ZFA:0001587	ZP:0131040	PATO:0000642
ZFA:0001205	ZFA:0001611	ZP:0131043	PATO:0000375
ZFA:0009034	ZFA:0001179	ZP:0131075	PATO:0001646
