defined_class	anatomical_entity
ZP:0000011	ZFA:0000155
ZP:0000018	ZFA:0001117
ZP:0000032	ZFA:0000008
ZP:0000034	ZFA:0000029
ZP:0000036	ZFA:0000045
ZP:0000040	ZFA:0000084
ZP:0000041	ZFA:0000095
ZP:0000044	ZFA:0000114
ZP:0000049	ZFA:0000292
ZP:0000055	ZFA:0001161
ZP:0000094	ZFA:0000007
ZP:0000115	ZFA:0000396
ZP:0000147	ZFA:0000135
ZP:0000347	ZFA:0000022
ZP:0000355	ZFA:0000107
ZP:0000358	ZFA:0000109
ZP:0000400	ZFA:0000035
ZP:0000406	ZFA:0000282
ZP:0000428	ZFA:0000128
ZP:0000489	ZFA:0000108
ZP:0000570	ZFA:0000112
ZP:0000571	ZFA:0000123
ZP:0000596	ZFA:0000144
ZP:0000598	ZFA:0001114
ZP:0000640	ZFA:0001135
ZP:0000895	ZFA:0000547
ZP:0000910	ZFA:0001216
ZP:0000945	ZFA:0009090
ZP:0001054	ZFA:0001272
ZP:0001179	ZFA:0009091
ZP:0001181	ZFA:0009198
ZP:0001193	ZFA:0000217
ZP:0001196	ZFA:0009052
ZP:0001272	ZFA:0000143
ZP:0001495	ZFA:0000473
ZP:0001575	ZFA:0009288
ZP:0001696	ZFA:0000076
ZP:0001771	ZFA:0000151
ZP:0001772	ZFA:0000152
ZP:0001897	ZFA:0000243
ZP:0001910	ZFA:0000940
ZP:0001919	ZFA:0001469
ZP:0001920	ZFA:0001617
ZP:0002047	ZFA:0001260
ZP:0002365	ZFA:0009199
ZP:0002733	ZFA:0001079
ZP:0002826	ZFA:0000434
ZP:0002889	ZFA:0001270
ZP:0002917	ZFA:0000548
ZP:0003032	ZFA:0000106
ZP:0003067	ZFA:0005277
ZP:0003233	ZFA:0000042
ZP:0003289	ZFA:0001089
ZP:0003502	ZFA:0001249
ZP:0003901	ZFA:0000051
ZP:0003903	ZFA:0000445
ZP:0003916	ZFA:0001283
ZP:0004039	ZFA:0001317
ZP:0004258	ZFA:0009063
ZP:0004307	ZFA:0000026
ZP:0004718	ZFA:0000105
ZP:0004719	ZFA:0000368
ZP:0004806	ZFA:0000938
ZP:0004819	ZFA:0001273
ZP:0004952	ZFA:0001276
ZP:0005010	ZFA:0009366
ZP:0005568	ZFA:0000692
ZP:0005629	ZFA:0000140
ZP:0006391	ZFA:0000737
ZP:0006529	ZFA:0000208
ZP:0006611	ZFA:0000118
ZP:0007016	ZFA:0009116
ZP:0007873	ZFA:0000009
ZP:0008314	ZFA:0000431
ZP:0008319	ZFA:0001399
ZP:0008320	ZFA:0001400
ZP:0009812	ZFA:0000708
ZP:0010240	ZFA:0000046
ZP:0010254	ZFA:0000060
ZP:0010546	ZFA:0001271
ZP:0011051	ZFA:0009262
ZP:0013938	ZFA:0000200
ZP:0013948	ZFA:0009159
ZP:0014043	ZFA:0009154
ZP:0014853	ZFA:0001069
ZP:0014878	ZFA:0000024
ZP:0014892	ZFA:0009117
ZP:0014896	ZFA:0009111
ZP:0014925	ZFA:0001149
ZP:0014927	ZFA:0001227
ZP:0015094	ZFA:0000598
ZP:0017312	ZFA:0001338
ZP:0100009	ZFA:0001094
ZP:0100010	ZFA:0001439
ZP:0107293	ZFA:0000823
ZP:0107294	ZFA:0001064
ZP:0107295	ZFA:0000093
ZP:0107296	ZFA:0009000
ZP:0107297	ZFA:0000354
ZP:0107298	ZFA:0000496
ZP:0107299	ZFA:0001477
ZP:0107300	ZFA:0000126
ZP:0107301	ZFA:0000037
ZP:0107303	ZFA:0009010
ZP:0107304	ZFA:0000005
ZP:0107305	ZFA:0005314
ZP:0107306	ZFA:0000687
ZP:0107307	ZFA:0001488
ZP:0107309	ZFA:0001689
ZP:0107310	ZFA:0007016
ZP:0107311	ZFA:0100000
ZP:0107312	ZFA:0001368
ZP:0107313	ZFA:0001041
ZP:0107314	ZFA:0001080
ZP:0107315	ZFA:0001580
ZP:0107316	ZFA:0001478
ZP:0107317	ZFA:0000924
ZP:0107318	ZFA:0001056
ZP:0107319	ZFA:0005323
ZP:0107320	ZFA:0009034
ZP:0107322	ZFA:0000641
ZP:0107323	ZFA:0001479
ZP:0107324	ZFA:0007009
ZP:0107325	ZFA:0001471
ZP:0107326	ZFA:0009165
ZP:0107327	ZFA:0007089
ZP:0107328	ZFA:0001058
ZP:0107329	ZFA:0005597
ZP:0107330	ZFA:0000101
ZP:0107331	ZFA:0000166
ZP:0107332	ZFA:0007068
ZP:0107333	ZFA:0005289
ZP:0107334	ZFA:0005590
ZP:0107335	ZFA:0005584
ZP:0107336	ZFA:0001287
ZP:0107337	ZFA:0005171
ZP:0107338	ZFA:0001085
ZP:0107339	ZFA:0001015
ZP:0107340	ZFA:0005145
ZP:0107341	ZFA:0001359
ZP:0107342	ZFA:0001512
ZP:0107344	ZFA:0001308
ZP:0107345	ZFA:0000262
ZP:0107346	ZFA:0001486
ZP:0107348	ZFA:0005818
ZP:0107350	ZFA:0000382
ZP:0107351	ZFA:0009096
ZP:0107352	ZFA:0001425
ZP:0107353	ZFA:0001461
ZP:0107354	ZFA:0001294
ZP:0107355	ZFA:0001309
ZP:0107356	ZFA:0000680
ZP:0107357	ZFA:0005065
ZP:0107358	ZFA:0006000
ZP:0107359	ZFA:0000858
ZP:0107361	ZFA:0001178
ZP:0107362	ZFA:0000694
ZP:0107363	ZFA:0009065
ZP:0107364	ZFA:0009039
ZP:0107365	ZFA:0009130
ZP:0107366	ZFA:0005257
ZP:0107367	ZFA:0005773
ZP:0107368	ZFA:0000041
ZP:0107369	ZFA:0000285
ZP:0107370	ZFA:0005268
ZP:0107371	ZFA:0001591
ZP:0107372	ZFA:0001693
ZP:0107373	ZFA:0005620
ZP:0107374	ZFA:0000658
ZP:0107375	ZFA:0000570
ZP:0107376	ZFA:0001715
ZP:0107377	ZFA:0009026
ZP:0107378	ZFA:0000510
ZP:0107379	ZFA:0000172
ZP:0107380	ZFA:0005870
ZP:0107381	ZFA:0000098
ZP:0107382	ZFA:0001320
ZP:0107383	ZFA:0001415
ZP:0107384	ZFA:0000508
ZP:0107385	ZFA:0000349
ZP:0107386	ZFA:0000621
ZP:0107387	ZFA:0000843
ZP:0107389	ZFA:0005018
ZP:0107390	ZFA:0001228
ZP:0107391	ZFA:0001310
ZP:0107392	ZFA:0001138
ZP:0107393	ZFA:0005819
ZP:0107394	ZFA:0000628
ZP:0107395	ZFA:0001551
ZP:0107396	ZFA:0001554
ZP:0107397	ZFA:0001658
ZP:0107398	ZFA:0000545
ZP:0107399	ZFA:0005575
ZP:0107400	ZFA:0007033
ZP:0107401	ZFA:0001644
ZP:0107402	ZFA:0001460
ZP:0107403	ZFA:0005523
ZP:0107404	ZFA:0001585
ZP:0107405	ZFA:0005225
ZP:0107406	ZFA:0007006
ZP:0107407	ZFA:0000505
ZP:0107408	ZFA:0005908
ZP:0107409	ZFA:0001105
ZP:0107411	ZFA:0009349
ZP:0107412	ZFA:0009355
ZP:0107413	ZFA:0001404
ZP:0107414	ZFA:0005437
ZP:0107415	ZFA:0005436
ZP:0107416	ZFA:0005581
ZP:0107417	ZFA:0001018
ZP:0107418	ZFA:0000392
ZP:0107419	ZFA:0005453
ZP:0107420	ZFA:0005386
ZP:0107421	ZFA:0001674
ZP:0107422	ZFA:0009285
ZP:0107423	ZFA:0005364
ZP:0107424	ZFA:0001419
ZP:0107425	ZFA:0000401
ZP:0107426	ZFA:0005114
ZP:0107427	ZFA:0000034
ZP:0107428	ZFA:0000977
ZP:0107429	ZFA:0000802
ZP:0107430	ZFA:0000587
ZP:0107431	ZFA:0001378
ZP:0107432	ZFA:0005513
ZP:0107433	ZFA:0000669
ZP:0107434	ZFA:0001346
ZP:0107435	ZFA:0001261
ZP:0107437	ZFA:0009081
ZP:0107438	ZFA:0009004
ZP:0107439	ZFA:0007053
ZP:0107440	ZFA:0000521
ZP:0107441	ZFA:0000235
ZP:0107442	ZFA:0001659
ZP:0107443	ZFA:0000424
ZP:0107445	ZFA:0005415
ZP:0107446	ZFA:0001370
ZP:0107447	ZFA:0001390
ZP:0107448	ZFA:0005571
ZP:0107449	ZFA:0005605
ZP:0107450	ZFA:0005076
ZP:0107451	ZFA:0000778
ZP:0107452	ZFA:0009191
ZP:0107453	ZFA:0005338
ZP:0107454	ZFA:0001643
ZP:0107455	ZFA:0000603
ZP:0107456	ZFA:0001189
ZP:0107457	ZFA:0007030
ZP:0107458	ZFA:0001258
ZP:0107459	ZFA:0000279
ZP:0107460	ZFA:0001487
ZP:0107461	ZFA:0005459
ZP:0107462	ZFA:0000154
ZP:0107463	ZFA:0001531
ZP:0107464	ZFA:0001527
ZP:0107465	ZFA:0001115
ZP:0107466	ZFA:0009147
ZP:0107467	ZFA:0009073
ZP:0107468	ZFA:0000357
ZP:0107469	ZFA:0005468
ZP:0107470	ZFA:0001596
ZP:0107471	ZFA:0000539
ZP:0107472	ZFA:0000468
ZP:0107473	ZFA:0000322
ZP:0107474	ZFA:0001384
ZP:0107475	ZFA:0001383
ZP:0107476	ZFA:0000590
ZP:0107478	ZFA:0005840
ZP:0107479	ZFA:0005105
ZP:0107480	ZFA:0005616
ZP:0107481	ZFA:0005155
ZP:0107482	ZFA:0001703
ZP:0107483	ZFA:0001109
ZP:0107484	ZFA:0001264
ZP:0107485	ZFA:0009016
ZP:0107486	ZFA:0005449
ZP:0107487	ZFA:0001214
ZP:0107488	ZFA:0007029
ZP:0107490	ZFA:0001490
ZP:0107491	ZFA:0001453
ZP:0107492	ZFA:0009001
ZP:0107493	ZFA:0009248
ZP:0107494	ZFA:0000812
ZP:0107495	ZFA:0001194
ZP:0107496	ZFA:0001468
ZP:0107497	ZFA:0005117
ZP:0107498	ZFA:0007086
ZP:0107499	ZFA:0007094
ZP:0107500	ZFA:0007093
ZP:0107501	ZFA:0009136
ZP:0107502	ZFA:0000036
ZP:0107503	ZFA:0000594
ZP:0107504	ZFA:0001590
ZP:0107505	ZFA:0000948
ZP:0107506	ZFA:0009038
ZP:0107507	ZFA:0009385
ZP:0107508	ZFA:0009080
ZP:0107509	ZFA:0009386
ZP:0107510	ZFA:0000094
ZP:0107511	ZFA:0001122
ZP:0107512	ZFA:0000121
ZP:0107513	ZFA:0001402
ZP:0107514	ZFA:0005606
ZP:0107515	ZFA:0000351
ZP:0107516	ZFA:0005420
ZP:0107517	ZFA:0001503
ZP:0107518	ZFA:0001424
ZP:0107519	ZFA:0005732
ZP:0107520	ZFA:0005730
ZP:0107521	ZFA:0000044
ZP:0107522	ZFA:0005412
ZP:0107523	ZFA:0001269
ZP:0107525	ZFA:0001675
ZP:0107526	ZFA:0001188
ZP:0107527	ZFA:0001632
ZP:0107528	ZFA:0000863
ZP:0107529	ZFA:0001635
ZP:0107530	ZFA:0000189
ZP:0107531	ZFA:0005609
ZP:0107532	ZFA:0005891
ZP:0107533	ZFA:0005608
ZP:0107534	ZFA:0005607
ZP:0107535	ZFA:0001176
ZP:0107536	ZFA:0001154
ZP:0107537	ZFA:0005158
ZP:0107538	ZFA:0000447
ZP:0107539	ZFA:0000983
ZP:0107540	ZFA:0005173
ZP:0107542	ZFA:0009120
ZP:0107543	ZFA:0009115
ZP:0107544	ZFA:0000932
ZP:0107545	ZFA:0001282
ZP:0107546	ZFA:0000310
ZP:0107547	ZFA:0000949
ZP:0107548	ZFA:0001411
ZP:0107549	ZFA:0000012
ZP:0107550	ZFA:0005837
ZP:0107551	ZFA:0005844
ZP:0107552	ZFA:0009278
ZP:0107553	ZFA:0009250
ZP:0107554	ZFA:0009346
ZP:0107555	ZFA:0007066
ZP:0107556	ZFA:0001628
ZP:0107557	ZFA:0001514
ZP:0107558	ZFA:0005624
ZP:0107559	ZFA:0000485
ZP:0107560	ZFA:0005264
ZP:0107561	ZFA:0000953
ZP:0107562	ZFA:0005004
ZP:0107563	ZFA:0001612
ZP:0107564	ZFA:0000884
ZP:0107566	ZFA:0007042
ZP:0107567	ZFA:0000019
ZP:0107568	ZFA:0001611
ZP:0107569	ZFA:0001306
ZP:0107571	ZFA:0001357
ZP:0107573	ZFA:0005063
ZP:0107574	ZFA:0001211
ZP:0107575	ZFA:0005744
ZP:0107576	ZFA:0005496
ZP:0107577	ZFA:0000734
ZP:0107578	ZFA:0000326
ZP:0107579	ZFA:0007065
ZP:0107580	ZFA:0000136
ZP:0107583	ZFA:0005675
ZP:0107584	ZFA:0005784
ZP:0107585	ZFA:0009114
ZP:0107586	ZFA:0005760
ZP:0107587	ZFA:0001410
ZP:0107588	ZFA:0005345
ZP:0107589	ZFA:0005343
ZP:0107590	ZFA:0001682
ZP:0107591	ZFA:0005737
ZP:0107592	ZFA:0009245
ZP:0107593	ZFA:0009051
ZP:0107594	ZFA:0009242
ZP:0107595	ZFA:0001311
ZP:0107596	ZFA:0005578
ZP:0107597	ZFA:0001431
ZP:0107598	ZFA:0000232
ZP:0107599	ZFA:0000146
ZP:0107600	ZFA:0000656
ZP:0107601	ZFA:0001537
ZP:0107602	ZFA:0000257
ZP:0107603	ZFA:0009174
ZP:0107604	ZFA:0001438
ZP:0107605	ZFA:0007116
ZP:0107606	ZFA:0000632
ZP:0107607	ZFA:0005477
ZP:0107608	ZFA:0005094
ZP:0107609	ZFA:0007057
ZP:0107610	ZFA:0000013
ZP:0107611	ZFA:0000190
ZP:0107612	ZFA:0000089
ZP:0107614	ZFA:0005435
ZP:0107615	ZFA:0000407
ZP:0107616	ZFA:0005129
ZP:0107617	ZFA:0000732
ZP:0107618	ZFA:0005812
ZP:0107620	ZFA:0007114
ZP:0107621	ZFA:0001627
ZP:0107622	ZFA:0000997
ZP:0107623	ZFA:0000433
ZP:0107624	ZFA:0000043
ZP:0107625	ZFA:0001086
ZP:0107626	ZFA:0001458
ZP:0107627	ZFA:0001613
ZP:0107628	ZFA:0001722
ZP:0107629	ZFA:0009284
ZP:0107630	ZFA:0005408
ZP:0107631	ZFA:0000622
ZP:0107632	ZFA:0005670
ZP:0107633	ZFA:0005673
ZP:0107634	ZFA:0005668
ZP:0107635	ZFA:0000131
ZP:0107636	ZFA:0005874
ZP:0107637	ZFA:0005209
ZP:0107638	ZFA:0005146
ZP:0107639	ZFA:0005811
ZP:0107640	ZFA:0005249
ZP:0107641	ZFA:0000163
ZP:0107642	ZFA:0001144
ZP:0107643	ZFA:0005851
ZP:0107644	ZFA:0000400
ZP:0107645	ZFA:0000733
ZP:0107646	ZFA:0005024
ZP:0107647	ZFA:0005037
ZP:0107648	ZFA:0000014
ZP:0107649	ZFA:0007084
ZP:0107651	ZFA:0000852
ZP:0107653	ZFA:0005914
ZP:0107654	ZFA:0005916
ZP:0107655	ZFA:0005328
ZP:0107656	ZFA:0009227
ZP:0107657	ZFA:0009106
ZP:0107658	ZFA:0005882
ZP:0107659	ZFA:0005172
ZP:0107660	ZFA:0001516
ZP:0107661	ZFA:0001229
ZP:0107662	ZFA:0007031
ZP:0107663	ZFA:0005887
ZP:0107664	ZFA:0001462
ZP:0107665	ZFA:0005594
ZP:0107666	ZFA:0005674
ZP:0107667	ZFA:0001183
ZP:0107670	ZFA:0001582
ZP:0107671	ZFA:0000263
ZP:0107672	ZFA:0001652
ZP:0107673	ZFA:0001465
ZP:0107674	ZFA:0001073
ZP:0107675	ZFA:0000529
ZP:0107676	ZFA:0005329
ZP:0107677	ZFA:0000856
ZP:0107678	ZFA:0005116
ZP:0107679	ZFA:0001157
ZP:0107680	ZFA:0005424
ZP:0107681	ZFA:0009078
ZP:0107682	ZFA:0005494
ZP:0107683	ZFA:0001387
ZP:0107684	ZFA:0000027
ZP:0107685	ZFA:0007107
ZP:0107686	ZFA:0000056
ZP:0107687	ZFA:0001307
ZP:0107688	ZFA:0000328
ZP:0107689	ZFA:0000264
ZP:0107690	ZFA:0001140
ZP:0107691	ZFA:0000202
ZP:0107692	ZFA:0009357
ZP:0107693	ZFA:0009309
ZP:0107696	ZFA:0009280
ZP:0107697	ZFA:0009075
ZP:0107698	ZFA:0001513
ZP:0107699	ZFA:0001663
ZP:0107700	ZFA:0000453
ZP:0107701	ZFA:0001405
ZP:0107702	ZFA:0009067
ZP:0107703	ZFA:0000085
ZP:0107704	ZFA:0000141
ZP:0107705	ZFA:0000220
ZP:0107706	ZFA:0000016
ZP:0107707	ZFA:0009128
ZP:0107708	ZFA:0000458
ZP:0107709	ZFA:0005873
ZP:0107710	ZFA:0009214
ZP:0107711	ZFA:0001101
ZP:0107713	ZFA:0005901
ZP:0107714	ZFA:0001690
ZP:0107716	ZFA:0000079
ZP:0107718	ZFA:0000498
ZP:0107719	ZFA:0000236
ZP:0107720	ZFA:0001083
ZP:0107721	ZFA:0001110
ZP:0107722	ZFA:0009138
ZP:0107723	ZFA:0001501
ZP:0107724	ZFA:0005156
ZP:0107725	ZFA:0001262
ZP:0107726	ZFA:0000003
ZP:0107727	ZFA:0005742
ZP:0107728	ZFA:0001534
ZP:0107729	ZFA:0001533
ZP:0107730	ZFA:0000519
ZP:0107731	ZFA:0009162
ZP:0107732	ZFA:0009226
ZP:0107733	ZFA:0000207
ZP:0107734	ZFA:0009275
ZP:0107737	ZFA:0005223
ZP:0107738	ZFA:0005220
ZP:0107739	ZFA:0001202
ZP:0107740	ZFA:0000231
ZP:0107742	ZFA:0000899
ZP:0107743	ZFA:0005645
ZP:0107744	ZFA:0005560
ZP:0107745	ZFA:0000538
ZP:0107746	ZFA:0005045
ZP:0107747	ZFA:0001278
ZP:0107748	ZFA:0000482
ZP:0107749	ZFA:0000425
ZP:0107750	ZFA:0005791
ZP:0107751	ZFA:0000017
ZP:0107752	ZFA:0001217
ZP:0107753	ZFA:0005423
ZP:0107754	ZFA:0000040
ZP:0107755	ZFA:0000381
ZP:0107756	ZFA:0000100
ZP:0107757	ZFA:0001290
ZP:0107758	ZFA:0001021
ZP:0107759	ZFA:0005407
ZP:0107760	ZFA:0001066
ZP:0107761	ZFA:0005127
ZP:0107762	ZFA:0005124
ZP:0107764	ZFA:0001397
ZP:0107765	ZFA:0000442
ZP:0107766	ZFA:0000215
ZP:0107767	ZFA:0005075
ZP:0107768	ZFA:0001097
ZP:0107769	ZFA:0007070
ZP:0107770	ZFA:0001230
ZP:0107771	ZFA:0001574
ZP:0107772	ZFA:0009053
ZP:0107773	ZFA:0009238
ZP:0107774	ZFA:0000082
ZP:0107776	ZFA:0000467
ZP:0107777	ZFA:0005229
ZP:0107778	ZFA:0000125
ZP:0107779	ZFA:0001645
ZP:0107780	ZFA:0005163
ZP:0107781	ZFA:0001315
ZP:0107782	ZFA:0005073
ZP:0107783	ZFA:0001435
ZP:0107784	ZFA:0005519
ZP:0107785	ZFA:0001421
ZP:0107786	ZFA:0001371
ZP:0107787	ZFA:0005662
ZP:0107788	ZFA:0007002
ZP:0107789	ZFA:0005466
ZP:0107790	ZFA:0000826
ZP:0107791	ZFA:0001665
ZP:0107792	ZFA:0000683
ZP:0107793	ZFA:0000277
ZP:0107794	ZFA:0001013
ZP:0107795	ZFA:0000317
ZP:0107797	ZFA:0009027
ZP:0107798	ZFA:0000083
ZP:0107799	ZFA:0000616
ZP:0107800	ZFA:0005262
ZP:0107801	ZFA:0001584
ZP:0107802	ZFA:0000975
ZP:0107803	ZFA:0009236
ZP:0107804	ZFA:0001050
ZP:0107805	ZFA:0007085
ZP:0107806	ZFA:0009388
ZP:0107807	ZFA:0009374
ZP:0107808	ZFA:0009389
ZP:0107809	ZFA:0000887
ZP:0107811	ZFA:0001389
ZP:0107812	ZFA:0000495
ZP:0107813	ZFA:0000376
ZP:0107814	ZFA:0005153
ZP:0107815	ZFA:0005077
ZP:0107816	ZFA:0000096
ZP:0107817	ZFA:0005295
ZP:0107818	ZFA:0001009
ZP:0107819	ZFA:0001324
ZP:0107820	ZFA:0000466
ZP:0107821	ZFA:0005270
ZP:0107822	ZFA:0001025
ZP:0107823	ZFA:0000252
ZP:0107824	ZFA:0000338
ZP:0107825	ZFA:0000274
ZP:0107826	ZFA:0001559
ZP:0107827	ZFA:0005664
ZP:0107828	ZFA:0000150
ZP:0107829	ZFA:0000810
ZP:0107830	ZFA:0001450
ZP:0107831	ZFA:0001702
ZP:0107832	ZFA:0009150
ZP:0107833	ZFA:0001286
ZP:0107834	ZFA:0005418
ZP:0107836	ZFA:0001620
ZP:0107837	ZFA:0005096
ZP:0107838	ZFA:0005095
ZP:0107839	ZFA:0001511
ZP:0107840	ZFA:0009336
ZP:0107841	ZFA:0009046
ZP:0107842	ZFA:0009337
ZP:0107843	ZFA:0000640
ZP:0107844	ZFA:0005871
ZP:0107845	ZFA:0000535
ZP:0107847	ZFA:0005214
ZP:0107848	ZFA:0005210
ZP:0107849	ZFA:0000481
ZP:0107850	ZFA:0001662
ZP:0107851	ZFA:0009190
ZP:0107852	ZFA:0009193
ZP:0107853	ZFA:0000472
ZP:0107854	ZFA:0000341
ZP:0107855	ZFA:0005271
ZP:0107856	ZFA:0000951
ZP:0107857	ZFA:0001031
ZP:0107858	ZFA:0009281
ZP:0107859	ZFA:0009036
ZP:0107860	ZFA:0005276
ZP:0107861	ZFA:0000648
ZP:0107862	ZFA:0001295
ZP:0107863	ZFA:0005748
ZP:0107864	ZFA:0005162
ZP:0107865	ZFA:0001300
ZP:0107866	ZFA:0001647
ZP:0107867	ZFA:0000271
ZP:0107868	ZFA:0005151
ZP:0107869	ZFA:0007117
ZP:0107870	ZFA:0001048
ZP:0107871	ZFA:0009315
ZP:0107872	ZFA:0000491
ZP:0107873	ZFA:0001571
ZP:0107874	ZFA:0005395
ZP:0107875	ZFA:0005443
ZP:0107876	ZFA:0001361
ZP:0107877	ZFA:0001457
ZP:0107878	ZFA:0005336
ZP:0107879	ZFA:0001116
ZP:0107880	ZFA:0000937
ZP:0107881	ZFA:0001607
ZP:0107882	ZFA:0009100
ZP:0107883	ZFA:0001232
ZP:0107884	ZFA:0000099
ZP:0107885	ZFA:0001267
ZP:0107886	ZFA:0001443
ZP:0107887	ZFA:0001159
ZP:0107888	ZFA:0001210
ZP:0107889	ZFA:0001328
ZP:0107890	ZFA:0001185
ZP:0107891	ZFA:0009398
ZP:0107892	ZFA:0009020
ZP:0107893	ZFA:0001655
ZP:0107894	ZFA:0001589
ZP:0107895	ZFA:0001588
ZP:0107896	ZFA:0005297
ZP:0107897	ZFA:0001470
ZP:0107898	ZFA:0001386
ZP:0107899	ZFA:0001106
ZP:0107900	ZFA:0000032
ZP:0107901	ZFA:0000947
ZP:0107902	ZFA:0005367
ZP:0107903	ZFA:0005661
ZP:0107904	ZFA:0005683
ZP:0107905	ZFA:0000939
ZP:0107906	ZFA:0009187
ZP:0107907	ZFA:0001482
ZP:0107908	ZFA:0005457
ZP:0107909	ZFA:0000728
ZP:0107910	ZFA:0001014
ZP:0107911	ZFA:0000725
ZP:0107913	ZFA:0001215
ZP:0107914	ZFA:0001543
ZP:0107915	ZFA:0001297
ZP:0107916	ZFA:0009290
ZP:0107917	ZFA:0000696
ZP:0107918	ZFA:0005861
ZP:0107919	ZFA:0000818
ZP:0107921	ZFA:0000413
ZP:0107922	ZFA:0000183
ZP:0107923	ZFA:0001293
ZP:0107924	ZFA:0005677
ZP:0107925	ZFA:0001231
ZP:0107926	ZFA:0000393
ZP:0107927	ZFA:0001173
ZP:0107928	ZFA:0000740
ZP:0107929	ZFA:0001084
ZP:0107930	ZFA:0001536
ZP:0107931	ZFA:0005299
ZP:0107932	ZFA:0000242
ZP:0107933	ZFA:0009307
ZP:0107934	ZFA:0000555
ZP:0107935	ZFA:0000488
ZP:0107936	ZFA:0001521
ZP:0107937	ZFA:0001358
ZP:0107938	ZFA:0001496
ZP:0107939	ZFA:0005123
ZP:0107940	ZFA:0000204
ZP:0107941	ZFA:0001495
ZP:0107942	ZFA:0005563
ZP:0107943	ZFA:0001137
ZP:0107944	ZFA:0001059
ZP:0107945	ZFA:0000119
ZP:0107946	ZFA:0009028
ZP:0107947	ZFA:0001694
ZP:0107948	ZFA:0009070
ZP:0107949	ZFA:0000620
ZP:0107950	ZFA:0005242
ZP:0107951	ZFA:0009035
ZP:0107952	ZFA:0000789
ZP:0107953	ZFA:0005255
ZP:0107954	ZFA:0005281
ZP:0107955	ZFA:0005305
ZP:0107956	ZFA:0000267
ZP:0107957	ZFA:0005831
ZP:0107959	ZFA:0001374
ZP:0107960	ZFA:0001506
ZP:0107961	ZFA:0009247
ZP:0107963	ZFA:0009246
ZP:0107964	ZFA:0000854
ZP:0107965	ZFA:0009132
ZP:0107967	ZFA:0001489
ZP:0107968	ZFA:0009353
ZP:0107969	ZFA:0009352
ZP:0107970	ZFA:0009356
ZP:0107971	ZFA:0000633
ZP:0107972	ZFA:0009348
ZP:0107973	ZFA:0001473
ZP:0107974	ZFA:0000245
ZP:0107975	ZFA:0005567
ZP:0107976	ZFA:0001336
ZP:0107977	ZFA:0005865
ZP:0107978	ZFA:0000069
ZP:0107979	ZFA:0000681
ZP:0107980	ZFA:0001679
ZP:0107981	ZFA:0000258
ZP:0107982	ZFA:0001186
ZP:0107983	ZFA:0001218
ZP:0107984	ZFA:0000922
ZP:0107985	ZFA:0005650
ZP:0107986	ZFA:0000563
ZP:0107987	ZFA:0000228
ZP:0107988	ZFA:0005602
ZP:0107989	ZFA:0005679
ZP:0107990	ZFA:0000801
ZP:0107991	ZFA:0000360
ZP:0107992	ZFA:0000330
ZP:0107993	ZFA:0007092
ZP:0107994	ZFA:0007083
ZP:0107995	ZFA:0001024
ZP:0107996	ZFA:0001263
ZP:0107997	ZFA:0001586
ZP:0107998	ZFA:0001463
ZP:0107999	ZFA:0009074
ZP:0108000	ZFA:0000161
ZP:0108001	ZFA:0000454
ZP:0108002	ZFA:0001623
ZP:0108003	ZFA:0001319
ZP:0108005	ZFA:0001550
ZP:0108006	ZFA:0005176
ZP:0108007	ZFA:0000980
ZP:0108008	ZFA:0001637
ZP:0108009	ZFA:0005619
ZP:0108010	ZFA:0000255
ZP:0108011	ZFA:0000081
ZP:0108012	ZFA:0005604
ZP:0108013	ZFA:0005559
ZP:0108014	ZFA:0007015
ZP:0108015	ZFA:0000388
ZP:0108016	ZFA:0001257
ZP:0108017	ZFA:0007074
ZP:0108018	ZFA:0000808
ZP:0108019	ZFA:0001500
ZP:0108020	ZFA:0000928
ZP:0108021	ZFA:0009182
ZP:0108022	ZFA:0009002
ZP:0108023	ZFA:0000339
ZP:0108024	ZFA:0005250
ZP:0108025	ZFA:0005251
ZP:0108026	ZFA:0001288
ZP:0108027	ZFA:0000743
ZP:0108028	ZFA:0005235
ZP:0108029	ZFA:0000314
ZP:0108031	ZFA:0000944
ZP:0108032	ZFA:0005136
ZP:0108033	ZFA:0005134
ZP:0108034	ZFA:0005576
ZP:0108035	ZFA:0005275
ZP:0108037	ZFA:0001077
ZP:0108038	ZFA:0005138
ZP:0108039	ZFA:0009396
ZP:0108040	ZFA:0000926
ZP:0108041	ZFA:0000841
ZP:0108042	ZFA:0001104
ZP:0108043	ZFA:0001158
ZP:0108044	ZFA:0005236
ZP:0108045	ZFA:0005237
ZP:0108046	ZFA:0001541
ZP:0108047	ZFA:0001381
ZP:0108048	ZFA:0009064
ZP:0108049	ZFA:0009047
ZP:0108050	ZFA:0000268
ZP:0108051	ZFA:0001646
ZP:0108052	ZFA:0000898
ZP:0108053	ZFA:0009229
ZP:0108054	ZFA:0009271
ZP:0108055	ZFA:0000583
ZP:0108056	ZFA:0009232
ZP:0108057	ZFA:0005215
ZP:0108058	ZFA:0000844
ZP:0108059	ZFA:0000403
ZP:0108060	ZFA:0001071
ZP:0108061	ZFA:0000239
ZP:0108062	ZFA:0001344
ZP:0108063	ZFA:0009228
ZP:0108064	ZFA:0009097
ZP:0108065	ZFA:0009105
ZP:0108066	ZFA:0000542
ZP:0108067	ZFA:0000976
ZP:0108068	ZFA:0007020
ZP:0108069	ZFA:0001614
ZP:0108070	ZFA:0005218
ZP:0108071	ZFA:0009359
ZP:0108072	ZFA:0009125
ZP:0108073	ZFA:0001032
ZP:0108074	ZFA:0001529
ZP:0108075	ZFA:0000047
ZP:0108076	ZFA:0000504
ZP:0108077	ZFA:0000402
ZP:0108078	ZFA:0001538
ZP:0108079	ZFA:0001459
ZP:0108080	ZFA:0005125
ZP:0108081	ZFA:0007058
ZP:0108082	ZFA:0005911
ZP:0108083	ZFA:0007103
ZP:0108084	ZFA:0005243
ZP:0108085	ZFA:0000936
ZP:0108086	ZFA:0005120
ZP:0108087	ZFA:0005425
ZP:0108088	ZFA:0000933
ZP:0108089	ZFA:0001417
ZP:0108090	ZFA:0005042
ZP:0108091	ZFA:0000855
ZP:0108092	ZFA:0000390
ZP:0108093	ZFA:0001565
ZP:0108094	ZFA:0001095
ZP:0108095	ZFA:0009294
ZP:0108097	ZFA:0009031
ZP:0108098	ZFA:0005734
ZP:0108099	ZFA:0000832
ZP:0108100	ZFA:0001330
ZP:0108101	ZFA:0005347
ZP:0108102	ZFA:0007023
ZP:0108103	ZFA:0000133
ZP:0108104	ZFA:0005463
ZP:0108105	ZFA:0001108
ZP:0108106	ZFA:0000597
ZP:0108107	ZFA:0001649
ZP:0108108	ZFA:0000695
ZP:0108109	ZFA:0007012
ZP:0108110	ZFA:0009306
ZP:0108111	ZFA:0001190
ZP:0108112	ZFA:0000181
ZP:0108113	ZFA:0001660
ZP:0108114	ZFA:0009261
ZP:0108115	ZFA:0000132
ZP:0108116	ZFA:0001129
ZP:0108117	ZFA:0000614
ZP:0108118	ZFA:0005269
ZP:0108119	ZFA:0001630
ZP:0108120	ZFA:0000162
ZP:0108121	ZFA:0009350
ZP:0108122	ZFA:0001362
ZP:0108123	ZFA:0001167
ZP:0108124	ZFA:0005121
ZP:0108125	ZFA:0005835
ZP:0108126	ZFA:0001491
ZP:0108127	ZFA:0007014
ZP:0108128	ZFA:0001701
ZP:0108129	ZFA:0005007
ZP:0108130	ZFA:0005497
ZP:0108131	ZFA:0005198
ZP:0108132	ZFA:0000822
ZP:0108133	ZFA:0001678
ZP:0108134	ZFA:0005012
ZP:0108135	ZFA:0009296
ZP:0108136	ZFA:0000783
ZP:0108137	ZFA:0001162
ZP:0108138	ZFA:0001316
ZP:0108139	ZFA:0009143
ZP:0108140	ZFA:0005486
ZP:0108141	ZFA:0005509
ZP:0108142	ZFA:0009170
ZP:0108144	ZFA:0009266
ZP:0108145	ZFA:0009328
ZP:0108146	ZFA:0000619
ZP:0108147	ZFA:0000318
ZP:0108148	ZFA:0005676
ZP:0108149	ZFA:0000237
ZP:0108150	ZFA:0000803
ZP:0108151	ZFA:0005240
ZP:0108152	ZFA:0009044
ZP:0108153	ZFA:0005830
ZP:0108154	ZFA:0000160
ZP:0108155	ZFA:0005003
ZP:0108156	ZFA:0000149
ZP:0108157	ZFA:0005562
ZP:0108158	ZFA:0001507
ZP:0108159	ZFA:0009014
ZP:0108160	ZFA:0005369
ZP:0108161	ZFA:0001524
ZP:0108162	ZFA:0001522
ZP:0108163	ZFA:0001119
ZP:0108164	ZFA:0005112
ZP:0108165	ZFA:0000878
ZP:0108166	ZFA:0000153
ZP:0108167	ZFA:0009393
ZP:0108168	ZFA:0005020
ZP:0108169	ZFA:0000073
ZP:0108170	ZFA:0001624
ZP:0108171	ZFA:0007013
ZP:0108172	ZFA:0000186
ZP:0108173	ZFA:0005588
ZP:0108174	ZFA:0005469
ZP:0108175	ZFA:0001481
ZP:0108176	ZFA:0000999
ZP:0108177	ZFA:0005410
ZP:0108178	ZFA:0005552
ZP:0108179	ZFA:0005472
ZP:0108180	ZFA:0005904
ZP:0108181	ZFA:0005903
ZP:0108183	ZFA:0005728
ZP:0108184	ZFA:0005671
ZP:0108186	ZFA:0000211
ZP:0108187	ZFA:0001699
ZP:0108188	ZFA:0001697
ZP:0108189	ZFA:0000556
ZP:0108190	ZFA:0005795
ZP:0108191	ZFA:0000574
ZP:0108193	ZFA:0000919
ZP:0108194	ZFA:0001205
ZP:0108195	ZFA:0007054
ZP:0108196	ZFA:0001717
ZP:0108197	ZFA:0001184
ZP:0108198	ZFA:0005596
ZP:0108199	ZFA:0007087
ZP:0108200	ZFA:0001707
ZP:0108201	ZFA:0000293
ZP:0108202	ZFA:0000853
ZP:0108203	ZFA:0007021
ZP:0108204	ZFA:0001081
ZP:0108205	ZFA:0007119
ZP:0108206	ZFA:0000585
ZP:0108207	ZFA:0000304
ZP:0108208	ZFA:0000759
ZP:0108209	ZFA:0005111
ZP:0108210	ZFA:0009293
ZP:0108211	ZFA:0005061
ZP:0108212	ZFA:0009220
ZP:0108213	ZFA:0009219
ZP:0108214	ZFA:0005304
ZP:0108215	ZFA:0009118
ZP:0108216	ZFA:0000541
ZP:0108217	ZFA:0005755
ZP:0108218	ZFA:0009329
ZP:0108219	ZFA:0005139
ZP:0108220	ZFA:0000634
ZP:0108221	ZFA:0009077
ZP:0108222	ZFA:0009141
ZP:0108223	ZFA:0005621
ZP:0108224	ZFA:0000156
ZP:0108225	ZFA:0001209
ZP:0108226	ZFA:0000324
ZP:0108227	ZFA:0005035
ZP:0108228	ZFA:0001065
ZP:0108229	ZFA:0009113
ZP:0108230	ZFA:0000861
ZP:0108231	ZFA:0000571
ZP:0108232	ZFA:0001466
ZP:0108233	ZFA:0009395
ZP:0108234	ZFA:0001220
ZP:0108235	ZFA:0005102
ZP:0108236	ZFA:0000931
ZP:0108237	ZFA:0000511
ZP:0108238	ZFA:0005365
ZP:0108239	ZFA:0001670
ZP:0108240	ZFA:0005160
ZP:0108241	ZFA:0000913
ZP:0108242	ZFA:0000768
ZP:0108244	ZFA:0000001
ZP:0108245	ZFA:0000312
ZP:0108246	ZFA:0000809
ZP:0108247	ZFA:0007095
ZP:0108248	ZFA:0005783
ZP:0108249	ZFA:0000969
ZP:0108250	ZFA:0009169
ZP:0108251	ZFA:0000918
ZP:0108252	ZFA:0009345
ZP:0108253	ZFA:0009142
ZP:0108254	ZFA:0005838
ZP:0108255	ZFA:0007017
ZP:0108256	ZFA:0000417
ZP:0108257	ZFA:0000714
ZP:0108258	ZFA:0009371
ZP:0108259	ZFA:0009180
ZP:0108261	ZFA:0005325
ZP:0108262	ZFA:0001667
ZP:0108263	ZFA:0005706
ZP:0108264	ZFA:0005587
ZP:0108265	ZFA:0005282
ZP:0108266	ZFA:0001265
ZP:0108267	ZFA:0001074
ZP:0108268	ZFA:0000173
ZP:0108269	ZFA:0001452
ZP:0108270	ZFA:0005630
ZP:0108271	ZFA:0005388
ZP:0108272	ZFA:0000113
ZP:0108273	ZFA:0001401
ZP:0108274	ZFA:0005632
ZP:0108275	ZFA:0001422
ZP:0108276	ZFA:0005490
ZP:0108277	ZFA:0000363
ZP:0108278	ZFA:0000383
ZP:0108279	ZFA:0000097
ZP:0108280	ZFA:0000705
ZP:0108281	ZFA:0000762
ZP:0108282	ZFA:0000813
ZP:0108283	ZFA:0001206
ZP:0108284	ZFA:0001427
ZP:0108285	ZFA:0000550
ZP:0108286	ZFA:0000222
ZP:0108287	ZFA:0005566
ZP:0108288	ZFA:0001377
ZP:0108289	ZFA:0005159
ZP:0108290	ZFA:0000862
ZP:0108291	ZFA:0001123
ZP:0108292	ZFA:0001372
ZP:0108293	ZFA:0009003
ZP:0108294	ZFA:0000635
ZP:0108295	ZFA:0000709
ZP:0108296	ZFA:0005050
ZP:0108298	ZFA:0001566
ZP:0108299	ZFA:0000334
ZP:0108300	ZFA:0005409
ZP:0108301	ZFA:0000386
ZP:0108302	ZFA:0005267
ZP:0108303	ZFA:0005452
ZP:0108304	ZFA:0007059
ZP:0108305	ZFA:0000120
ZP:0108306	ZFA:0001174
ZP:0108307	ZFA:0000934
ZP:0108308	ZFA:0001444
ZP:0108309	ZFA:0005856
ZP:0108310	ZFA:0005849
ZP:0108311	ZFA:0005230
ZP:0108312	ZFA:0005231
ZP:0108313	ZFA:0000462
ZP:0108314	ZFA:0009124
ZP:0108315	ZFA:0001568
ZP:0108316	ZFA:0001351
ZP:0108317	ZFA:0005816
ZP:0108318	ZFA:0009137
ZP:0108319	ZFA:0009372
ZP:0108320	ZFA:0009153
ZP:0108321	ZFA:0009239
ZP:0108322	ZFA:0005442
ZP:0108323	ZFA:0005640
ZP:0108324	ZFA:0005638
ZP:0108325	ZFA:0000707
ZP:0108326	ZFA:0000444
ZP:0108327	ZFA:0001369
ZP:0108328	ZFA:0000435
ZP:0108329	ZFA:0000048
ZP:0108330	ZFA:0005008
ZP:0108331	ZFA:0000767
ZP:0108333	ZFA:0005557
ZP:0108334	ZFA:0001552
ZP:0108335	ZFA:0009023
ZP:0108336	ZFA:0005892
ZP:0108337	ZFA:0000345
ZP:0108338	ZFA:0000525
ZP:0108339	ZFA:0000476
ZP:0108340	ZFA:0001000
ZP:0108341	ZFA:0007088
ZP:0108342	ZFA:0000137
ZP:0108343	ZFA:0009082
ZP:0108345	ZFA:0001001
ZP:0108346	ZFA:0000927
ZP:0108347	ZFA:0007096
ZP:0108348	ZFA:0000038
ZP:0108349	ZFA:0000428
ZP:0108350	ZFA:0000982
ZP:0108351	ZFA:0005147
ZP:0108352	ZFA:0009212
ZP:0108353	ZFA:0000028
ZP:0108354	ZFA:0005532
ZP:0108355	ZFA:0000374
ZP:0108356	ZFA:0005118
ZP:0108357	ZFA:0005482
ZP:0108358	ZFA:0001423
ZP:0108359	ZFA:0005613
ZP:0108360	ZFA:0000532
ZP:0108361	ZFA:0000290
ZP:0108362	ZFA:0000967
ZP:0108363	ZFA:0000443
ZP:0108364	ZFA:0000817
ZP:0108365	ZFA:0000704
ZP:0108366	ZFA:0000981
ZP:0108367	ZFA:0000259
ZP:0108368	ZFA:0009369
ZP:0108369	ZFA:0005471
ZP:0108370	ZFA:0005082
ZP:0108371	ZFA:0001373
ZP:0108372	ZFA:0005642
ZP:0108373	ZFA:0000157
ZP:0108374	ZFA:0000685
ZP:0108375	ZFA:0001418
ZP:0108376	ZFA:0001429
ZP:0108378	ZFA:0001055
ZP:0108379	ZFA:0001139
ZP:0108380	ZFA:0001213
ZP:0108381	ZFA:0000054
ZP:0108382	ZFA:0009292
ZP:0108383	ZFA:0009168
ZP:0108384	ZFA:0001274
ZP:0108385	ZFA:0000557
ZP:0108386	ZFA:0000480
ZP:0108387	ZFA:0007041
ZP:0108388	ZFA:0005709
ZP:0108389	ZFA:0005316
ZP:0108391	ZFA:0001625
ZP:0108392	ZFA:0001639
ZP:0108393	ZFA:0001498
ZP:0108394	ZFA:0005555
ZP:0108395	ZFA:0009311
ZP:0108396	ZFA:0001233
ZP:0108397	ZFA:0000303
ZP:0108398	ZFA:0005635
ZP:0108399	ZFA:0005623
ZP:0108400	ZFA:0009129
ZP:0108401	ZFA:0009244
ZP:0108402	ZFA:0000804
ZP:0108404	ZFA:0000124
ZP:0108405	ZFA:0001567
ZP:0108406	ZFA:0001039
ZP:0108407	ZFA:0000890
ZP:0108408	ZFA:0000471
ZP:0108409	ZFA:0000221
ZP:0108410	ZFA:0001455
ZP:0108411	ZFA:0000369
ZP:0108412	ZFA:0000674
ZP:0108413	ZFA:0000522
ZP:0108414	ZFA:0000358
ZP:0108415	ZFA:0005263
ZP:0108416	ZFA:0000540
ZP:0108417	ZFA:0001107
ZP:0108418	ZFA:0001022
ZP:0108419	ZFA:0001671
ZP:0108420	ZFA:0005546
ZP:0108421	ZFA:0009007
ZP:0108422	ZFA:0000072
ZP:0108423	ZFA:0005719
ZP:0108424	ZFA:0005669
ZP:0108425	ZFA:0000365
ZP:0108426	ZFA:0000661
ZP:0108427	ZFA:0005814
ZP:0108428	ZFA:0001447
ZP:0108429	ZFA:0009009
ZP:0108430	ZFA:0005392
ZP:0108431	ZFA:0001099
ZP:0108432	ZFA:0005806
ZP:0108433	ZFA:0000591
ZP:0108434	ZFA:0009092
ZP:0108435	ZFA:0005659
ZP:0108436	ZFA:0001626
ZP:0108437	ZFA:0001704
ZP:0108438	ZFA:0001175
ZP:0108439	ZFA:0005332
ZP:0108440	ZFA:0005681
ZP:0108441	ZFA:0001597
ZP:0108442	ZFA:0000050
ZP:0108443	ZFA:0000691
ZP:0108444	ZFA:0009368
ZP:0108445	ZFA:0000559
ZP:0108446	ZFA:0009375
ZP:0108447	ZFA:0000030
ZP:0108448	ZFA:0000416
ZP:0108449	ZFA:0000627
ZP:0108450	ZFA:0001057
ZP:0108451	ZFA:0000477
ZP:0108452	ZFA:0000663
ZP:0108453	ZFA:0000566
ZP:0108454	ZFA:0000470
ZP:0108455	ZFA:0001142
ZP:0108456	ZFA:0009304
ZP:0108457	ZFA:0009033
ZP:0108458	ZFA:0005577
ZP:0108459	ZFA:0000340
ZP:0108462	ZFA:0009338
ZP:0108463	ZFA:0005825
ZP:0108464	ZFA:0000053
ZP:0108465	ZFA:0000421
ZP:0108466	ZFA:0005826
ZP:0108467	ZFA:0005280
ZP:0108468	ZFA:0009131
ZP:0108469	ZFA:0009093
ZP:0108470	ZFA:0001666
ZP:0108472	ZFA:0005358
ZP:0108473	ZFA:0009270
ZP:0108474	ZFA:0001051
ZP:0108475	ZFA:0000464
ZP:0108476	ZFA:0001711
ZP:0108477	ZFA:0001047
ZP:0108478	ZFA:0005454
ZP:0108479	ZFA:0005580
ZP:0108480	ZFA:0005900
ZP:0108482	ZFA:0000602
ZP:0108483	ZFA:0005433
ZP:0108484	ZFA:0000142
ZP:0108485	ZFA:0005368
ZP:0108486	ZFA:0000842
ZP:0108487	ZFA:0000509
ZP:0108488	ZFA:0000978
ZP:0108489	ZFA:0005337
ZP:0108490	ZFA:0000474
ZP:0108491	ZFA:0001636
ZP:0108492	ZFA:0009380
ZP:0108493	ZFA:0000700
ZP:0108494	ZFA:0005291
ZP:0108495	ZFA:0000588
ZP:0108496	ZFA:0001497
ZP:0108497	ZFA:0007038
ZP:0108498	ZFA:0005273
ZP:0108499	ZFA:0005274
ZP:0108500	ZFA:0001016
ZP:0108501	ZFA:0001322
ZP:0108502	ZFA:0007032
ZP:0108503	ZFA:0005843
ZP:0108504	ZFA:0000730
ZP:0108505	ZFA:0005506
ZP:0108506	ZFA:0001583
ZP:0108507	ZFA:0001004
ZP:0108508	ZFA:0000791
ZP:0108509	ZFA:0009024
ZP:0108510	ZFA:0000394
ZP:0108511	ZFA:0005476
ZP:0108512	ZFA:0001581
ZP:0108513	ZFA:0000611
ZP:0108514	ZFA:0000193
ZP:0108515	ZFA:0000297
ZP:0108516	ZFA:0001238
ZP:0108517	ZFA:0001204
ZP:0108518	ZFA:0007072
ZP:0108519	ZFA:0000713
ZP:0108520	ZFA:0000966
ZP:0108521	ZFA:0000599
ZP:0108522	ZFA:0005302
ZP:0108523	ZFA:0005300
ZP:0108524	ZFA:0005023
ZP:0108525	ZFA:0001126
ZP:0108526	ZFA:0001426
ZP:0108527	ZFA:0001279
ZP:0108528	ZFA:0001651
ZP:0108529	ZFA:0009025
ZP:0108530	ZFA:0005208
ZP:0108531	ZFA:0005747
ZP:0108532	ZFA:0000174
ZP:0108533	ZFA:0001708
ZP:0108534	ZFA:0000379
ZP:0108535	ZFA:0001191
ZP:0108536	ZFA:0001609
ZP:0108537	ZFA:0000851
ZP:0108538	ZFA:0000534
ZP:0108539	ZFA:0000807
ZP:0108540	ZFA:0001518
ZP:0108541	ZFA:0009265
ZP:0108542	ZFA:0009088
ZP:0108543	ZFA:0005820
ZP:0108544	ZFA:0005221
ZP:0108545	ZFA:0009392
ZP:0108546	ZFA:0000513
ZP:0108547	ZFA:0000857
ZP:0108548	ZFA:0001285
ZP:0108549	ZFA:0005813
ZP:0108550	ZFA:0000636
ZP:0108551	ZFA:0000731
ZP:0108552	ZFA:0001485
ZP:0108553	ZFA:0001027
ZP:0108554	ZFA:0000080
ZP:0108555	ZFA:0005115
ZP:0108556	ZFA:0001292
ZP:0108557	ZFA:0005879
ZP:0108558	ZFA:0005000
ZP:0108559	ZFA:0001375
ZP:0108560	ZFA:0000929
ZP:0108561	ZFA:0000077
ZP:0108562	ZFA:0000724
ZP:0108563	ZFA:0001540
ZP:0108564	ZFA:0005888
ZP:0108565	ZFA:0005834
ZP:0108566	ZFA:0001003
ZP:0108567	ZFA:0001713
ZP:0108568	ZFA:0005143
ZP:0108570	ZFA:0005219
ZP:0108571	ZFA:0005027
ZP:0108572	ZFA:0005808
ZP:0108573	ZFA:0005631
ZP:0108574	ZFA:0000116
ZP:0108575	ZFA:0005772
ZP:0108576	ZFA:0000726
ZP:0108577	ZFA:0000646
ZP:0108578	ZFA:0000064
ZP:0108579	ZFA:0005233
ZP:0108580	ZFA:0001593
ZP:0108581	ZFA:0005817
ZP:0108582	ZFA:0000716
ZP:0108584	ZFA:0007048
ZP:0108585	ZFA:0005165
ZP:0108586	ZFA:0000606
ZP:0108587	ZFA:0001454
ZP:0108588	ZFA:0005692
ZP:0108589	ZFA:0000319
ZP:0108590	ZFA:0001416
ZP:0108591	ZFA:0009259
ZP:0108592	ZFA:0001127
ZP:0108593	ZFA:0005374
ZP:0108594	ZFA:0005169
ZP:0108595	ZFA:0009299
ZP:0108596	ZFA:0009297
ZP:0108597	ZFA:0005766
ZP:0108598	ZFA:0005762
ZP:0108599	ZFA:0009287
ZP:0108600	ZFA:0009021
ZP:0108601	ZFA:0001125
ZP:0108602	ZFA:0000965
ZP:0108603	ZFA:0007024
ZP:0108604	ZFA:0009318
ZP:0108605	ZFA:0009055
ZP:0108606	ZFA:0001017
ZP:0108607	ZFA:0005618
ZP:0108608	ZFA:0000920
ZP:0108609	ZFA:0009298
ZP:0108610	ZFA:0001606
ZP:0108612	ZFA:0001168
ZP:0108613	ZFA:0000963
ZP:0108614	ZFA:0005294
ZP:0108615	ZFA:0005355
ZP:0108616	ZFA:0001348
ZP:0108617	ZFA:0000115
ZP:0108618	ZFA:0000010
ZP:0108619	ZFA:0007115
ZP:0108620	ZFA:0001318
ZP:0108621	ZFA:0000301
ZP:0108622	ZFA:0000067
ZP:0108623	ZFA:0000440
ZP:0108624	ZFA:0000138
ZP:0108625	ZFA:0000657
ZP:0108626	ZFA:0007062
ZP:0108627	ZFA:0005130
ZP:0108628	ZFA:0005389
ZP:0108629	ZFA:0000461
ZP:0108630	ZFA:0005690
ZP:0108631	ZFA:0005450
ZP:0108632	ZFA:0000441
ZP:0108633	ZFA:0000486
ZP:0108634	ZFA:0009347
ZP:0108635	ZFA:0009367
ZP:0108636	ZFA:0000576
ZP:0108637	ZFA:0007050
ZP:0108638	ZFA:0000974
ZP:0108639	ZFA:0009253
ZP:0108640	ZFA:0009330
ZP:0108641	ZFA:0007037
ZP:0108642	ZFA:0005285
ZP:0108643	ZFA:0005855
ZP:0108644	ZFA:0005398
ZP:0108645	ZFA:0005657
ZP:0108646	ZFA:0000192
ZP:0108647	ZFA:0005080
ZP:0108648	ZFA:0009251
ZP:0108649	ZFA:0009134
ZP:0108650	ZFA:0009163
ZP:0108651	ZFA:0001725
ZP:0108652	ZFA:0001284
ZP:0108653	ZFA:0000797
ZP:0108654	ZFA:0000063
ZP:0108655	ZFA:0001519
ZP:0108656	ZFA:0005537
ZP:0108657	ZFA:0005536
ZP:0108658	ZFA:0005794
ZP:0108659	ZFA:0000719
ZP:0108660	ZFA:0005797
ZP:0108661	ZFA:0005907
ZP:0108662	ZFA:0000465
ZP:0108663	ZFA:0005427
ZP:0108664	ZFA:0001578
ZP:0108665	ZFA:0009363
ZP:0108666	ZFA:0000629
ZP:0108667	ZFA:0005331
ZP:0108668	ZFA:0000469
ZP:0108669	ZFA:0001239
ZP:0108670	ZFA:0001020
ZP:0108671	ZFA:0005259
ZP:0108672	ZFA:0005046
ZP:0108673	ZFA:0001579
ZP:0108674	ZFA:0000352
ZP:0108675	ZFA:0005140
ZP:0108676	ZFA:0009267
ZP:0108677	ZFA:0000049
ZP:0108678	ZFA:0005872
ZP:0108679	ZFA:0000777
ZP:0108680	ZFA:0000848
ZP:0108681	ZFA:0001156
ZP:0108682	ZFA:0005688
ZP:0108683	ZFA:0000197
ZP:0108684	ZFA:0000240
ZP:0108685	ZFA:0000662
ZP:0108686	ZFA:0000209
ZP:0108687	ZFA:0000766
ZP:0108688	ZFA:0005499
ZP:0108689	ZFA:0005245
ZP:0108690	ZFA:0009087
ZP:0108691	ZFA:0009017
ZP:0108692	ZFA:0005500
ZP:0108693	ZFA:0005399
ZP:0108694	ZFA:0001629
ZP:0108695	ZFA:0000165
ZP:0108696	ZFA:0000569
ZP:0108697	ZFA:0005542
ZP:0108698	ZFA:0005723
ZP:0108699	ZFA:0009005
ZP:0108701	ZFA:0000000
ZP:0108702	ZFA:0007028
ZP:0108703	ZFA:0005057
ZP:0108704	ZFA:0001019
ZP:0108705	ZFA:0005203
ZP:0108706	ZFA:0005312
ZP:0108707	ZFA:0001197
ZP:0108708	ZFA:0005272
ZP:0108709	ZFA:0000071
ZP:0108710	ZFA:0005005
ZP:0108711	ZFA:0001721
ZP:0108712	ZFA:0005227
ZP:0108713	ZFA:0000881
ZP:0108714	ZFA:0009022
ZP:0108715	ZFA:0005132
ZP:0108716	ZFA:0007047
ZP:0108717	ZFA:0000320
ZP:0108719	ZFA:0000291
ZP:0108720	ZFA:0009056
ZP:0108721	ZFA:0000159
ZP:0108722	ZFA:0005833
ZP:0108723	ZFA:0005019
ZP:0108724	ZFA:0001241
ZP:0108725	ZFA:0001053
ZP:0108726	ZFA:0001256
ZP:0108727	ZFA:0001505
ZP:0108728	ZFA:0000771
ZP:0108729	ZFA:0000066
ZP:0108730	ZFA:0005558
ZP:0108731	ZFA:0000295
ZP:0108732	ZFA:0009344
ZP:0108733	ZFA:0000749
ZP:0108734	ZFA:0000075
ZP:0108735	ZFA:0007039
ZP:0108736	ZFA:0005416
ZP:0108738	ZFA:0005815
ZP:0108739	ZFA:0009343
ZP:0108740	ZFA:0000723
ZP:0108741	ZFA:0005224
ZP:0108742	ZFA:0000343
ZP:0108743	ZFA:0000859
ZP:0108744	ZFA:0000943
ZP:0108746	ZFA:0005188
ZP:0108747	ZFA:0000864
ZP:0108748	ZFA:0000964
ZP:0108749	ZFA:0005601
ZP:0108750	ZFA:0000917
ZP:0108751	ZFA:0000387
ZP:0108752	ZFA:0009312
ZP:0108753	ZFA:0009084
ZP:0108755	ZFA:0000774
ZP:0108756	ZFA:0009321
ZP:0108757	ZFA:0009319
ZP:0108758	ZFA:0000068
ZP:0108759	ZFA:0005248
ZP:0108760	ZFA:0000825
ZP:0108761	ZFA:0000350
ZP:0108762	ZFA:0000526
ZP:0108763	ZFA:0000347
ZP:0108764	ZFA:0001653
ZP:0108765	ZFA:0000364
ZP:0108766	ZFA:0009048
ZP:0108767	ZFA:0009326
ZP:0108768	ZFA:0001510
ZP:0108769	ZFA:0005391
ZP:0108770	ZFA:0000227
ZP:0108771	ZFA:0005545
ZP:0108772	ZFA:0005141
ZP:0108773	ZFA:0001414
ZP:0108774	ZFA:0005741
ZP:0108775	ZFA:0009358
ZP:0108776	ZFA:0005044
ZP:0108777	ZFA:0007075
ZP:0108778	ZFA:0007060
ZP:0108779	ZFA:0005770
ZP:0108780	ZFA:0000688
ZP:0108781	ZFA:0000787
ZP:0108782	ZFA:0000512
ZP:0108783	ZFA:0000516
ZP:0108784	ZFA:0000078
ZP:0108785	ZFA:0000353
ZP:0108786	ZFA:0000660
ZP:0108787	ZFA:0000567
ZP:0108788	ZFA:0000676
ZP:0108789	ZFA:0000742
ZP:0108790	ZFA:0000637
ZP:0108791	ZFA:0005070
ZP:0108792	ZFA:0000824
ZP:0108793	ZFA:0001171
ZP:0108794	ZFA:0005357
ZP:0108795	ZFA:0000626
ZP:0108796	ZFA:0000011
ZP:0108797	ZFA:0005051
ZP:0108798	ZFA:0001201
ZP:0108799	ZFA:0005059
ZP:0108800	ZFA:0005498
ZP:0108802	ZFA:0005684
ZP:0108803	ZFA:0005804
ZP:0108804	ZFA:0007110
ZP:0108805	ZFA:0001681
ZP:0108806	ZFA:0005467
ZP:0108807	ZFA:0009127
ZP:0108808	ZFA:0001464
ZP:0108809	ZFA:0001698
ZP:0108810	ZFA:0001234
ZP:0108811	ZFA:0000682
ZP:0108812	ZFA:0000179
ZP:0108813	ZFA:0005665
ZP:0108814	ZFA:0001243
ZP:0108815	ZFA:0001236
ZP:0108816	ZFA:0000930
ZP:0108817	ZFA:0009314
ZP:0108818	ZFA:0000531
ZP:0108820	ZFA:0001557
ZP:0108821	ZFA:0000750
ZP:0108822	ZFA:0009269
ZP:0108823	ZFA:0007052
ZP:0108824	ZFA:0000643
ZP:0108825	ZFA:0005702
ZP:0108826	ZFA:0005373
ZP:0108827	ZFA:0001040
ZP:0108828	ZFA:0005740
ZP:0108830	ZFA:0009194
ZP:0108831	ZFA:0009308
ZP:0108832	ZFA:0001120
ZP:0108833	ZFA:0000518
ZP:0108834	ZFA:0005101
ZP:0108835	ZFA:0000651
ZP:0108836	ZFA:0005682
ZP:0108837	ZFA:0005052
ZP:0108838	ZFA:0001200
ZP:0108839	ZFA:0007018
ZP:0108840	ZFA:0001112
ZP:0108841	ZFA:0000302
ZP:0108842	ZFA:0001610
ZP:0108843	ZFA:0000086
ZP:0108844	ZFA:0009268
ZP:0108845	ZFA:0001212
ZP:0108847	ZFA:0001573
ZP:0108848	ZFA:0005504
ZP:0108849	ZFA:0005475
ZP:0108850	ZFA:0005852
ZP:0108851	ZFA:0001096
ZP:0108852	ZFA:0000586
ZP:0108853	ZFA:0000746
ZP:0108854	ZFA:0007034
ZP:0108855	ZFA:0005782
ZP:0108856	ZFA:0000925
ZP:0108857	ZFA:0000006
ZP:0108858	ZFA:0005458
ZP:0108859	ZFA:0007091
ZP:0108860	ZFA:0000872
ZP:0108861	ZFA:0005876
ZP:0108862	ZFA:0009218
ZP:0108863	ZFA:0005743
ZP:0108864	ZFA:0005846
ZP:0108865	ZFA:0001577
ZP:0108866	ZFA:0005864
ZP:0108867	ZFA:0000497
ZP:0108868	ZFA:0000882
ZP:0108869	ZFA:0005342
ZP:0108870	ZFA:0005739
ZP:0108871	ZFA:0009277
ZP:0108872	ZFA:0001608
ZP:0108873	ZFA:0005064
ZP:0108874	ZFA:0005081
ZP:0108875	ZFA:0000718
ZP:0108876	ZFA:0005097
ZP:0108877	ZFA:0001060
ZP:0108878	ZFA:0000059
ZP:0108879	ZFA:0009243
ZP:0108880	ZFA:0009029
ZP:0108881	ZFA:0001530
ZP:0108882	ZFA:0001631
ZP:0108883	ZFA:0005149
ZP:0108884	ZFA:0000399
ZP:0108885	ZFA:0005036
ZP:0108886	ZFA:0000729
ZP:0108887	ZFA:0001076
ZP:0108888	ZFA:0005293
ZP:0108889	ZFA:0009272
ZP:0108890	ZFA:0009289
ZP:0108891	ZFA:0009107
ZP:0108892	ZFA:0000018
ZP:0108893	ZFA:0000765
ZP:0108895	ZFA:0000703
ZP:0108896	ZFA:0001365
ZP:0108897	ZFA:0005306
ZP:0108898	ZFA:0001542
ZP:0108899	ZFA:0005371
ZP:0108900	ZFA:0001502
ZP:0108901	ZFA:0005401
ZP:0108902	ZFA:0000457
ZP:0108903	ZFA:0000558
ZP:0108904	ZFA:0000446
ZP:0108905	ZFA:0000199
ZP:0108906	ZFA:0001339
ZP:0108907	ZFA:0000630
ZP:0108908	ZFA:0001680
ZP:0108909	ZFA:0005540
ZP:0108910	ZFA:0000727
ZP:0108911	ZFA:0000664
ZP:0108912	ZFA:0001539
ZP:0108913	ZFA:0009360
ZP:0108914	ZFA:0001006
ZP:0108915	ZFA:0005909
ZP:0108916	ZFA:0005622
ZP:0108917	ZFA:0005109
ZP:0108918	ZFA:0005686
ZP:0108919	ZFA:0001406
ZP:0108920	ZFA:0005761
ZP:0108921	ZFA:0005366
ZP:0108922	ZFA:0001195
ZP:0108923	ZFA:0000722
ZP:0108924	ZFA:0000738
ZP:0108925	ZFA:0005869
ZP:0108926	ZFA:0005530
ZP:0108927	ZFA:0005421
ZP:0108928	ZFA:0005759
ZP:0108929	ZFA:0001170
ZP:0108930	ZFA:0005211
ZP:0108931	ZFA:0009184
ZP:0108932	ZFA:0009013
ZP:0108933	ZFA:0009089
ZP:0108934	ZFA:0007025
ZP:0108935	ZFA:0000212
ZP:0108936	ZFA:0000074
ZP:0108937	ZFA:0009324
ZP:0108938	ZFA:0001150
ZP:0108939	ZFA:0005265
ZP:0108940	ZFA:0001595
ZP:0108941	ZFA:0001169
ZP:0108942	ZFA:0001642
ZP:0108943	ZFA:0000573
ZP:0108944	ZFA:0001634
ZP:0108945	ZFA:0000915
ZP:0108946	ZFA:0009300
ZP:0108947	ZFA:0005589
ZP:0108948	ZFA:0000102
ZP:0108949	ZFA:0005461
ZP:0108950	ZFA:0005520
ZP:0108951	ZFA:0001420
ZP:0108952	ZFA:0000188
ZP:0108953	ZFA:0005417
ZP:0108954	ZFA:0009054
ZP:0108955	ZFA:0009062
ZP:0108956	ZFA:0000122
ZP:0108957	ZFA:0001432
ZP:0108958	ZFA:0000805
ZP:0108959	ZFA:0005561
ZP:0108960	ZFA:0000463
ZP:0108961	ZFA:0000023
ZP:0108962	ZFA:0009179
ZP:0108963	ZFA:0009291
ZP:0108964	ZFA:0000175
ZP:0108965	ZFA:0005247
ZP:0108966	ZFA:0000058
ZP:0108967	ZFA:0005083
ZP:0108968	ZFA:0005610
ZP:0108969	ZFA:0009327
ZP:0108970	ZFA:0000814
ZP:0108971	ZFA:0001445
ZP:0108972	ZFA:0000380
ZP:0108973	ZFA:0005402
ZP:0108974	ZFA:0009303
ZP:0108975	ZFA:0001535
ZP:0108976	ZFA:0001687
ZP:0108977	ZFA:0005288
ZP:0108978	ZFA:0001407
ZP:0108979	ZFA:0000254
ZP:0108980	ZFA:0000973
ZP:0108981	ZFA:0000712
ZP:0108982	ZFA:0005278
ZP:0108983	ZFA:0005890
ZP:0108984	ZFA:0005549
ZP:0108985	ZFA:0005473
ZP:0108986	ZFA:0005122
ZP:0108987	ZFA:0001569
ZP:0108988	ZFA:0009019
ZP:0108989	ZFA:0009015
ZP:0108990	ZFA:0009139
ZP:0108991	ZFA:0009305
ZP:0108992	ZFA:0001376
ZP:0108993	ZFA:0000994
ZP:0108994	ZFA:0001208
ZP:0108995	ZFA:0009234
ZP:0108997	ZFA:0005460
ZP:0108998	ZFA:0007040
ZP:0108999	ZFA:0000226
ZP:0109000	ZFA:0000385
ZP:0109001	ZFA:0007106
ZP:0109002	ZFA:0005244
ZP:0109003	ZFA:0005889
ZP:0109004	ZFA:0005167
ZP:0109005	ZFA:0009354
ZP:0109006	ZFA:0005600
ZP:0109007	ZFA:0000507
ZP:0109008	ZFA:0000410
ZP:0109009	ZFA:0005902
ZP:0109010	ZFA:0000617
ZP:0109011	ZFA:0000346
ZP:0109012	ZFA:0005586
ZP:0109013	ZFA:0000639
ZP:0109014	ZFA:0001245
ZP:0109015	ZFA:0001247
ZP:0109016	ZFA:0005022
ZP:0109017	ZFA:0000088
ZP:0109018	ZFA:0009085
ZP:0109019	ZFA:0000004
ZP:0109020	ZFA:0001720
ZP:0109021	ZFA:0000250
ZP:0109022	ZFA:0009379
ZP:0109023	ZFA:0001355
ZP:0109024	ZFA:0001030
ZP:0109025	ZFA:0005196
ZP:0109026	ZFA:0001341
ZP:0109027	ZFA:0000506
ZP:0109028	ZFA:0001321
ZP:0109029	ZFA:0009173
ZP:0109030	ZFA:0001325
ZP:0109031	ZFA:0000941
ZP:0109032	ZFA:0005733
ZP:0109033	ZFA:0000406
ZP:0109034	ZFA:0000527
ZP:0109035	ZFA:0001277
ZP:0109036	ZFA:0001075
ZP:0109037	ZFA:0000205
ZP:0109038	ZFA:0005053
ZP:0109039	ZFA:0009383
ZP:0109040	ZFA:0000666
ZP:0109041	ZFA:0001078
ZP:0109042	ZFA:0000706
ZP:0109043	ZFA:0009223
ZP:0109044	ZFA:0007099
ZP:0109045	ZFA:0005569
ZP:0109046	ZFA:0000575
ZP:0109047	ZFA:0001005
ZP:0109048	ZFA:0009325
ZP:0109049	ZFA:0005897
ZP:0109050	ZFA:0000090
ZP:0109051	ZFA:0001100
ZP:0109052	ZFA:0005322
ZP:0109053	ZFA:0000272
ZP:0109054	ZFA:0000418
ZP:0109055	ZFA:0001147
ZP:0109057	ZFA:0005339
ZP:0109058	ZFA:0000972
ZP:0109059	ZFA:0001280
ZP:0109060	ZFA:0001696
ZP:0109061	ZFA:0001480
ZP:0109062	ZFA:0005254
ZP:0109063	ZFA:0001555
ZP:0109064	ZFA:0001296
ZP:0109065	ZFA:0005893
ZP:0109066	ZFA:0005653
ZP:0109067	ZFA:0000438
ZP:0109068	ZFA:0000524
ZP:0109069	ZFA:0005656
ZP:0109070	ZFA:0005643
ZP:0109071	ZFA:0009313
ZP:0109072	ZFA:0005535
ZP:0109073	ZFA:0000751
ZP:0109074	ZFA:0000110
ZP:0109075	ZFA:0009400
ZP:0109076	ZFA:0001181
ZP:0109077	ZFA:0000631
ZP:0109078	ZFA:0005428
ZP:0109079	ZFA:0005303
ZP:0109080	ZFA:0000391
ZP:0109081	ZFA:0000247
ZP:0109082	ZFA:0000404
ZP:0109083	ZFA:0000565
ZP:0109084	ZFA:0005479
ZP:0109085	ZFA:0001187
ZP:0109086	ZFA:0000961
ZP:0109087	ZFA:0000356
ZP:0109088	ZFA:0005774
ZP:0109089	ZFA:0009103
ZP:0109090	ZFA:0005689
ZP:0109091	ZFA:0005680
ZP:0109092	ZFA:0005626
ZP:0109093	ZFA:0000111
ZP:0109094	ZFA:0001673
ZP:0109095	ZFA:0005832
ZP:0109096	ZFA:0000914
ZP:0109097	ZFA:0005038
ZP:0109098	ZFA:0009361
ZP:0109099	ZFA:0001484
ZP:0109100	ZFA:0000775
ZP:0109101	ZFA:0009018
ZP:0109102	ZFA:0000308
ZP:0109103	ZFA:0000794
ZP:0109104	ZFA:0000795
ZP:0109105	ZFA:0009254
ZP:0109106	ZFA:0001576
ZP:0109107	ZFA:0000840
ZP:0109108	ZFA:0009263
ZP:0109109	ZFA:0005394
ZP:0109110	ZFA:0000866
ZP:0109111	ZFA:0005603
ZP:0109112	ZFA:0000618
ZP:0109113	ZFA:0005525
ZP:0109114	ZFA:0000436
ZP:0109115	ZFA:0005771
ZP:0109116	ZFA:0000595
ZP:0109117	ZFA:0005644
ZP:0109118	ZFA:0000344
ZP:0109119	ZFA:0000652
ZP:0109120	ZFA:0000653
ZP:0109121	ZFA:0001654
ZP:0109122	ZFA:0000667
ZP:0109123	ZFA:0005750
ZP:0109124	ZFA:0001029
ZP:0109125	ZFA:0005092
ZP:0109126	ZFA:0000796
ZP:0109127	ZFA:0001385
ZP:0109128	ZFA:0005802
ZP:0109129	ZFA:0005009
ZP:0109130	ZFA:0000405
ZP:0109131	ZFA:0000697
ZP:0109132	ZFA:0001515
ZP:0109133	ZFA:0005660
ZP:0109134	ZFA:0005370
ZP:0109135	ZFA:0000248
ZP:0109136	ZFA:0001633
ZP:0109137	ZFA:0000711
ZP:0109138	ZFA:0009387
ZP:0109139	ZFA:0001558
ZP:0109140	ZFA:0001246
ZP:0109141	ZFA:0000213
ZP:0109142	ZFA:0005703
ZP:0109143	ZFA:0001342
ZP:0109144	ZFA:0005579
ZP:0109145	ZFA:0005593
ZP:0109146	ZFA:0001448
ZP:0109147	ZFA:0000167
ZP:0109148	ZFA:0001118
ZP:0109149	ZFA:0000780
ZP:0109150	ZFA:0001035
ZP:0109151	ZFA:0009135
ZP:0109152	ZFA:0005422
ZP:0109154	ZFA:0005187
ZP:0109155	ZFA:0001124
ZP:0109156	ZFA:0005841
ZP:0109157	ZFA:0000176
ZP:0109158	ZFA:0000284
ZP:0109159	ZFA:0005447
ZP:0109160	ZFA:0005405
ZP:0109161	ZFA:0000837
ZP:0109162	ZFA:0009140
ZP:0109163	ZFA:0005190
ZP:0109164	ZFA:0001412
ZP:0109165	ZFA:0007071
ZP:0109167	ZFA:0000779
ZP:0109168	ZFA:0009322
ZP:0109169	ZFA:0001602
ZP:0109170	ZFA:0000839
ZP:0109171	ZFA:0007046
ZP:0109172	ZFA:0001509
ZP:0109173	ZFA:0001716
ZP:0109174	ZFA:0000321
ZP:0109175	ZFA:0005404
ZP:0109176	ZFA:0005655
ZP:0109177	ZFA:0005414
ZP:0109178	ZFA:0000684
ZP:0109179	ZFA:0001449
ZP:0109180	ZFA:0005781
ZP:0109181	ZFA:0009365
ZP:0109182	ZFA:0005284
ZP:0109183	ZFA:0001724
ZP:0109184	ZFA:0001526
ZP:0109185	ZFA:0000530
ZP:0109186	ZFA:0005321
ZP:0109187	ZFA:0007019
ZP:0109188	ZFA:0005745
ZP:0109189	ZFA:0005711
ZP:0109190	ZFA:0005754
ZP:0109191	ZFA:0005393
ZP:0109192	ZFA:0000885
ZP:0109193	ZFA:0001391
ZP:0109194	ZFA:0009351
ZP:0109195	ZFA:0000835
ZP:0109196	ZFA:0001520
ZP:0109197	ZFA:0000968
ZP:0109198	ZFA:0005512
ZP:0109199	ZFA:0005011
ZP:0109200	ZFA:0001192
ZP:0109201	ZFA:0005501
ZP:0109202	ZFA:0005738
ZP:0109203	ZFA:0001098
ZP:0109204	ZFA:0007027
ZP:0109205	ZFA:0001619
ZP:0109206	ZFA:0001347
ZP:0109207	ZFA:0005599
ZP:0109208	ZFA:0001314
ZP:0109209	ZFA:0009362
ZP:0109210	ZFA:0005511
ZP:0109211	ZFA:0000398
ZP:0109212	ZFA:0005465
ZP:0109213	ZFA:0000362
ZP:0109214	ZFA:0005298
ZP:0109215	ZFA:0009037
ZP:0109216	ZFA:0001517
ZP:0109217	ZFA:0000062
ZP:0109218	ZFA:0009069
ZP:0109219	ZFA:0005678
ZP:0109220	ZFA:0000578
ZP:0109221	ZFA:0000170
ZP:0109222	ZFA:0001221
ZP:0109223	ZFA:0005803
ZP:0109224	ZFA:0005492
ZP:0109225	ZFA:0001235
ZP:0109226	ZFA:0001504
ZP:0109227	ZFA:0007022
ZP:0109228	ZFA:0005518
ZP:0109229	ZFA:0007036
ZP:0109230	ZFA:0005128
ZP:0109231	ZFA:0000589
ZP:0109232	ZFA:0009209
ZP:0109233	ZFA:0001710
ZP:0109234	ZFA:0007055
ZP:0109235	ZFA:0005915
ZP:0109236	ZFA:0000246
ZP:0109237	ZFA:0000935
ZP:0109238	ZFA:0000847
ZP:0109239	ZFA:0007004
ZP:0109240	ZFA:0005836
ZP:0109241	ZFA:0001012
ZP:0109242	ZFA:0005226
ZP:0109243	ZFA:0000241
ZP:0109244	ZFA:0005710
ZP:0109245	ZFA:0000891
ZP:0109246	ZFA:0000158
ZP:0109247	ZFA:0000790
ZP:0109248	ZFA:0007010
ZP:0109249	ZFA:0005341
ZP:0109250	ZFA:0007056
ZP:0109251	ZFA:0005885
ZP:0109252	ZFA:0005647
ZP:0109253	ZFA:0009201
ZP:0109254	ZFA:0009030
ZP:0109255	ZFA:0001266
ZP:0109256	ZFA:0001556
ZP:0109257	ZFA:0000955
ZP:0109258	ZFA:0000225
ZP:0109259	ZFA:0001430
ZP:0109260	ZFA:0001046
ZP:0109261	ZFA:0001440
ZP:0109262	ZFA:0000679
ZP:0109263	ZFA:0000923
ZP:0109264	ZFA:0001561
ZP:0109265	ZFA:0005202
ZP:0109266	ZFA:0009156
ZP:0109267	ZFA:0005780
ZP:0109268	ZFA:0005183
ZP:0109269	ZFA:0005538
ZP:0109270	ZFA:0005194
ZP:0109271	ZFA:0000758
ZP:0109272	ZFA:0009060
ZP:0109273	ZFA:0000487
ZP:0109274	ZFA:0005313
ZP:0109275	ZFA:0001011
ZP:0109276	ZFA:0005148
ZP:0109277	ZFA:0000561
ZP:0109279	ZFA:0005451
ZP:0109280	ZFA:0005727
ZP:0109281	ZFA:0007098
ZP:0109282	ZFA:0001528
ZP:0109283	ZFA:0000229
ZP:0109284	ZFA:0000601
ZP:0109285	ZFA:0001493
ZP:0109286	ZFA:0005639
ZP:0109287	ZFA:0005707
ZP:0109288	ZFA:0005854
ZP:0109289	ZFA:0005481
ZP:0109291	ZFA:0000439
ZP:0109292	ZFA:0000168
ZP:0109293	ZFA:0005651
ZP:0109294	ZFA:0005866
ZP:0109295	ZFA:0009181
ZP:0109296	ZFA:0007109
ZP:0109297	ZFA:0005068
ZP:0109298	ZFA:0000499
ZP:0109299	ZFA:0007067
ZP:0109300	ZFA:0009399
ZP:0109301	ZFA:0000638
ZP:0109302	ZFA:0001028
ZP:0109303	ZFA:0009264
ZP:0109304	ZFA:0001198
ZP:0109305	ZFA:0005859
ZP:0109306	ZFA:0000455
ZP:0109307	ZFA:0001240
ZP:0109308	ZFA:0001363
ZP:0109309	ZFA:0000672
ZP:0109310	ZFA:0000536
ZP:0109311	ZFA:0007049
ZP:0109312	ZFA:0005307
ZP:0109313	ZFA:0001331
ZP:0109314	ZFA:0005539
ZP:0109315	ZFA:0000233
ZP:0109317	ZFA:0005875
ZP:0109318	ZFA:0005200
ZP:0109319	ZFA:0001250
ZP:0109320	ZFA:0000184
ZP:0109321	ZFA:0005495
ZP:0109322	ZFA:0000564
ZP:0109323	ZFA:0005177
ZP:0109324	ZFA:0005301
ZP:0109325	ZFA:0000052
ZP:0109326	ZFA:0009216
ZP:0109327	ZFA:0000384
ZP:0109328	ZFA:0000600
ZP:0109329	ZFA:0007112
ZP:0109330	ZFA:0005110
ZP:0109331	ZFA:0005296
ZP:0109332	ZFA:0007097
ZP:0109333	ZFA:0001434
ZP:0109334	ZFA:0000761
ZP:0109335	ZFA:0005246
ZP:0109337	ZFA:0005431
ZP:0109338	ZFA:0000958
ZP:0109339	ZFA:0000430
ZP:0109340	ZFA:0005090
ZP:0109341	ZFA:0000580
ZP:0109342	ZFA:0005440
ZP:0109343	ZFA:0005712
ZP:0109344	ZFA:0000305
ZP:0109345	ZFA:0001433
ZP:0109346	ZFA:0005079
ZP:0109347	ZFA:0005195
ZP:0109348	ZFA:0001299
ZP:0109349	ZFA:0009045
ZP:0109350	ZFA:0001367
ZP:0109351	ZFA:0005181
ZP:0109352	ZFA:0000916
ZP:0109353	ZFA:0000693
ZP:0109354	ZFA:0000552
ZP:0109355	ZFA:0001718
ZP:0109356	ZFA:0005310
ZP:0109357	ZFA:0005792
ZP:0109358	ZFA:0005544
ZP:0109359	ZFA:0001472
ZP:0109360	ZFA:0007043
ZP:0109361	ZFA:0000560
ZP:0109362	ZFA:0000892
ZP:0109363	ZFA:0005400
ZP:0109364	ZFA:0005335
ZP:0109365	ZFA:0001141
ZP:0109366	ZFA:0009331
ZP:0109367	ZFA:0001677
ZP:0109368	ZFA:0009249
ZP:0109369	ZFA:0000821
ZP:0109370	ZFA:0005654
ZP:0109371	ZFA:0009011
ZP:0109372	ZFA:0000971
ZP:0109373	ZFA:0000260
ZP:0109374	ZFA:0005582
ZP:0109375	ZFA:0000581
ZP:0109376	ZFA:0005517
ZP:0109377	ZFA:0001668
ZP:0109378	ZFA:0001148
ZP:0109379	ZFA:0009166
ZP:0109380	ZFA:0009273
ZP:0109381	ZFA:0009079
ZP:0109382	ZFA:0009276
ZP:0109383	ZFA:0000612
ZP:0109384	ZFA:0005346
ZP:0109385	ZFA:0000735
ZP:0109386	ZFA:0005474
ZP:0109387	ZFA:0000772
ZP:0109388	ZFA:0001164
ZP:0109389	ZFA:0001010
ZP:0109390	ZFA:0000946
ZP:0109391	ZFA:0000294
ZP:0109392	ZFA:0000415
ZP:0109393	ZFA:0000031
ZP:0109394	ZFA:0009178
ZP:0109395	ZFA:0009210
ZP:0109396	ZFA:0005886
ZP:0109397	ZFA:0005359
ZP:0109398	ZFA:0001621
ZP:0109399	ZFA:0001008
ZP:0109400	ZFA:0000299
ZP:0109401	ZFA:0005726
ZP:0109402	ZFA:0007005
ZP:0109404	ZFA:0000763
ZP:0109405	ZFA:0007000
ZP:0109406	ZFA:0001335
ZP:0109407	ZFA:0000720
ZP:0109408	ZFA:0007026
ZP:0109409	ZFA:0005189
ZP:0109410	ZFA:0005633
ZP:0109411	ZFA:0009186
ZP:0109412	ZFA:0000910
ZP:0109413	ZFA:0001456
ZP:0109414	ZFA:0007069
ZP:0109415	ZFA:0005636
ZP:0109416	ZFA:0000770
ZP:0109417	ZFA:0001067
ZP:0109418	ZFA:0005372
ZP:0109419	ZFA:0005261
ZP:0109420	ZFA:0005260
ZP:0109421	ZFA:0005032
ZP:0109422	ZFA:0001641
ZP:0109423	ZFA:0000451
ZP:0109424	ZFA:0005570
ZP:0109425	ZFA:0001594
ZP:0109426	ZFA:0001364
ZP:0109427	ZFA:0000412
ZP:0109428	ZFA:0009059
ZP:0109429	ZFA:0001155
ZP:0109430	ZFA:0005180
ZP:0109431	ZFA:0001252
ZP:0109432	ZFA:0005178
ZP:0109433	ZFA:0009295
ZP:0109434	ZFA:0005725
ZP:0109435	ZFA:0009334
ZP:0109436	ZFA:0000970
ZP:0109437	ZFA:0009043
ZP:0109438	ZFA:0001676
ZP:0109439	ZFA:0000849
ZP:0109440	ZFA:0005753
ZP:0109441	ZFA:0009175
ZP:0109442	ZFA:0005100
ZP:0109443	ZFA:0000668
ZP:0109444	ZFA:0005311
ZP:0109445	ZFA:0005206
ZP:0109446	ZFA:0000342
ZP:0109447	ZFA:0000219
ZP:0109448	ZFA:0007105
ZP:0109449	ZFA:0001691
ZP:0109450	ZFA:0000715
ZP:0109451	ZFA:0005527
ZP:0109452	ZFA:0005060
ZP:0109453	ZFA:0000332
ZP:0109454	ZFA:0000592
ZP:0109455	ZFA:0001360
ZP:0109456	ZFA:0000950
ZP:0109457	ZFA:0005629
ZP:0109458	ZFA:0000877
ZP:0109459	ZFA:0001723
ZP:0109460	ZFA:0007082
ZP:0109461	ZFA:0000355
ZP:0109462	ZFA:0001494
ZP:0109463	ZFA:0001657
ZP:0109464	ZFA:0005286
ZP:0109465	ZFA:0005207
ZP:0109466	ZFA:0009183
ZP:0109467	ZFA:0009066
ZP:0109468	ZFA:0005025
ZP:0109469	ZFA:0005828
ZP:0109470	ZFA:0007001
ZP:0109471	ZFA:0001225
ZP:0109472	ZFA:0000879
ZP:0109473	ZFA:0005809
ZP:0109474	ZFA:0001393
ZP:0109475	ZFA:0005685
ZP:0109476	ZFA:0009050
ZP:0109477	ZFA:0005793
ZP:0109478	ZFA:0000610
ZP:0109479	ZFA:0005099
ZP:0109480	ZFA:0000748
ZP:0109481	ZFA:0009323
ZP:0109482	ZFA:0005119
ZP:0109483	ZFA:0001298
ZP:0109484	ZFA:0001034
ZP:0109485	ZFA:0000230
ZP:0109486	ZFA:0001622
ZP:0109487	ZFA:0000182
ZP:0109488	ZFA:0005906
ZP:0109489	ZFA:0001395
ZP:0109490	ZFA:0001709
ZP:0109491	ZFA:0001203
ZP:0109492	ZFA:0000755
ZP:0109493	ZFA:0009302
ZP:0109494	ZFA:0005166
ZP:0109495	ZFA:0005847
ZP:0109496	ZFA:0005663
ZP:0109497	ZFA:0001334
ZP:0109498	ZFA:0000902
ZP:0109499	ZFA:0007081
ZP:0109500	ZFA:0007080
ZP:0109501	ZFA:0005488
ZP:0109502	ZFA:0001179
ZP:0109503	ZFA:0005350
ZP:0109504	ZFA:0000117
ZP:0109505	ZFA:0001226
ZP:0109506	ZFA:0001714
ZP:0109507	ZFA:0000846
ZP:0109508	ZFA:0000397
ZP:0109509	ZFA:0005910
ZP:0109510	ZFA:0005429
ZP:0109511	ZFA:0005354
ZP:0109512	ZFA:0001259
ZP:0109513	ZFA:0009112
ZP:0109514	ZFA:0000422
ZP:0109515	ZFA:0009083
ZP:0109516	ZFA:0009146
ZP:0109517	ZFA:0005507
ZP:0109518	ZFA:0005290
ZP:0109519	ZFA:0005880
ZP:0109520	ZFA:0009317
ZP:0109521	ZFA:0005858
ZP:0109522	ZFA:0007035
ZP:0109523	ZFA:0009310
ZP:0109524	ZFA:0000654
ZP:0109525	ZFA:0001222
ZP:0109526	ZFA:0001403
ZP:0109527	ZFA:0001042
ZP:0109528	ZFA:0009364
ZP:0109529	ZFA:0000307
ZP:0109530	ZFA:0005568
ZP:0109531	ZFA:0001396
ZP:0109532	ZFA:0009177
ZP:0109533	ZFA:0000816
ZP:0109534	ZFA:0001349
ZP:0109535	ZFA:0005790
ZP:0109536	ZFA:0000867
ZP:0109537	ZFA:0000549
ZP:0109538	ZFA:0000798
ZP:0109539	ZFA:0001563
ZP:0109540	ZFA:0009057
ZP:0109541	ZFA:0009012
ZP:0109542	ZFA:0007063
ZP:0109543	ZFA:0005863
ZP:0109544	ZFA:0001082
ZP:0109545	ZFA:0005652
ZP:0109546	ZFA:0005049
ZP:0109547	ZFA:0005746
ZP:0109548	ZFA:0009149
ZP:0109549	ZFA:0005067
ZP:0109550	ZFA:0001326
ZP:0109551	ZFA:0001706
ZP:0109552	ZFA:0005699
ZP:0109553	ZFA:0000850
ZP:0109554	ZFA:0005292
ZP:0109555	ZFA:0005252
ZP:0109556	ZFA:0000979
ZP:0109557	ZFA:0001151
ZP:0109558	ZFA:0001523
ZP:0109559	ZFA:0001525
ZP:0109560	ZFA:0005232
ZP:0109561	ZFA:0001719
ZP:0109562	ZFA:0005098
ZP:0109563	ZFA:0005222
ZP:0109564	ZFA:0009121
ZP:0109565	ZFA:0009235
ZP:0109566	ZFA:0005718
ZP:0109567	ZFA:0000897
ZP:0109568	ZFA:0005041
ZP:0109569	ZFA:0005239
ZP:0109570	ZFA:0000253
ZP:0109571	ZFA:0001145
ZP:0109572	ZFA:0000091
ZP:0109573	ZFA:0005015
ZP:0109574	ZFA:0005767
ZP:0109575	ZFA:0000270
ZP:0109576	ZFA:0009274
ZP:0109577	ZFA:0009370
ZP:0109578	ZFA:0000650
ZP:0109579	ZFA:0005216
ZP:0109580	ZFA:0005434
ZP:0109581	ZFA:0000313
ZP:0109582	ZFA:0001026
ZP:0109583	ZFA:0001648
ZP:0109584	ZFA:0000880
ZP:0109585	ZFA:0000554
ZP:0109586	ZFA:0000781
ZP:0109587	ZFA:0007090
ZP:0109588	ZFA:0005379
ZP:0109589	ZFA:0000427
ZP:0109590	ZFA:0009252
ZP:0109591	ZFA:0000020
ZP:0109592	ZFA:0000874
ZP:0109593	ZFA:0001207
ZP:0109594	ZFA:0005598
ZP:0109595	ZFA:0009032
ZP:0109596	ZFA:0009333
ZP:0109597	ZFA:0000426
ZP:0109598	ZFA:0005480
ZP:0109599	ZFA:0001575
ZP:0109600	ZFA:0005353
ZP:0109601	ZFA:0000537
ZP:0109602	ZFA:0005419
ZP:0109603	ZFA:0007079
ZP:0109604	ZFA:0009397
ZP:0109605	ZFA:0000234
ZP:0109606	ZFA:0007076
ZP:0109607	ZFA:0000952
ZP:0109608	ZFA:0001483
ZP:0109609	ZFA:0000996
ZP:0109611	ZFA:0000845
ZP:0109612	ZFA:0001061
ZP:0109613	ZFA:0000543
ZP:0109614	ZFA:0005186
ZP:0109615	ZFA:0009071
ZP:0109616	ZFA:0007064
ZP:0109617	ZFA:0009171
ZP:0109618	ZFA:0009206
ZP:0109619	ZFA:0005383
ZP:0109620	ZFA:0001193
ZP:0109621	ZFA:0009133
ZP:0109622	ZFA:0005611
ZP:0109623	ZFA:0009342
ZP:0109624	ZFA:0000370
ZP:0109625	ZFA:0005691
ZP:0109626	ZFA:0009320
ZP:0109627	ZFA:0007104
ZP:0109628	ZFA:0000800
ZP:0109629	ZFA:0005648
ZP:0109630	ZFA:0000757
ZP:0109631	ZFA:0001281
ZP:0109632	ZFA:0000195
ZP:0109633	ZFA:0000906
ZP:0109634	ZFA:0001492
ZP:0109635	ZFA:0001172
ZP:0109636	ZFA:0005352
ZP:0109638	ZFA:0005017
ZP:0109639	ZFA:0000868
ZP:0109640	ZFA:0007077
ZP:0109641	ZFA:0005441
ZP:0109642	ZFA:0005786
ZP:0109643	ZFA:0005565
ZP:0109644	ZFA:0000281
ZP:0109645	ZFA:0001007
ZP:0109646	ZFA:0001037
ZP:0109647	ZFA:0005001
ZP:0109648	ZFA:0009101
ZP:0109649	ZFA:0005048
ZP:0109650	ZFA:0007051
ZP:0109651	ZFA:0001382
ZP:0109652	ZFA:0001072
ZP:0109653	ZFA:0005898
ZP:0109654	ZFA:0009204
ZP:0109655	ZFA:0009233
ZP:0109656	ZFA:0005708
ZP:0109657	ZFA:0005883
ZP:0109658	ZFA:0000957
ZP:0109659	ZFA:0009158
ZP:0109660	ZFA:0009157
ZP:0109661	ZFA:0000420
ZP:0109662	ZFA:0005614
ZP:0109663	ZFA:0005521
ZP:0109664	ZFA:0005694
ZP:0109665	ZFA:0001603
ZP:0109666	ZFA:0001268
ZP:0109667	ZFA:0000678
ZP:0109668	ZFA:0005894
ZP:0109669	ZFA:0005406
ZP:0109670	ZFA:0005315
ZP:0109671	ZFA:0005705
ZP:0109672	ZFA:0005483
ZP:0109673	ZFA:0001033
ZP:0109674	ZFA:0009058
ZP:0109675	ZFA:0005485
ZP:0109676	ZFA:0005043
ZP:0109677	ZFA:0001223
ZP:0109678	ZFA:0001062
ZP:0109679	ZFA:0005470
ZP:0109680	ZFA:0000831
ZP:0109681	ZFA:0007045
ZP:0109682	ZFA:0001153
ZP:0109683	ZFA:0007061
ZP:0109684	ZFA:0005135
ZP:0109685	ZFA:0005805
ZP:0109686	ZFA:0000876
ZP:0109687	ZFA:0005484
ZP:0109688	ZFA:0000423
ZP:0109689	ZFA:0005796
ZP:0109690	ZFA:0005113
ZP:0109691	ZFA:0001598
ZP:0109692	ZFA:0000745
ZP:0109693	ZFA:0000908
ZP:0109694	ZFA:0001669
ZP:0109695	ZFA:0005822
ZP:0109696	ZFA:0005556
ZP:0109697	ZFA:0000836
ZP:0109698	ZFA:0000838
ZP:0109699	ZFA:0000871
ZP:0109700	ZFA:0000500
ZP:0109701	ZFA:0007073
ZP:0109702	ZFA:0000514
ZP:0109703	ZFA:0005862
ZP:0109704	ZFA:0005543
ZP:0109705	ZFA:0000210
ZP:0109706	ZFA:0000528
ZP:0109708	ZFA:0005617
ZP:0109709	ZFA:0005548
ZP:0109710	ZFA:0001562
ZP:0109711	ZFA:0005324
ZP:0109712	ZFA:0007102
ZP:0109713	ZFA:0000456
ZP:0109714	ZFA:0009145
ZP:0109715	ZFA:0005704
ZP:0109716	ZFA:0000546
ZP:0109717	ZFA:0000490
ZP:0109718	ZFA:0001180
ZP:0109719	ZFA:0005193
ZP:0109720	ZFA:0005896
ZP:0109721	ZFA:0005478
ZP:0109722	ZFA:0000238
ZP:0109723	ZFA:0005444
ZP:0109724	ZFA:0005309
ZP:0109725	ZFA:0005256
ZP:0109726	ZFA:0009213
ZP:0109727	ZFA:0000494
ZP:0109728	ZFA:0000429
ZP:0109729	ZFA:0000408
ZP:0109730	ZFA:0009241
ZP:0109731	ZFA:0001640
ZP:0109732	ZFA:0001323
ZP:0109733	ZFA:0005056
ZP:0109734	ZFA:0001712
ZP:0109735	ZFA:0005510
ZP:0109736	ZFA:0007044
ZP:0109737	ZFA:0001049
ZP:0109738	ZFA:0005729
ZP:0109739	ZFA:0005028
ZP:0109740	ZFA:0005877
ZP:0109741	ZFA:0000092
ZP:0109742	ZFA:0000223
ZP:0109743	ZFA:0000782
ZP:0109744	ZFA:0001133
ZP:0109745	ZFA:0000647
ZP:0109746	ZFA:0001409
ZP:0109747	ZFA:0005700
ZP:0109748	ZFA:0005913
ZP:0109749	ZFA:0001572
ZP:0109750	ZFA:0005789
ZP:0109751	ZFA:0009301
ZP:0109753	ZFA:0005528
ZP:0109754	ZFA:0000701
ZP:0109755	ZFA:0001686
ZP:0109756	ZFA:0000475
ZP:0109757	ZFA:0009258
ZP:0109758	ZFA:0005103
ZP:0109759	ZFA:0001446
ZP:0109760	ZFA:0000756
ZP:0109761	ZFA:0000419
ZP:0109762	ZFA:0001616
ZP:0109763	ZFA:0001132
ZP:0109764	ZFA:0000744
ZP:0109765	ZFA:0005491
ZP:0109766	ZFA:0000956
ZP:0109767	ZFA:0001182
ZP:0109768	ZFA:0000830
ZP:0109769	ZFA:0005807
ZP:0109770	ZFA:0005821
ZP:0109771	ZFA:0001692
ZP:0109772	ZFA:0005062
ZP:0109773	ZFA:0001146
ZP:0109774	ZFA:0009224
ZP:0109775	ZFA:0005344
ZP:0109776	ZFA:0005625
ZP:0109777	ZFA:0000909
ZP:0109778	ZFA:0005047
ZP:0109779	ZFA:0009211
ZP:0109780	ZFA:0000309
ZP:0109781	ZFA:0009109
ZP:0109782	ZFA:0005157
ZP:0109783	ZFA:0000827
ZP:0109784	ZFA:0000873
ZP:0109785	ZFA:0005547
ZP:0109786	ZFA:0009086
ZP:0109787	ZFA:0001165
ZP:0109788	ZFA:0005724
ZP:0109789	ZFA:0001672
ZP:0109790	ZFA:0009215
ZP:0109791	ZFA:0005514
ZP:0109792	ZFA:0005765
ZP:0109793	ZFA:0001688
ZP:0109794	ZFA:0000900
ZP:0109795	ZFA:0005798
ZP:0109796	ZFA:0001560
ZP:0109797	ZFA:0005785
ZP:0109798	ZFA:0005380
ZP:0109799	ZFA:0005787
ZP:0109800	ZFA:0001131
ZP:0109801	ZFA:0005541
ZP:0109802	ZFA:0009095
ZP:0109803	ZFA:0009200
ZP:0109804	ZFA:0001036
ZP:0109805	ZFA:0000889
ZP:0109806	ZFA:0000577
ZP:0109807	ZFA:0005698
ZP:0109808	ZFA:0001705
ZP:0109809	ZFA:0009240
ZP:0109810	ZFA:0000298
ZP:0109811	ZFA:0009376
ZP:0109812	ZFA:0005356
ZP:0109813	ZFA:0005522
ZP:0109814	ZFA:0005192
ZP:0109815	ZFA:0009257
ZP:0109816	ZFA:0005384
ZP:0109817	ZFA:0009099
ZP:0109818	ZFA:0009098
ZP:0109819	ZFA:0000533
ZP:0109820	ZFA:0005258
ZP:0109821	ZFA:0000148
ZP:0109822	ZFA:0005829
ZP:0109823	ZFA:0009401
ZP:0109824	ZFA:0005029
ZP:0109825	ZFA:0005002
ZP:0109826	ZFA:0001356
ZP:0109827	ZFA:0000960
ZP:0109828	ZFA:0005853
ZP:0109829	ZFA:0005455
ZP:0109830	ZFA:0005126
ZP:0109831	ZFA:0005634
ZP:0109832	ZFA:0005144
ZP:0109833	ZFA:0009195
ZP:0109835	ZFA:0000316
ZP:0109836	ZFA:0007111
ZP:0109837	ZFA:0007113
ZP:0109838	ZFA:0000764
ZP:0109839	ZFA:0000769
ZP:0109840	ZFA:0000503
ZP:0109841	ZFA:0005185
ZP:0109842	ZFA:0000991
ZP:0109843	ZFA:0009222
ZP:0109844	ZFA:0005334
ZP:0109845	ZFA:0000987
ZP:0109846	ZFA:0009006
ZP:0109847	ZFA:0005717
ZP:0109848	ZFA:0005763
ZP:0109849	ZFA:0005810
ZP:0109850	ZFA:0000265
ZP:0109851	ZFA:0001615
ZP:0109852	ZFA:0005170
ZP:0109853	ZFA:0001428
ZP:0109854	ZFA:0001128
ZP:0109855	ZFA:0005375
ZP:0109856	ZFA:0001587
ZP:0109857	ZFA:0005241
ZP:0109858	ZFA:0005697
ZP:0109859	ZFA:0005381
ZP:0109860	ZFA:0005287
ZP:0109861	ZFA:0001605
ZP:0109862	ZFA:0000269
ZP:0109863	ZFA:0001592
ZP:0109864	ZFA:0000870
ZP:0109865	ZFA:0005693
ZP:0109866	ZFA:0005778
ZP:0109867	ZFA:0001394
ZP:0109868	ZFA:0000311
ZP:0109869	ZFA:0005912
ZP:0109870	ZFA:0001244
ZP:0109871	ZFA:0005857
ZP:0109872	ZFA:0009384
ZP:0109873	ZFA:0000792
ZP:0109874	ZFA:0000605
ZP:0109875	ZFA:0000315
ZP:0109876	ZFA:0005850
ZP:0109877	ZFA:0005721
ZP:0109878	ZFA:0000177
ZP:0109879	ZFA:0005382
ZP:0109880	ZFA:0005201
ZP:0109881	ZFA:0005283
ZP:0109882	ZFA:0001136
ZP:0109883	ZFA:0001451
ZP:0109884	ZFA:0001695
ZP:0109885	ZFA:0005574
ZP:0109886	ZFA:0005333
ZP:0109887	ZFA:0005533
ZP:0109888	ZFA:0005154
ZP:0109889	ZFA:0001143
ZP:0109890	ZFA:0005086
ZP:0109891	ZFA:0000828
ZP:0109892	ZFA:0000609
ZP:0109893	ZFA:0005646
ZP:0109894	ZFA:0005573
ZP:0109895	ZFA:0000829
ZP:0109896	ZFA:0000788
ZP:0109897	ZFA:0001684
ZP:0109898	ZFA:0001392
ZP:0109899	ZFA:0005361
ZP:0109900	ZFA:0005895
ZP:0109901	ZFA:0005736
ZP:0109902	ZFA:0005842
ZP:0109903	ZFA:0001700
ZP:0109904	ZFA:0000673
ZP:0109905	ZFA:0005801
ZP:0109906	ZFA:0005641
ZP:0109907	ZFA:0000793
ZP:0109908	ZFA:0009279
ZP:0109909	ZFA:0005378
ZP:0109910	ZFA:0007108
ZP:0109911	ZFA:0000993
ZP:0109912	ZFA:0000414
ZP:0109913	ZFA:0005084
ZP:0109914	ZFA:0009119
ZP:0109915	ZFA:0005554
ZP:0109916	ZFA:0000366
ZP:0109917	ZFA:0005878
ZP:0109918	ZFA:0005087
ZP:0109919	ZFA:0001345
ZP:0109920	ZFA:0000033
ZP:0109921	ZFA:0005722
ZP:0109922	ZFA:0005508
ZP:0109923	ZFA:0009041
ZP:0109924	ZFA:0000869
ZP:0109925	ZFA:0005777
ZP:0109926	ZFA:0000448
ZP:0109927	ZFA:0000833
ZP:0109928	ZFA:0001343
ZP:0109929	ZFA:0001152
ZP:0109930	ZFA:0000178
ZP:0109931	ZFA:0005327
ZP:0109932	ZFA:0001564
ZP:0109933	ZFA:0005074
ZP:0109934	ZFA:0000776
ZP:0109935	ZFA:0001601
ZP:0109936	ZFA:0009316
ZP:0109937	ZFA:0005213
ZP:0109938	ZFA:0001166
ZP:0109939	ZFA:0005553
ZP:0109940	ZFA:0005462
ZP:0109941	ZFA:0000753
ZP:0109942	ZFA:0000185
ZP:0109943	ZFA:0005349
ZP:0109944	ZFA:0001134
ZP:0109945	ZFA:0005445
ZP:0109946	ZFA:0005091
ZP:0109947	ZFA:0000883
ZP:0109948	ZFA:0000686
ZP:0109949	ZFA:0005758
ZP:0109950	ZFA:0005752
ZP:0109951	ZFA:0005340
ZP:0109952	ZFA:0005628
ZP:0109953	ZFA:0005426
ZP:0109954	ZFA:0005397
ZP:0109955	ZFA:0005695
ZP:0109956	ZFA:0001242
ZP:0109957	ZFA:0000886
ZP:0109958	ZFA:0001441
ZP:0109959	ZFA:0005731
ZP:0109960	ZFA:0005164
ZP:0109961	ZFA:0005446
ZP:0109962	ZFA:0007078
ZP:0109963	ZFA:0005701
ZP:0109964	ZFA:0005385
ZP:0109965	ZFA:0005583
ZP:0109966	ZFA:0001291
ZP:0109967	ZFA:0005085
ZP:0109968	ZFA:0000677
ZP:0109969	ZFA:0005591
ZP:0109970	ZFA:0000989
ZP:0109971	ZFA:0005529
ZP:0109972	ZFA:0005034
ZP:0109973	ZFA:0001442
ZP:0109974	ZFA:0005055
ZP:0109975	ZFA:0009205
ZP:0109976	ZFA:0009176
ZP:0109977	ZFA:0000615
ZP:0109978	ZFA:0001224
ZP:0109979	ZFA:0005403
ZP:0109980	ZFA:0005502
ZP:0109981	ZFA:0001508
ZP:0109982	ZFA:0000670
ZP:0109983	ZFA:0005026
ZP:0109984	ZFA:0005572
ZP:0109985	ZFA:0005014
ZP:0109986	ZFA:0005595
ZP:0109987	ZFA:0007011
ZP:0109988	ZFA:0000988
ZP:0109989	ZFA:0001043
ZP:0109990	ZFA:0001068
ZP:0109991	ZFA:0005197
ZP:0109992	ZFA:0000411
ZP:0109993	ZFA:0005089
ZP:0109994	ZFA:0000865
ZP:0109995	ZFA:0005033
ZP:0109996	ZFA:0005489
ZP:0109997	ZFA:0007008
ZP:0109998	ZFA:0005069
ZP:0109999	ZFA:0005396
ZP:0110000	ZFA:0001070
ZP:0110001	ZFA:0005137
ZP:0110002	ZFA:0000893
ZP:0110003	ZFA:0009164
ZP:0110004	ZFA:0005317
ZP:0110005	ZFA:0001038
ZP:0110006	ZFA:0009151
ZP:0110007	ZFA:0000721
ZP:0110008	ZFA:0009148
ZP:0110009	ZFA:0005735
ZP:0110010	ZFA:0009237
ZP:0110011	ZFA:0005093
ZP:0110012	ZFA:0000834
ZP:0110013	ZFA:0009332
ZP:0110014	ZFA:0001163
ZP:0110015	ZFA:0001499
ZP:0110016	ZFA:0001436
ZP:0110017	ZFA:0005716
ZP:0110018	ZFA:0009188
ZP:0110019	ZFA:0005505
ZP:0110020	ZFA:0009126
ZP:0110021	ZFA:0009110
ZP:0110022	ZFA:0000196
ZP:0110023	ZFA:0005526
ZP:0110024	ZFA:0000568
ZP:0110025	ZFA:0005788
ZP:0110026	ZFA:0000894
ZP:0110027	ZFA:0005363
ZP:0110028	ZFA:0000959
ZP:0110029	ZFA:0005438
ZP:0110030	ZFA:0001289
ZP:0110031	ZFA:0000325
ZP:0110032	ZFA:0000287
ZP:0110033	ZFA:0001054
ZP:0110034	ZFA:0001251
ZP:0110035	ZFA:0005326
ZP:0110036	ZFA:0005905
ZP:0110037	ZFA:0005649
ZP:0110038	ZFA:0005612
ZP:0110039	ZFA:0005066
ZP:0110040	ZFA:0005179
ZP:0110041	ZFA:0001600
ZP:0110042	ZFA:0005899
ZP:0110043	ZFA:0000799
ZP:0110044	ZFA:0005551
ZP:0110045	ZFA:0000860
ZP:0110046	ZFA:0005768
ZP:0110047	ZFA:0005800
ZP:0110048	ZFA:0005191
ZP:0110049	ZFA:0009040
ZP:0110050	ZFA:0005387
ZP:0110051	ZFA:0005775
ZP:0110052	ZFA:0000623
ZP:0110053	ZFA:0005779
ZP:0110054	ZFA:0005776
ZP:0110055	ZFA:0000747
ZP:0110056	ZFA:0005432
ZP:0110057	ZFA:0000194
ZP:0110058	ZFA:0000300
ZP:0110059	ZFA:0005564
ZP:0110060	ZFA:0009221
ZP:0110061	ZFA:0009282
ZP:0110062	ZFA:0005860
ZP:0110063	ZFA:0001340
ZP:0110064	ZFA:0005615
ZP:0110065	ZFA:0005362
ZP:0110066	ZFA:0009394
ZP:0110067	ZFA:0009042
ZP:0110068	ZFA:0005534
ZP:0110069	ZFA:0005217
ZP:0110070	ZFA:0000921
ZP:0110071	ZFA:0009144
ZP:0110072	ZFA:0009072
ZP:0110073	ZFA:0001044
ZP:0110074	ZFA:0005713
ZP:0110075	ZFA:0005021
ZP:0110076	ZFA:0005234
ZP:0110077	ZFA:0005550
ZP:0110078	ZFA:0005351
ZP:0110079	ZFA:0001113
ZP:0110080	ZFA:0000449
ZP:0110081	ZFA:0000579
ZP:0110082	ZFA:0001656
ZP:0110083	ZFA:0005867
ZP:0110084	ZFA:0005439
ZP:0110085	ZFA:0001329
ZP:0110086	ZFA:0001437
ZP:0110087	ZFA:0005199
ZP:0110088	ZFA:0005184
ZP:0110089	ZFA:0000395
ZP:0110090	ZFA:0005749
ZP:0110091	ZFA:0009068
ZP:0110092	ZFA:0000773
ZP:0110093	ZFA:0000551
ZP:0110094	ZFA:0005585
ZP:0110095	ZFA:0009339
ZP:0110096	ZFA:0009231
ZP:0110097	ZFA:0000371
ZP:0110098	ZFA:0000901
ZP:0110099	ZFA:0005756
ZP:0110100	ZFA:0007101
ZP:0110101	ZFA:0005487
ZP:0110102	ZFA:0005456
ZP:0110103	ZFA:0005516
ZP:0110104	ZFA:0009049
ZP:0110105	ZFA:0005142
ZP:0110106	ZFA:0005799
ZP:0110107	ZFA:0009155
ZP:0110108	ZFA:0005072
ZP:0110109	ZFA:0009283
ZP:0110110	ZFA:0005531
ZP:0110111	ZFA:0005238
ZP:0110112	ZFA:0005696
ZP:0110113	ZFA:0005088
ZP:0110114	ZFA:0000502
ZP:0110115	ZFA:0001121
ZP:0110116	ZFA:0005666
ZP:0110117	ZFA:0005390
ZP:0110118	ZFA:0005757
ZP:0110119	ZFA:0001052
ZP:0110120	ZFA:0000752
ZP:0110121	ZFA:0005824
ZP:0110122	ZFA:0000754
ZP:0110123	ZFA:0001130
ZP:0110124	ZFA:0005133
ZP:0110125	ZFA:0000702
ZP:0110126	ZFA:0009217
ZP:0110127	ZFA:0005319
ZP:0110128	ZFA:0005205
ZP:0110129	ZFA:0000806
ZP:0110130	ZFA:0001366
ZP:0110131	ZFA:0007003
ZP:0110132	ZFA:0005592
ZP:0110133	ZFA:0005131
ZP:0110134	ZFA:0005715
ZP:0110135	ZFA:0000180
ZP:0110136	ZFA:0009230
ZP:0110137	ZFA:0000986
ZP:0110138	ZFA:0000907
ZP:0110139	ZFA:0009123
ZP:0110140	ZFA:0005054
ZP:0110141	ZFA:0005714
ZP:0110142	ZFA:0005627
ZP:0110143	ZFA:0000784
ZP:0110144	ZFA:0009256
ZP:0110145	ZFA:0007118
ZP:0110146	ZFA:0009255
ZP:0110147	ZFA:0001045
ZP:0110148	ZFA:0005360
ZP:0110149	ZFA:0009185
ZP:0110150	ZFA:0005720
ZP:0110151	ZFA:0000895
ZP:0110152	ZFA:0000280
ZP:0110153	ZFA:0005030
ZP:0110154	ZFA:0000607
ZP:0110155	ZFA:0005515
ZP:0110156	ZFA:0005839
ZP:0110157	ZFA:0001408
ZP:0110158	ZFA:0000741
ZP:0110159	ZFA:0001388
ZP:0110160	ZFA:0001199
ZP:0110161	ZFA:0000995
ZP:0110162	ZFA:0005031
ZP:0110163	ZFA:0005658
ZP:0110164	ZFA:0005377
ZP:0110165	ZFA:0005667
ZP:0110167	ZFA:0000717
ZP:0110168	ZFA:0000760
ZP:0110169	ZFA:0001683
ZP:0110170	ZFA:0005884
ZP:0110171	ZFA:0005174
ZP:0110172	ZFA:0005104
ZP:0110173	ZFA:0005016
ZP:0110174	ZFA:0009160
ZP:0110175	ZFA:0000912
ZP:0110176	ZFA:0005150
ZP:0110177	ZFA:0005058
ZP:0110179	ZFA:0000698
ZP:0110180	ZFA:0000811
ZP:0110181	ZFA:0000904
ZP:0110182	ZFA:0005411
ZP:0110183	ZFA:0000962
ZP:0110184	ZFA:0009061
ZP:0110185	ZFA:0001111
ZP:0110186	ZFA:0000604
ZP:0110187	ZFA:0005764
ZP:0110188	ZFA:0005175
ZP:0110189	ZFA:0005769
ZP:0110190	ZFA:0005464
ZP:0110191	ZFA:0005152
ZP:0110192	ZFA:0007100
ZP:0110193	ZFA:0009335
ZP:0110194	ZFA:0005430
ZP:0110195	ZFA:0005845
ZP:0110196	ZFA:0000785
ZP:0110197	ZFA:0005161
ZP:0110198	ZFA:0005868
ZP:0110199	ZFA:0005168
ZP:0110200	ZFA:0005823
ZP:0110201	ZFA:0000671
ZP:0110202	ZFA:0005013
ZP:0110203	ZFA:0005637
ZP:0110204	ZFA:0000739
ZP:0110205	ZFA:0000323
ZP:0110206	ZFA:0000888
ZP:0110207	ZFA:0001327
ZP:0110208	ZFA:0005376
ZP:0110209	ZFA:0005413
ZP:0110210	ZFA:0005503
ZP:0110211	ZFA:0001604
ZP:0110212	ZFA:0005308
ZP:0110213	ZFA:0005672
ZP:0110214	ZFA:0001023
ZP:0110215	ZFA:0000954
ZP:0110216	ZFA:0001237
ZP:0110217	ZFA:0005010
ZP:0110218	ZFA:0005006
ZP:0110219	ZFA:0009152
ZP:0110220	ZFA:0009225
ZP:0110221	ZFA:0009076
ZP:0110222	ZFA:0000819
ZP:0110223	ZFA:0005212
ZP:0110224	ZFA:0005279
ZP:0110225	ZFA:0001570
ZP:0110226	ZFA:0005448
ZP:0110227	ZFA:0005827
ZP:0110228	ZFA:0000896
ZP:0110229	ZFA:0009108
ZP:0110230	ZFA:0001332
ZP:0110231	ZFA:0009196
ZP:0110232	ZFA:0009094
ZP:0110233	ZFA:0005078
ZP:0110234	ZFA:0000452
ZP:0110235	ZFA:0005204
ZP:0110236	ZFA:0005881
ZP:0110237	ZFA:0005848
ZP:0110238	ZFA:0000191
ZP:0110239	ZFA:0005751
ZP:0110240	ZFA:0005253
ZP:0110241	ZFA:0001685
ZP:0110242	ZFA:0000479
ZP:0110243	ZFA:0005687
ZP:0110244	ZFA:0000689
ZP:0110245	ZFA:0000329
ZP:0110246	ZFA:0005524
ZP:0110247	ZFA:0005348
ZP:0110248	ZFA:0000389
ZP:0110249	ZFA:0009203
ZP:0110250	ZFA:0000690
ZP:0110251	ZFA:0000333
ZP:0110252	ZFA:0000593
ZP:0110253	ZFA:0001638
ZP:0110254	ZFA:0000992
ZP:0110255	ZFA:0000459
ZP:0110256	ZFA:0005266
ZP:0110257	ZFA:0001063
ZP:0110258	ZFA:0000306
ZP:0110259	ZFA:0000645
ZP:0110260	ZFA:0000608
ZP:0110261	ZFA:0009260
ZP:0110262	ZFA:0000450
ZP:0110263	ZFA:0000501
ZP:0110264	ZFA:0000130
ZP:0110265	ZFA:0000984
ZP:0110266	ZFA:0000256
ZP:0110267	ZFA:0000655
ZP:0110268	ZFA:0000520
ZP:0110269	ZFA:0000372
ZP:0110270	ZFA:0000335
ZP:0110271	ZFA:0000275
ZP:0110272	ZFA:0000266
ZP:0110273	ZFA:0000985
ZP:0110274	ZFA:0001301
ZP:0110275	ZFA:0000665
ZP:0110276	ZFA:0001599
ZP:0110277	ZFA:0000201
ZP:0110278	ZFA:0000276
ZP:0110279	ZFA:0000327
ZP:0110280	ZFA:0005106
ZP:0110281	ZFA:0001302
ZP:0110282	ZFA:0001650
ZP:0110283	ZFA:0009207
ZP:0110284	ZFA:0000286
ZP:0110285	ZFA:0000249
ZP:0110286	ZFA:0001312
ZP:0110287	ZFA:0005107
ZP:0110288	ZFA:0005320
ZP:0110289	ZFA:0001303
ZP:0110290	ZFA:0000815
ZP:0110291	ZFA:0000903
ZP:0110292	ZFA:0000296
ZP:0110293	ZFA:0000523
ZP:0110294	ZFA:0000649
ZP:0110295	ZFA:0000278
ZP:0110296	ZFA:0001350
ZP:0110297	ZFA:0001313
ZP:0110298	ZFA:0005108
ZP:0110299	ZFA:0009167
ZP:0110300	ZFA:0001304
ZP:0110301	ZFA:0001379
ZP:0110302	ZFA:0001467
ZP:0110303	ZFA:0005039
ZP:0110304	ZFA:0000288
ZP:0110305	ZFA:0009102
ZP:0110306	ZFA:0000998
ZP:0110307	ZFA:0009390
ZP:0110308	ZFA:0000492
ZP:0110309	ZFA:0001305
ZP:0110310	ZFA:0000905
ZP:0110311	ZFA:0000710
ZP:0110312	ZFA:0000553
ZP:0110313	ZFA:0009391
ZP:0110314	ZFA:0000493
ZP:0110315	ZFA:0000359
ZP:0110316	ZFA:0000261
ZP:0110317	ZFA:0005040
ZP:0110318	ZFA:0000484
ZP:0110319	ZFA:0000039
ZP:0110320	ZFA:0000164
ZP:0110321	ZFA:0000786
ZP:0110322	ZFA:0009104
ZP:0110323	ZFA:0000206
ZP:0110324	ZFA:0001177
ZP:0110325	ZFA:0000331
ZP:0110326	ZFA:0000517
ZP:0110327	ZFA:0000642
ZP:0110328	ZFA:0000990
ZP:0110329	ZFA:0000582
ZP:0110330	ZFA:0009286
ZP:0110331	ZFA:0000216
ZP:0110332	ZFA:0009202
ZP:0110333	ZFA:0009189
ZP:0110334	ZFA:0000244
