iri	id	current
ZP:0000001	0-0-ZFA:0100000-PATO:0000001-0-0-0	
ZP:0000278	0-0-GO:0021865-PATO:0002051-0-0-0	
ZP:0000281	0-0-GO:0048709-PATO:0000460-0-0-0	
ZP:0000771	0-0-GO:0040016-PATO:0000460-0-0-0	
ZP:0000773	0-0-GO:1900107-PATO:0000460-0-0-0	
ZP:0000964	0-0-GO:0021960-PATO:0000460-0-0-0	
ZP:0001271	0-0-ZFA:0000119-PATO:0000460-0-0-0	
ZP:0001467	0-0-GO:0001966-PATO:0000460-0-0-0	
ZP:0001468	0-0-GO:0007638-PATO:0000460-0-0-0	
ZP:0002892	0-0-GO:0043206-PATO:0001507-0-0-0	
ZP:0003452	GO:0004674-BFO:0000050-ZFA:0000008-PATO:0002051-0-0-0	
ZP:0003453	GO:0004674-BFO:0000050-ZFA:0000075-PATO:0002051-0-0-0	
ZP:0003455	GO:0004674-BFO:0000050-ZFA:0000107-PATO:0002051-0-0-0	
ZP:0003456	GO:0004674-BFO:0000050-ZFA:0000123-PATO:0002051-0-0-0	
ZP:0003461	GO:0004674-BFO:0000050-ZFA:0000529-PATO:0002051-0-0-0	
ZP:0003464	GO:0004674-BFO:0000050-ZFA:0001338-PATO:0002051-0-0-0	
ZP:0003590	0-0-GO:0000046-PATO:0000297-0-0-0	
ZP:0003653	0-0-GO:0007155-PATO:0000460-0-0-0	
ZP:0003672	0-0-GO:0001525-PATO:0000460-0-0-0	
ZP:0003681	0-0-ZFA:0005604-PATO:0000460-0-0-0	
ZP:0004479	0-0-GO:0043206-PATO:0002302-0-0-0	
ZP:0004489	0-0-ZFA:0001285-PATO:0000460-0-0-0	
ZP:0004583	0-0-ZFA:0001469-PATO:0000460-0-0-0	
ZP:0005476	0-0-GO:0090002-PATO:0001507-0-0-0	
ZP:0005643	0-0-ZFA:0000089-PATO:0000646-0-0-0	
ZP:0005724	0-0-GO:0008105-PATO:0001507-0-0-0	
ZP:0005759	0-0-GO:0007274-PATO:0000460-0-0-0	
ZP:0005761	0-0-GO:0007528-PATO:0000460-0-0-0	
ZP:0005762	0-0-GO:0008345-PATO:0000460-0-0-0	
ZP:0005795	0-0-GO:0015992-PATO:0001507-0-0-0	
ZP:0005961	0-0-GO:0009792-PATO:0001507-0-0-0	
ZP:0006793	0-0-GO:0001964-PATO:0000460-0-0-0	
ZP:0006795	0-0-GO:0014720-PATO:0000460-0-0-0	
ZP:0006812	0-0-GO:0030474-PATO:0002052-0-0-0	
ZP:0006813	0-0-GO:0048589-PATO:0000460-0-0-0	
ZP:0006886	0-0-ZFA:0000152-PATO:0000460-0-0-0	
ZP:0007907	0-0-GO:0050885-PATO:0000460-0-0-0	
ZP:0007925	0-0-GO:0060047-PATO:0000460-0-0-0	
ZP:0008101	0-0-GO:0001947-PATO:0000460-0-0-0	
ZP:0008271	0-0-ZFA:0000107-PATO:0000460-0-0-0	
ZP:0008276	0-0-ZFA:0001114-PATO:0000460-0-0-0	
ZP:0008616	0-0-GO:0040023-PATO:0001507-0-0-0	
ZP:0008731	GO:0043236-BFO:0000050-ZFA:0001094-PATO:0002052-0-0-0	
ZP:0009019	0-0-GO:0007004-PATO:0000460-0-0-0	
ZP:0009161	0-0-GO:0048769-PATO:0002302-0-0-0	
ZP:0009170	0-0-ZFA:0000283-PATO:0000587-0-0-0	
ZP:0009171	0-0-ZFA:0000283-PATO:0000937-0-0-0	
ZP:0009266	0-0-ZFA:0000114-PATO:0000460-0-0-0	
ZP:0009464	0-0-GO:0042516-PATO:0001507-0-0-0	
ZP:0009792	0-0-ZFA:0001311-PATO:0000599-0-0-0	
ZP:0009900	0-0-ZFA:0001075-PATO:0000610-0-0-0	
ZP:0009937	GO:0004035-BFO:0000050-ZFA:0000014-PATO:0002052-0-0-0	
ZP:0010155	0-0-ZFA:0001446-PATO:0000051-0-0-0	
ZP:0010242	0-0-ZFA:0005035-PATO:0000460-0-0-0	
ZP:0010456	0-0-ZFA:0005249-PATO:0000460-0-0-0	
ZP:0010480	0-0-GO:0016271-PATO:0002051-0-0-0	
ZP:0010636	0-0-ZFA:0001460-PATO:0000460-0-0-0	
ZP:0010844	0-0-ZFA:0001458-PATO:0000460-0-0-0	
ZP:0010852	0-0-ZFA:0005110-PATO:0000460-0-0-0	
ZP:0010889	0-0-GO:0035476-PATO:0000460-0-0-0	
ZP:0011060	0-0-ZFA:0000110-PATO:0000460-0-0-0	
ZP:0011076	0-0-ZFA:0000137-PATO:0000460-0-0-0	
ZP:0011080	0-0-ZFA:0000690-PATO:0000460-0-0-0	
ZP:0011082	0-0-ZFA:0001108-PATO:0000460-0-0-0	
ZP:0011094	0-0-GO:0021654-PATO:0000460-0-0-0	
ZP:0011111	0-0-GO:0021592-PATO:0000460-0-0-0	
ZP:0011273	GO:0015991-BFO:0000066-ZFA:0005327-PATO:0000161-0-0-0	
ZP:0011298	GO:0015991-BFO:0000066-ZFA:0005327-PATO:0000911-0-0-0	
ZP:0011353	GO:0004197-BFO:0000050-ZFA:0009310-PATO:0002052-0-0-0	
ZP:0011459	0-0-GO:0000046-PATO:0001236-0-0-0	
ZP:0011654	0-0-ZFA:0001075-PATO:0000609-0-0-0	
ZP:0011765	0-0-GO:0048669-PATO:0001507-0-0-0	
ZP:0011772	0-0-ZFA:0001558-PATO:0000402-0-0-0	
ZP:0011773	0-0-ZFA:0001558-PATO:0000967-0-0-0	
ZP:0011774	0-0-ZFA:0001558-PATO:0001961-0-0-ZFA:0001558	
ZP:0012000	GO:0004528-BFO:0000050-ZFA:0001094-PATO:0002052-0-0-0	
ZP:0012094	0-0-GO:0097369-PATO:0002051-0-0-0	
ZP:0012239	0-0-ZFA:0000529-PATO:0001999-0-0-ZFA:0009014	
ZP:0012509	0-0-ZFA:0000029-PATO:0002001-0-0-ZFA:0005182	
ZP:0012579	GO:0004097-BFO:0000050-ZFA:0000107-PATO:0001507-0-0-0	
ZP:0012581	GO:0004097-BFO:0000050-ZFA:0009091-PATO:0001507-0-0-0	
ZP:0012644	GO:0004972-BFO:0000050-ZFA:0009149-PATO:0000499-0-0-0	
ZP:0012645	GO:0004972-BFO:0000050-ZFA:0009149-PATO:0002302-0-0-0	
ZP:0012972	0-0-ZFA:0000155-PATO:0000467-0-0-0	
ZP:0013049	0-0-GO:0060026-PATO:0000057-0-0-0	
ZP:0013238	0-0-ZFA:0005182-PATO:0000070-0-0-0	
ZP:0013302	0-0-GO:0015992-PATO:0001236-0-0-0	
ZP:0013461	GO:0004097-BFO:0000050-ZFA:0000107-PATO:0001236-0-0-0	
ZP:0013462	GO:0004097-BFO:0000050-ZFA:0009091-PATO:0001236-0-0-0	
ZP:0013468	0-0-GO:0060047-PATO:0000505-0-0-0	
ZP:0013539	GO:0004971-BFO:0000050-ZFA:0009149-PATO:0001236-0-0-0	
ZP:0013686	0-0-GO:0007269-PATO:0000044-0-0-0	
ZP:0013740	0-0-ZFA:0001311-PATO:0000915-0-0-0	
ZP:0013928	0-0-GO:0008150-PATO:0000001-0-0-0	
ZP:0013929	0-0-GO:0003674-PATO:0000001-0-0-0	
ZP:0013930	0-0-GO:0005575-PATO:0000001-0-0-0	
ZP:0014080	GO:0004035-BFO:0000050-ZFA:0005123-PATO:0001507-0-0-0	
ZP:0014493	0-0-GO:0071436-PATO:0002304-0-0-0	
ZP:0014494	0-0-GO:0097369-PATO:0002304-0-0-0	
ZP:0014578	0-0-GO:0000046-PATO:0002302-0-0-0	
ZP:0014675	GO:0004197-BFO:0000050-ZFA:0009310-PATO:0000057-0-0-0	
ZP:0014683	GO:0015991-BFO:0000066-ZFA:0005327-PATO:0000912-0-0-0	
ZP:0014750	GO:0003990-BFO:0000050-ZFA:0000112-PATO:0002302-0-0-0	
ZP:0014821	0-0-ZFA:0009310-PATO:0002102-0-0-0	
ZP:0014871	0-0-GO:0000046-PATO:0001507-0-0-0	
ZP:0015017	0-0-ZFA:0001462-PATO:0000070-0-0-0	
ZP:0015044	0-0-GO:0021867-PATO:0000057-0-0-0	
ZP:0015312	GO:0004517-BFO:0000050-ZFA:0009309-PATO:0002304-0-0-0	
ZP:0015364	0-0-ZFA:0001200-PATO:0000467-0-0-0	
ZP:0016275	GO:0004097-BFO:0000050-ZFA:0009091-PATO:0002302-0-0-0	
ZP:0016882	GO:0005096-BFO:0000050-ZFA:0000368-PATO:0002304-0-0-0	
ZP:0016921	GO:0004984-BFO:0000050-ZFA:0009359-PATO:0002302-0-0-0	
ZP:0016922	GO:0004984-BFO:0000050-ZFA:0000402-PATO:0002302-0-0-0	
ZP:0017133	0-0-ZFA:0000101-PATO:0000140-0-0-0	
ZP:0017135	0-0-ZFA:0000115-PATO:0000140-0-0-0	
ZP:0017199	0-0-GO:0097369-PATO:0002052-0-0-0	
ZP:0017531	GO:0004601-BFO:0000050-ZFA:0009327-PATO:0002302-0-0-0	
ZP:0017619	GO:0004100-BFO:0000050-ZFA:0005807-PATO:0002052-0-0-0	
ZP:0018875	GO:0016298-BFO:0000050-ZFA:0001338-PATO:0002052-0-0-0	
ZP:0018878	GO:0016298-BFO:0000050-ZFA:0000208-PATO:0000462-0-0-0	
ZP:0019064	0-0-ZFA:0009115-PATO:0001652-0-0-ZFA:0009115	
ZP:0019139	0-0-GO:0009792-PATO:0002302-0-0-0	
ZP:0019481	GO:0008121-BFO:0000050-ZFA:0000008-PATO:0002302-0-0-0	
ZP:0019489	GO:0004129-BFO:0000050-ZFA:0000008-PATO:0002302-0-0-0	
ZP:0019494	GO:0004568-BFO:0000050-ZFA:0000008-PATO:0002304-0-0-0	
ZP:0019497	GO:0015929-BFO:0000050-ZFA:0000008-PATO:0002304-0-0-0	
ZP:0019544	0-0-GO:0048703-PATO:0000057-0-0-0	
ZP:0019565	0-0-GO:1904888-PATO:0000057-0-0-0	
ZP:0019591	0-0-GO:0009792-PATO:0000297-0-0-0	
ZP:0019926	0-0-ZFA:0009051-PATO:0000060-0-0-0	
ZP:0020021	0-0-ZFA:0000042-PATO:0001671-0-0-0	
ZP:0020023	0-0-ZFA:0009052-PATO:0001671-0-0-0	
ZP:0020086	0-0-ZFA:0000079-PATO:0001671-0-0-0	
ZP:0020156	0-0-ZFA:0001338-PATO:0001897-0-0-0	
ZP:0020169	0-0-ZFA:0000548-PATO:0001672-0-0-0	
ZP:0020260	0-0-ZFA:0001338-PATO:0001671-0-0-0	
ZP:0020405	GO:0005248-BFO:0000050-ZFA:0009150-PATO:0002302-0-0-0	
ZP:0020620	0-0-ZFA:0000037-PATO:0000070-0-0-0	
ZP:0020950	GO:0030018-BFO:0000050-ZFA:0005061-PATO:0000070-0-0-0	
ZP:0021231	0-0-ZFA:0001249-PATO:0000070-0-0-0	
ZP:0021242	0-0-ZFA:0001620-PATO:0001334-0-0-0	
ZP:0021243	0-0-ZFA:0001621-PATO:0001334-0-0-0	
ZP:0021244	GO:0031410-BFO:0000050-ZFA:0001620-PATO:0000070-0-0-0	
ZP:0021245	GO:0031410-BFO:0000050-ZFA:0001621-PATO:0000070-0-0-0	
ZP:0021246	ZFA:0009035-BFO:0000050-ZFA:0001620-PATO:0002264-0-0-0	
ZP:0021247	ZFA:0009035-BFO:0000050-ZFA:0001621-PATO:0002264-0-0-0	
ZP:0021257	0-0-ZFA:0001094-PATO:0000070-0-0-0	
ZP:0021258	0-0-ZFA:0000009-PATO:0000070-0-0-0	
ZP:0021259	0-0-ZFA:0000471-PATO:0000070-0-0-0	
ZP:0021260	0-0-ZFA:0001115-PATO:0000070-0-0-0	
ZP:0021261	ZFA:0009141-BFO:0000050-ZFA:0000029-PATO:0000070-0-0-0	
ZP:0021262	ZFA:0009141-BFO:0000050-ZFA:0000128-PATO:0000070-0-0-0	
ZP:0021267	GO:0051216-BFO:0000066-ZFA:0001458-PATO:0002302-0-0-0	
ZP:0021287	GO:0014866-BFO:0000066-ZFA:0001056-PATO:0001236-0-0-0	
ZP:0021297	0-0-ZFA:0000045-PATO:0000070-0-0-0	
ZP:0021315	0-0-ZFA:0001319-PATO:0000070-0-0-0	
ZP:0021348	0-0-ZFA:0000032-PATO:0000070-0-0-0	
ZP:0021349	GO:1903047-BFO:0000066-ZFA:0000032-PATO:0000057-0-0-0	
ZP:0021351	0-0-GO:0035881-PATO:0001236-0-0-0	
ZP:0021352	0-0-GO:0042670-PATO:0001236-0-0-0	
ZP:0021353	GO:0005623-BFO:0000050-ZFA:0000152-PATO:0000070-0-0-0	
ZP:0021366	0-0-GO:0002244-PATO:0000057-0-0-0	
ZP:0021372	0-0-ZFA:0000001-PATO:0000070-0-0-0	
ZP:0021373	BSPO:0000072-BFO:0000050-ZFA:0001094-PATO:0000070-0-0-0	
ZP:0021375	0-0-ZFA:0000254-PATO:0000060-0-0-0	
ZP:0021376	0-0-ZFA:0000254-PATO:0000117-0-0-0	
ZP:0021388	BSPO:0000084-BFO:0000050-ZFA:0000075-PATO:0000060-0-0-0	
ZP:0021409	ZFA:0009141-BFO:0000050-ZFA:0001338-PATO:0000070-0-0-0	
ZP:0021432	BSPO:0000071-BFO:0000050-ZFA:0000150-PATO:0000070-0-0-0	
ZP:0021438	GO:0031514-BFO:0000050-ZFA:0000150-PATO:0001905-GO:0036157-BFO:0000050-ZFA:0000150	
ZP:0021439	GO:0036158-BFO:0000066-ZFA:0000150-PATO:0000057-0-0-0	
ZP:0021444	0-0-ZFA:0000123-PATO:0000070-0-0-0	
ZP:0021454	0-0-ZFA:0001115-PATO:0002247-0-0-0	
ZP:0021457	0-0-ZFA:0000007-PATO:0000070-0-0-0	
ZP:0021458	0-0-ZFA:0000029-PATO:0000070-0-0-0	
ZP:0021459	0-0-ZFA:0000128-PATO:0000070-0-0-0	
ZP:0021460	0-0-ZFA:0005249-PATO:0000070-0-0-0	
ZP:0021461	0-0-ZFA:0000554-PATO:0000140-0-0-0	
ZP:0021462	0-0-ZFA:0009034-PATO:0000140-0-0-0	
ZP:0021463	ZFA:0000105-BFO:0000050-ZFA:0001114-PATO:0000140-0-0-0	
ZP:0021464	ZFA:0001486-BFO:0000050-ZFA:0000243-PATO:0000140-0-0-0	
ZP:0021466	GO:0001946-BFO:0000066-ZFA:0005840-PATO:0001236-0-0-0	
ZP:0021468	ZFA:0005603-BFO:0000050-ZFA:0005840-PATO:0000070-0-0-0	
ZP:0021473	ZFA:0009327-BFO:0000050-ZFA:0000354-PATO:0000070-0-0-0	
ZP:0021497	GO:0006914-BFO:0000066-ZFA:0005147-PATO:0000057-0-0-0	
ZP:0021498	ZFA:0005147-BFO:0000050-ZFA:0000383-PATO:0000070-0-0-0	
ZP:0021500	0-0-ZFA:0009310-PATO:0000070-0-0-0	
ZP:0021501	GO:0006915-BFO:0000066-ZFA:0000046-PATO:0000057-0-0-0	
ZP:0021504	GO:0001649-BFO:0000066-ZFA:0000737-PATO:0000057-0-0-0	
ZP:0021507	ZFA:0009031-BFO:0000050-ZFA:0000737-PATO:0000070-0-0-0	
ZP:0021534	0-0-ZFA:0000112-PATO:0000070-0-0-0	
ZP:0021541	GO:1903409-BFO:0000066-ZFA:0000008-PATO:0001236-0-0-0	
ZP:0021543	GO:1903409-BFO:0000066-ZFA:0000075-PATO:0001236-0-0-0	
ZP:0021545	GO:1903409-BFO:0000066-ZFA:0000114-PATO:0001236-0-0-0	
ZP:0021547	GO:1903409-BFO:0000066-ZFA:0000123-PATO:0001236-0-0-0	
ZP:0021583	0-0-ZFA:0000152-PATO:0000070-0-0-0	
ZP:0021590	GO:0004035-BFO:0000050-ZFA:0009031-PATO:0002304-0-0-0	
ZP:0021603	0-0-GO:0008137-PATO:0000057-0-0-0	
ZP:0021605	GO:0006954-BFO:0000066-ZFA:0000396-PATO:0000057-0-0-0	
ZP:0021607	0-0-ZFA:0000101-PATO:0000070-0-0-0	
ZP:0021608	0-0-ZFA:0000402-PATO:0000070-0-0-0	
ZP:0021610	0-0-ZFA:0000402-PATO:0001905-0-0-ZFA:0009301	
ZP:0021612	GO:0006954-BFO:0000066-ZFA:0000101-PATO:0000057-0-0-0	
ZP:0021614	GO:0006954-BFO:0000066-ZFA:0000402-PATO:0000057-0-0-0	
ZP:0021630	GO:0030282-BFO:0000066-ZFA:0000737-PATO:0000057-0-0-0	
ZP:0021631	0-0-ZFA:0000339-PATO:0000070-0-0-0	
ZP:0021633	0-0-ZFA:0009301-PATO:0000060-0-0-0	
ZP:0021638	0-0-ZFA:0009367-PATO:0001020-0-0-0	
ZP:0021643	ZFA:0009301-BFO:0000050-ZFA:0000128-PATO:0000070-0-0-0	
ZP:0021650	CHEBI:17234-BFO:0000050-ZFA:0005654-PATO:0000070-0-0-0	
ZP:0021662	0-0-ZFA:0000669-PATO:0000070-0-0-0	
ZP:0021665	ZFA:0009250-BFO:0000050-ZFA:0000669-PATO:0000070-0-0-0	
ZP:0021668	ZFA:0009326-BFO:0000050-ZFA:0000669-PATO:0000070-0-0-0	
ZP:0021691	0-0-ZFA:0001557-PATO:0001509-0-0-0	
ZP:0021693	GO:0098846-BFO:0000050-ZFA:0009285-PATO:0000070-0-0-0	
ZP:0021717	GO:0005634-BFO:0000050-ZFA:0000008-PATO:0000070-0-0-0	
ZP:0021718	GO:0005634-BFO:0000050-ZFA:0000152-PATO:0000070-0-0-0	
ZP:0021724	GO:0016298-BFO:0000050-ZFA:0001338-PATO:0002302-0-0-0	
ZP:0021729	0-0-ZFA:0001058-PATO:0000070-0-0-0	
ZP:0021732	0-0-ZFA:0005057-PATO:0000070-0-0-0	
ZP:0021738	GO:0034358-BFO:0000050-ZFA:0000007-PATO:0000070-0-0-0	
ZP:0021755	0-0-ZFA:0000243-PATO:0001020-0-0-0	
ZP:0021785	0-0-ZFA:0001249-PATO:0000122-0-0-0	
ZP:0021796	GO:0030424-BFO:0000050-ZFA:0005877-PATO:0000070-0-0-0	
ZP:0021801	0-0-GO:1903409-PATO:0001236-0-0-0	
ZP:0021803	GO:0034385-BFO:0000050-ZFA:0000007-PATO:0000070-0-0-0	
ZP:0021814	0-0-ZFA:0000354-PATO:0000070-0-0-0	
ZP:0021842	0-0-ZFA:0001114-PATO:0000070-0-0-0	
ZP:0021864	0-0-ZFA:0001338-PATO:0000070-0-0-0	
ZP:0021866	0-0-GO:0002118-PATO:0002302-0-0-0	
ZP:0021868	0-0-GO:0035176-PATO:0002302-0-0-0	
ZP:0021879	ZFA:0009127-BFO:0000050-ZFA:0001464-PATO:0000070-0-0-0	
ZP:0021883	ZFA:0009000-BFO:0000050-ZFA:0001094-PATO:0000070-0-0-0	
ZP:0021890	0-0-ZFA:0000107-PATO:0000467-0-0-0	
ZP:0021897	0-0-ZFA:0000140-PATO:0000070-0-0-0	
ZP:0021899	0-0-ZFA:0000403-PATO:0000070-0-0-0	
ZP:0021926	GO:0006809-BFO:0000066-ZFA:0000135-PATO:0000057-0-0-0	
ZP:0021928	GO:0006809-BFO:0000066-ZFA:0000184-PATO:0000057-0-0-0	
ZP:0021931	GO:0045453-BFO:0000066-ZFA:0000277-PATO:0000057-0-0-0	
ZP:0021933	GO:0006954-BFO:0000066-ZFA:0000075-PATO:0001236-0-0-0	
ZP:0021935	ZFA:0009073-BFO:0000050-ZFA:0000075-PATO:0000070-0-0-0	
ZP:0021936	GO:0006915-BFO:0000066-ZFA:0000339-PATO:0000057-0-0-0	
ZP:0021938	CHEBI:17855-BFO:0000050-ZFA:0001094-PATO:0000070-0-0-0	
ZP:0021940	CHEBI:18059-BFO:0000050-ZFA:0001094-PATO:0000070-0-0-0	
ZP:0021945	0-0-ZFA:0000100-PATO:0001671-0-0-0	
ZP:0021946	0-0-ZFA:0000100-PATO:0001672-0-0-0	
ZP:0021960	0-0-ZFA:0005125-PATO:0001711-0-0-0	
ZP:0021962	BSPO:0000077-BFO:0000050-ZFA:0001338-PATO:0000070-0-0-0	
ZP:0021965	BSPO:0000077-BFO:0000050-ZFA:0001338-PATO:0001648-0-0-0	
ZP:0021970	0-0-ZFA:0005124-PATO:0001711-0-0-0	
ZP:0021980	ZFA:0001639-BFO:0000050-ZFA:0005044-PATO:0000915-0-0-0	
ZP:0021989	0-0-ZFA:0000604-PATO:0001334-0-0-0	
ZP:0022002	0-0-ZFA:0001612-PATO:0000060-0-0-0	
ZP:0022006	0-0-ZFA:0001205-PATO:0000070-0-0-0	
ZP:0022032	0-0-ZFA:0005877-PATO:0001555-GO:0030424-BFO:0000050-ZFA:0005877	
ZP:0022065	0-0-ZFA:0000339-PATO:0000117-0-0-0	
ZP:0022100	0-0-ZFA:0000042-PATO:0000467-0-0-0	
ZP:0022108	0-0-ZFA:0000024-PATO:0001671-0-0-0	
ZP:0022114	0-0-ZFA:0001289-PATO:0001671-0-0-0	
ZP:0022119	CHEBI:17650-BFO:0000050-ZFA:0000123-PATO:0000070-0-0-0	
ZP:0022125	MPATH:357-BFO:0000050-ZFA:0000303-PATO:0000470-0-0-0	
ZP:0022126	ZFA:0009111-BFO:0000050-ZFA:0000242-PATO:0000070-0-0-0	
ZP:0022132	ZFA:0009141-BFO:0000050-ZFA:0000242-PATO:0000070-0-0-0	
ZP:0022133	ZFA:0009327-BFO:0000050-ZFA:0000242-PATO:0000070-0-0-0	
ZP:0022138	ZFA:0009327-BFO:0000050-ZFA:0000123-PATO:0000070-0-0-0	
ZP:0022144	ZFA:0009141-BFO:0000050-ZFA:0000007-PATO:0000070-0-0-0	
ZP:0022193	0-0-ZFA:0005150-PATO:0000140-0-0-0	
ZP:0022231	0-0-GO:0015988-PATO:0001236-0-0-0	
ZP:0022243	0-0-ZFA:0000106-PATO:0002058-0-0-0	
ZP:0022244	ZFA:0009183-BFO:0000050-ZFA:0001058-PATO:0000070-0-0-0	
ZP:0022245	0-0-ZFA:0000048-PATO:0000060-0-0-0	
ZP:0022246	0-0-ZFA:0001679-PATO:0000060-0-0-0	
ZP:0022247	0-0-ZFA:0007061-PATO:0000060-0-0-0	
ZP:0022250	0-0-ZFA:0000114-PATO:0000070-0-0-0	
ZP:0022254	0-0-ZFA:0000033-PATO:0000140-0-0-0	
ZP:0022255	0-0-ZFA:0000094-PATO:0000140-0-0-0	
ZP:0022256	0-0-ZFA:0000033-PATO:0000070-0-0-0	
ZP:0022257	0-0-ZFA:0005042-PATO:0000070-0-0-0	
ZP:0022268	BSPO:0000056-BFO:0000050-ZFA:0000155-PATO:0000060-0-0-0	
ZP:0022298	GO:0008283-BFO:0000066-ZFA:0001157-PATO:0000057-0-0-0	
ZP:0022309	ZFA:0009076-BFO:0000050-ZFA:0000075-PATO:0000070-0-0-0	
ZP:0022310	ZFA:0009076-BFO:0000050-ZFA:0000075-PATO:0000141-0-0-0	
ZP:0022311	ZFA:0009135-BFO:0000050-ZFA:0000944-PATO:0000070-0-0-0	
ZP:0022312	ZFA:0009135-BFO:0000050-ZFA:0000944-PATO:0000141-0-0-0	
ZP:0022316	GO:0033268-BFO:0000050-ZFA:0000175-PATO:0000070-0-0-0	
ZP:0022317	GO:0043209-BFO:0000050-ZFA:0000175-PATO:0000070-0-0-0	
ZP:0022354	0-0-ZFA:0001056-PATO:0000117-0-0-0	
ZP:0022355	0-0-ZFA:0000255-PATO:0000070-0-0-0	
ZP:0022396	0-0-GO:0043473-PATO:0000070-0-0-0	
ZP:0022404	0-0-ZFA:0009021-PATO:0000070-0-0-0	
ZP:0022405	0-0-ZFA:0009258-PATO:0000070-0-0-0	
ZP:0022406	ZFA:0009256-BFO:0000050-ZFA:0000114-PATO:0000070-0-0-0	
ZP:0022417	0-0-ZFA:0001373-PATO:0000070-0-0-0	
ZP:0022428	0-0-GO:0050802-PATO:0000057-0-0-0	
ZP:0022435	0-0-ZFA:0001202-PATO:0000070-0-0-0	
ZP:0022442	0-0-ZFA:0000008-PATO:0000070-0-0-0	
ZP:0022443	GO:0009986-BFO:0000050-ZFA:0000711-PATO:0000140-0-0-0	
ZP:0022444	GO:0090660-BFO:0000066-ZFA:0000110-PATO:0001236-0-0-0	
ZP:0022445	GO:0044458-BFO:0000066-ZFA:0009033-PATO:0000057-0-0-0	
ZP:0022446	ZFA:0001261-BFO:0000050-ZFA:0000008-PATO:0000025-0-0-0	
ZP:0022447	ZFA:0001261-BFO:0000050-ZFA:0000008-PATO:0000918-0-0-0	
ZP:0022448	ZFA:0009033-BFO:0000050-ZFA:0000029-PATO:0001555-GO:0031514-BFO:0000050-ZFA:0009033	
ZP:0022449	GO:0001525-BFO:0000066-ZFA:0005024-PATO:0000057-0-0-0	
ZP:0022450	ZFA:0005604-BFO:0000050-ZFA:0005024-PATO:0000070-0-0-0	
ZP:0022467	GO:0055071-BFO:0000066-ZFA:0001094-PATO:0001236-0-0-0	
ZP:0022472	0-0-ZFA:0009199-PATO:0000140-0-0-0	
ZP:0022481	0-0-GO:0044843-PATO:0001236-0-0-0	
ZP:0022485	GO:0060080-BFO:0000066-ZFA:0009243-PATO:0000057-0-0-0	
ZP:0022514	0-0-GO:0001945-PATO:0000057-0-0-0	
ZP:0022527	0-0-GO:0061026-PATO:0000057-0-0-0	
ZP:0022529	0-0-ZFA:0001621-PATO:0001555-ZFA:0005242-BFO:0000050-ZFA:0001621	
ZP:0022530	GO:1903251-BFO:0000066-ZFA:0000151-PATO:0000057-0-0-0	
ZP:0022535	0-0-ZFA:0009101-PATO:0000060-0-0-0	
ZP:0022547	GO:0005262-BFO:0000050-ZFA:0009367-PATO:0002051-0-0-0	
ZP:0022555	ZFA:0000035-BFO:0000050-ZFA:0000107-PATO:0000964-0-0-0	
ZP:0022559	GO:0004392-BFO:0000050-ZFA:0001094-PATO:0002302-0-0-0	
ZP:0022564	GO:0001568-BFO:0000066-ZFA:0005025-PATO:0000057-0-0-0	
ZP:0022565	GO:0005634-BFO:0000050-ZFA:0000155-PATO:0000070-0-0-0	
ZP:0022566	0-0-ZFA:0001078-PATO:0000070-0-0-0	
ZP:0022567	GO:0007049-BFO:0000066-ZFA:0009046-PATO:0000502-0-0-0	
ZP:0022568	GO:0008283-BFO:0000066-ZFA:0009046-PATO:0000057-0-0-0	
ZP:0022569	MPATH:537-BFO:0000050-ZFA:0001094-PATO:0002001-0-0-ZFA:0009000	
ZP:0022570	MPATH:537-BFO:0000050-ZFA:0001094-PATO:0002325-0-0-0	
ZP:0022574	GO:0008283-BFO:0000066-ZFA:0001270-PATO:0000057-0-0-0	
ZP:0022585	BSPO:0000072-BFO:0000050-ZFA:0005023-PATO:0000070-0-0-0	
ZP:0022589	0-0-ZFA:0001051-PATO:0000070-0-0-0	
ZP:0022590	0-0-ZFA:0001054-PATO:0000070-0-0-0	
ZP:0022591	0-0-ZFA:0005005-PATO:0000070-0-0-0	
ZP:0022592	0-0-ZFA:0005044-PATO:0000070-0-0-0	
ZP:0022593	0-0-ZFA:0005081-PATO:0000070-0-0-0	
ZP:0022594	ZFA:0000005-BFO:0000050-ZFA:0001267-PATO:0000070-0-0-0	
ZP:0022606	0-0-ZFA:0000863-PATO:0000070-0-0-0	
ZP:0022607	0-0-ZFA:0001458-PATO:0000070-0-0-0	
ZP:0022608	ZFA:0009084-BFO:0000050-ZFA:0001205-PATO:0000070-0-0-0	
ZP:0022622	GO:0004356-BFO:0000050-ZFA:0000123-PATO:0000057-0-0-0	
ZP:0022623	GO:0004356-BFO:0000050-ZFA:0000123-PATO:0002051-0-0-0	
ZP:0022624	GO:0009165-BFO:0000066-ZFA:0000123-PATO:0000057-0-0-0	
ZP:0022644	0-0-ZFA:0001286-PATO:0000025-0-0-0	
ZP:0022665	0-0-GO:0006936-PATO:0000057-0-0-0	
ZP:0022701	0-0-ZFA:0005028-PATO:0000070-0-0-0	
ZP:0022704	MPATH:218-BFO:0000050-ZFA:0000008-PATO:0000057-0-0-0	
ZP:0022705	MPATH:218-BFO:0000050-ZFA:0000368-PATO:0000070-0-0-0	
ZP:0022711	0-0-ZFA:0001463-PATO:0002247-0-0-0	
ZP:0022712	ZFA:0009091-BFO:0000050-ZFA:0001058-PATO:0002247-0-0-0	
ZP:0022716	GO:0008283-BFO:0000066-ZFA:0009292-PATO:0000057-0-0-0	
ZP:0022721	GO:0006915-BFO:0000066-ZFA:0009111-PATO:0001236-0-0-0	
ZP:0022744	ZFA:0009248-BFO:0000050-ZFA:0000101-PATO:0000070-0-0-0	
ZP:0022751	ZFA:0009076-BFO:0000050-ZFA:0000008-PATO:0000070-0-0-0	
ZP:0022753	0-0-GO:0034976-PATO:0001236-0-0-0	
ZP:0022774	0-0-ZFA:0005283-PATO:0000051-0-0-0	
ZP:0022775	ZFA:0009034-BFO:0000050-ZFA:0001558-PATO:0000070-0-0-0	
ZP:0022780	ZFA:0009014-BFO:0000050-ZFA:0000014-PATO:0000070-0-0-0	
ZP:0022790	0-0-ZFA:0000105-PATO:0000070-0-0-0	
ZP:0022791	0-0-ZFA:0001179-PATO:0000070-0-0-0	
ZP:0022797	GO:0008283-BFO:0000066-ZFA:0000105-PATO:0001236-0-0-0	
ZP:0022799	ZFA:0009158-BFO:0000050-ZFA:0001180-PATO:0000070-0-0-0	
ZP:0022805	GO:0030424-BFO:0000050-ZFA:0000445-PATO:0000070-0-0-0	
ZP:0022806	GO:0005604-BFO:0000050-ZFA:0000105-PATO:0001442-0-0-0	
ZP:0022820	ZFA:0005559-BFO:0000050-ZFA:0001057-PATO:0000070-0-0-0	
ZP:0022824	BSPO:0000079-BFO:0000050-ZFA:0005024-PATO:0001555-0-0-ZFA:0005314	
ZP:0022825	BSPO:0000079-BFO:0000050-ZFA:0005024-PATO:0001555-0-0-ZFA:0005559	
ZP:0022827	0-0-ZFA:0009135-PATO:0000140-0-0-0	
ZP:0022828	GO:0042552-BFO:0000066-ZFA:0009135-PATO:0001236-0-0-0	
ZP:0022831	0-0-ZFA:0000041-PATO:0000070-0-0-0	
ZP:0022832	0-0-GO:0001555-PATO:0000057-0-0-0	
ZP:0022833	GO:0006915-BFO:0000066-ZFA:0000403-PATO:0000057-0-0-0	
ZP:0022858	0-0-ZFA:0009158-PATO:0000070-0-0-0	
ZP:0022862	GO:0030016-BFO:0000050-ZFA:0009116-PATO:0000141-0-0-0	
ZP:0022874	0-0-ZFA:0005165-PATO:0002009-0-0-0	
ZP:0022875	CHEBI:18059-BFO:0000050-ZFA:0000123-PATO:0000070-0-0-0	
ZP:0022878	MPATH:376-BFO:0000050-ZFA:0001345-PATO:0000070-0-0-0	
ZP:0022885	GO:0006915-BFO:0000066-ZFA:0000737-PATO:0001236-0-0-0	
ZP:0022886	0-0-ZFA:0001516-PATO:0000117-0-0-0	
ZP:0022902	ZFA:0009015-BFO:0000050-ZFA:0001117-PATO:0000070-0-0-0	
ZP:0022903	ZFA:0009354-BFO:0000050-ZFA:0001117-PATO:0000070-0-0-0	
ZP:0022909	GO:0030424-BFO:0000050-ZFA:0009243-PATO:0000122-0-0-0	
ZP:0022910	GO:0048846-BFO:0000066-ZFA:0009243-PATO:0001236-0-0-0	
ZP:0022912	0-0-ZFA:0000029-PATO:0001555-0-0-ZFA:0009149	
ZP:0022918	0-0-ZFA:0005323-PATO:0000070-0-0-0	
ZP:0022925	BSPO:0000079-BFO:0000050-ZFA:0001285-PATO:0002009-0-0-0	
ZP:0022926	ZFA:0005559-BFO:0000050-ZFA:0001285-PATO:0000070-0-0-0	
ZP:0022927	BSPO:0000079-BFO:0000050-ZFA:0001057-PATO:0002009-0-0-0	
ZP:0022928	GO:0032060-BFO:0000066-ZFA:0009052-PATO:0000057-0-0-0	
ZP:0022942	0-0-GO:1990266-PATO:0000057-0-0-0	
ZP:0022945	0-0-GO:1905517-PATO:0000057-0-0-0	
ZP:0022971	ZFA:0009077-BFO:0000050-ZFA:0000029-PATO:0000070-0-0-0	
ZP:0022978	GO:0008283-BFO:0000066-ZFA:0009354-PATO:0000057-0-0-0	
ZP:0022987	0-0-GO:0086002-PATO:0001309-0-0-0	
ZP:0023014	0-0-ZFA:0005771-PATO:0000070-0-0-0	
ZP:0023015	0-0-ZFA:0007085-PATO:0000070-0-0-0	
ZP:0023018	GO:0004565-BFO:0000050-ZFA:0000075-PATO:0002304-0-0-0	
ZP:0023020	GO:0097205-BFO:0000066-ZFA:0000151-PATO:0000161-0-0-0	
ZP:0023021	0-0-ZFA:0000150-PATO:0001555-GO:0031514-BFO:0000050-ZFA:0000150	
ZP:0023022	GO:0060271-BFO:0000066-ZFA:0000150-PATO:0000057-0-0-0	
ZP:0023023	CHEBI:18348-BFO:0000050-ZFA:0000150-PATO:0000140-0-0-0	
ZP:0023024	GO:0016324-BFO:0000050-ZFA:0000150-PATO:0000070-0-0-0	
ZP:0023026	GO:0045198-BFO:0000066-ZFA:0000150-PATO:0001236-0-0-0	
ZP:0023027	GO:0048016-BFO:0000066-ZFA:0000150-PATO:0001236-0-0-0	
ZP:0023029	CHEBI:16618-BFO:0000050-ZFA:0000150-PATO:0000140-0-0-0	
ZP:0023030	GO:0016324-BFO:0000050-ZFA:0000150-PATO:0000140-0-0-0	
ZP:0023034	0-0-ZFA:0009014-PATO:0000060-0-0-0	
ZP:0023035	BSPO:0000072-BFO:0000050-ZFA:0005023-PATO:0000060-0-0-0	
ZP:0023040	ZFA:0009141-BFO:0000050-ZFA:0000123-PATO:0000070-0-0-0	
ZP:0023056	0-0-ZFA:0001069-PATO:0002037-0-0-0	
ZP:0023075	GO:0033554-BFO:0000066-ZFA:0009248-PATO:0001236-0-0-0	
ZP:0023110	GO:0006915-BFO:0000066-ZFA:0000075-PATO:0000057-0-0-0	
ZP:0100016	GO:0006914-BFO:0000066-ZFA:0000150-PATO:0000057-0-0-0	
ZP:0100018	0-0-ZFA:0000150-PATO:0000060-0-0-0	
ZP:0100019	0-0-ZFA:0000150-PATO:0000070-0-0-0	
ZP:0100020	0-0-ZFA:0000298-PATO:0000051-0-0-0	
ZP:0100050	0-0-ZFA:0005581-PATO:0001555-0-0-ZFA:0009218	
ZP:0100091	GO:0006915-BFO:0000066-ZFA:0001094-PATO:0000380-0-0-0	
ZP:0100093	BSPO:0000084-BFO:0000050-ZFA:0001460-PATO:0000070-0-0-0	
ZP:0100094	BSPO:0000084-BFO:0000050-ZFA:0001611-PATO:0000117-0-0-0	
ZP:0100125	GO:0098858-BFO:0000050-ZFA:0009041-PATO:0000122-0-0-0	
ZP:0100150	GO:0005634-BFO:0000050-ZFA:0005237-PATO:0000117-0-0-0	
ZP:0100153	GO:0042541-BFO:0000066-ZFA:0009256-PATO:0000057-0-0-0	
ZP:0100155	0-0-GO:0042541-PATO:0000057-0-0-0	
ZP:0100156	0-0-GO:0043249-PATO:0000057-0-0-0	
ZP:0100180	GO:0030016-BFO:0000050-ZFA:0005277-PATO:0001435-GO:0005927-BFO:0000050-ZFA:0005277	
ZP:0100182	GO:0030061-BFO:0000050-ZFA:0005145-PATO:0000051-0-0-0	
ZP:0100206	GO:0008283-BFO:0000066-ZFA:0001464-PATO:0000057-0-0-0	
ZP:0100207	0-0-ZFA:0000119-PATO:0000070-0-0-0	
ZP:0100208	0-0-ZFA:0001464-PATO:0000070-0-0-0	
ZP:0100214	ZFA:0009262-BFO:0000050-ZFA:0005147-PATO:0000070-0-0-0	
ZP:0100216	ZFA:0009275-BFO:0000050-ZFA:0005147-PATO:0000070-0-0-0	
ZP:0100274	ZFA:0009256-BFO:0000050-ZFA:0000114-PATO:0000467-0-0-0	
ZP:0100311	GO:0003990-BFO:0000050-ZFA:0000008-PATO:0002304-0-0-0	
ZP:0100344	0-0-ZFA:0000012-PATO:0001020-0-0-0	
ZP:0100351	BSPO:0000077-BFO:0000050-ZFA:0001558-PATO:0001555-0-0-ZFA:0009000	
ZP:0100353	0-0-ZFA:0000151-PATO:0000070-0-0-0	
ZP:0100355	0-0-ZFA:0001558-PATO:0000070-0-0-0	
ZP:0100400	GO:0007409-BFO:0000066-ZFA:0009244-PATO:0015002-0-0-0	
ZP:0100427	0-0-ZFA:0005898-PATO:0000070-0-0-0	
ZP:0100453	ZFA:0009354-BFO:0000050-ZFA:0005028-PATO:0000070-0-0-0	
ZP:0100455	GO:0032420-BFO:0000050-ZFA:0000243-PATO:0000051-0-0-0	
ZP:0100457	GO:0060091-BFO:0000050-ZFA:0000243-PATO:0000051-0-0-0	
ZP:0100458	GO:0006915-BFO:0000066-ZFA:0009367-PATO:0001236-0-0-0	
ZP:0100483	0-0-ZFA:0009309-PATO:0000070-0-0-0	
ZP:0100579	GO:0004465-BFO:0000050-ZFA:0000303-PATO:0002302-0-0-0	
ZP:0100587	0-0-ZFA:0005073-PATO:0000070-0-0-0	
ZP:0100588	0-0-ZFA:0005073-PATO:0000140-0-0-0	
ZP:0100624	0-0-ZFA:0001559-PATO:0000070-0-0-0	
ZP:0100629	ZFA:0009000-BFO:0000050-ZFA:0001338-PATO:0000070-0-0-0	
ZP:0100703	GO:0005788-BFO:0000050-ZFA:0009031-PATO:0000117-0-0-0	
ZP:0100737	GO:0030018-BFO:0000050-ZFA:0009316-PATO:0000070-0-0-0	
ZP:0100757	ZFA:0009301-BFO:0000050-ZFA:0000101-PATO:0000070-0-0-0	
ZP:0100758	GO:0120029-BFO:0000066-ZFA:0000368-PATO:0001236-0-0-0	
ZP:0100761	GO:0120029-BFO:0000066-ZFA:0005327-PATO:0001236-0-0-0	
ZP:0100795	0-0-ZFA:0005759-PATO:0000070-0-0-0	
ZP:0100801	GO:0004672-BFO:0000050-ZFA:0000009-PATO:0002051-0-0-0	
ZP:0100813	GO:0004679-BFO:0000050-ZFA:0005145-PATO:0002051-0-0-0	
ZP:0100818	ZFA:0005145-BFO:0000050-ZFA:0000242-PATO:0000070-0-0-0	
ZP:0100839	ZFA:0009301-BFO:0000050-ZFA:0000032-PATO:0000070-0-0-0	
ZP:0100840	0-0-ZFA:0000032-PATO:0001905-0-0-ZFA:0009301	
ZP:0100844	ZFA:0009256-BFO:0000050-ZFA:0000180-PATO:0000070-0-0-0	
ZP:0100846	0-0-ZFA:0009256-PATO:0002269-0-0-ZFA:0000180	
ZP:0100853	GO:0005743-BFO:0000050-ZFA:0001094-PATO:0001509-0-0-0	
ZP:0100855	0-0-GO:0009060-PATO:0000161-0-0-0	
ZP:0100858	0-0-GO:0004362-PATO:0015002-0-0-0	
ZP:0100860	0-0-GO:0004602-PATO:0015002-0-0-0	
ZP:0100862	0-0-GO:0004784-PATO:0015002-0-0-0	
ZP:0100864	GO:0051080-BFO:0000066-ZFA:0001568-PATO:0002051-0-0-0	
ZP:0100871	CHEBI:26523-BFO:0000050-ZFA:0001094-PATO:0000070-0-0-0	
ZP:0100873	CHEBI:566274-BFO:0000050-ZFA:0001094-PATO:0000070-0-0-0	
ZP:0100875	0-0-GO:0004096-PATO:0001236-0-0-0	
ZP:0100877	0-0-GO:0004784-PATO:0001236-0-0-0	
ZP:0100888	CHEBI:16113-BFO:0000050-ZFA:0000208-PATO:0000070-0-0-0	
ZP:0100890	CHEBI:16113-BFO:0000050-ZFA:0001338-PATO:0000070-0-0-0	
ZP:0100892	MPATH:397-BFO:0000050-ZFA:0001094-PATO:0000070-0-0-0	
ZP:0100906	GO:0030282-BFO:0000066-ZFA:0000737-PATO:0001236-0-0-0	
ZP:0100922	0-0-ZFA:0009048-PATO:0000070-0-0-0	
ZP:0100975	0-0-GO:0036268-PATO:0000044-0-0-0	
ZP:0100976	0-0-GO:0040011-PATO:0000044-0-0-0	
ZP:0100998	GO:0098723-BFO:0000050-ZFA:0005277-PATO:0000052-0-0-0	
ZP:0100999	GO:0098723-BFO:0000050-ZFA:0005277-PATO:0000070-0-0-0	
ZP:0101037	GO:0004000-BFO:0000050-ZFA:0000008-PATO:0002052-0-0-0	
ZP:0101042	GO:0004096-BFO:0000050-ZFA:0000008-PATO:0002304-0-0-0	
ZP:0101043	GO:0004364-BFO:0000050-ZFA:0000008-PATO:0002304-0-0-0	
ZP:0101044	GO:0004602-BFO:0000050-ZFA:0000008-PATO:0002304-0-0-0	
ZP:0101047	GO:0016209-BFO:0000050-ZFA:0000008-PATO:0002304-0-0-0	
ZP:0101055	ZFA:0009076-BFO:0000050-ZFA:0000029-PATO:0000070-0-0-0	
ZP:0101061	ZFA:0009279-BFO:0000050-ZFA:0000123-PATO:0002050-0-0-0	
ZP:0101069	GO:0008283-BFO:0000066-ZFA:0005125-PATO:0000057-0-0-0	
ZP:0101084	GO:0043209-BFO:0000050-ZFA:0000075-PATO:0000070-0-0-0	
ZP:0101087	0-0-GO:0042330-PATO:0000057-0-0-0	
ZP:0101096	ZFA:0000123-BFO:0000050-ZFA:0000242-PATO:0000070-0-0-0	
ZP:0101101	0-0-ZFA:0000042-PATO:0002326-0-0-ZFA:0000042	
ZP:0101110	ZFA:0009301-BFO:0000050-ZFA:0000101-PATO:0000467-0-0-0	
ZP:0101152	0-0-GO:0035188-PATO:0000057-0-0-0	
ZP:0101153	BSPO:0000128-BFO:0000050-ZFA:0001094-PATO:0000051-0-0-0	
ZP:0101155	GO:0030424-BFO:0000050-ZFA:0009149-PATO:0001334-0-0-0	
ZP:0101157	GO:0044297-BFO:0000050-ZFA:0009149-PATO:0001334-0-0-0	
ZP:0101159	GO:0098814-BFO:0000066-ZFA:0009149-PATO:0000044-0-0-0	
ZP:0101162	GO:0004096-BFO:0000050-ZFA:0000008-PATO:0002302-0-0-0	
ZP:0101163	GO:0004364-BFO:0000050-ZFA:0000008-PATO:0002302-0-0-0	
ZP:0101164	GO:0004601-BFO:0000050-ZFA:0000008-PATO:0002051-0-0-0	
ZP:0101165	GO:0004784-BFO:0000050-ZFA:0000008-PATO:0002302-0-0-0	
ZP:0101172	MPATH:218-BFO:0000050-ZFA:0000008-PATO:0000117-0-0-0	
ZP:0101186	0-0-GO:0008542-PATO:0001236-0-0-0	
ZP:0101211	GO:0043197-BFO:0000050-ZFA:0009248-PATO:0000915-0-0-0	
ZP:0101218	0-0-ZFA:0009327-PATO:0002269-0-0-ZFA:0001117	
ZP:0101222	GO:0004396-BFO:0000050-ZFA:0005145-PATO:0001236-0-0-0	
ZP:0101223	GO:0004611-BFO:0000050-ZFA:0000123-PATO:0001236-0-0-0	
ZP:0101224	GO:0004743-BFO:0000050-ZFA:0005145-PATO:0001236-0-0-0	
ZP:0101245	GO:0003990-BFO:0000050-ZFA:0000008-PATO:0001236-0-0-0	
ZP:0101246	GO:0003990-BFO:0000050-ZFA:0000008-PATO:0002051-0-0-0	
ZP:0101283	MPATH:359-BFO:0000050-ZFA:0001094-PATO:0000070-0-0-0	
ZP:0101313	GO:0008137-BFO:0000050-ZFA:0001094-PATO:0002052-0-0-0	
ZP:0101316	GO:0031929-BFO:0000066-ZFA:0009076-PATO:0000057-0-0-0	
ZP:0101353	ZFA:0001269-BFO:0000050-ZFA:0001058-PATO:0000070-0-0-0	
ZP:0101375	MPATH:218-BFO:0000050-ZFA:0000088-PATO:0000117-0-0-0	
ZP:0101377	0-0-GO:0006096-PATO:0000161-0-0-0	
ZP:0101379	0-0-GO:0006119-PATO:0000161-0-0-0	
ZP:0101385	GO:0060047-BFO:0000066-ZFA:0000471-PATO:0000078-0-0-0	
ZP:0101429	BSPO:0000070-BFO:0000050-ZFA:0000150-PATO:0001555-0-0-ZFA:0009309	
ZP:0101431	GO:0004691-BFO:0000050-ZFA:0001094-PATO:0002051-0-0-0	
ZP:0101432	GO:0050673-BFO:0000066-ZFA:0000150-PATO:0000057-0-0-0	
ZP:0101443	CHEBI:15361-BFO:0000050-ZFA:0001094-PATO:0000070-0-0-0	
ZP:0101445	CHEBI:24996-BFO:0000050-ZFA:0001094-PATO:0000070-0-0-0	
ZP:0101467	MPATH:359-BFO:0000050-ZFA:0001094-PATO:0000117-0-0-0	
ZP:0101509	GO:0006915-BFO:0000066-ZFA:0000123-PATO:0000057-0-0-0	
ZP:0101541	BSPO:0000070-BFO:0000050-ZFA:0001076-PATO:0000140-0-0-0	
ZP:0101548	ZFA:0009000-BFO:0000050-ZFA:0001285-PATO:0000070-0-0-0	
ZP:0101549	0-0-ZFA:0001157-PATO:0001555-ZFA:0009000-BFO:0000050-ZFA:0001157	
ZP:0101559	0-0-ZFA:0009015-PATO:0000070-0-0-0	
ZP:0101561	0-0-ZFA:0000075-PATO:0001555-0-0-ZFA:0009076	
ZP:0101576	0-0-ZFA:0001360-PATO:0001555-ZFA:0009248-BFO:0000050-ZFA:0001360	
ZP:0101603	ZFA:0009000-BFO:0000050-ZFA:0000107-PATO:0000070-0-0-0	
ZP:0101614	GO:0048514-BFO:0000066-ZFA:0001620-PATO:0000057-0-0-0	
ZP:0101616	GO:0048514-BFO:0000066-ZFA:0001621-PATO:0000057-0-0-0	
ZP:0101618	GO:0061438-BFO:0000066-ZFA:0001620-PATO:0000057-0-0-0	
ZP:0101620	GO:0061438-BFO:0000066-ZFA:0001621-PATO:0000057-0-0-0	
ZP:0101627	ZFA:0009354-BFO:0000050-ZFA:0000033-PATO:0000070-0-0-0	
ZP:0101629	0-0-ZFA:0000009-PATO:0001555-0-0-ZFA:0009316	
ZP:0101660	BSPO:0000084-BFO:0000050-ZFA:0001306-PATO:0000070-0-0-0	
ZP:0101675	0-0-ZFA:0000123-PATO:0001509-0-0-0	
ZP:0101676	0-0-ZFA:0000123-PATO:0001555-0-0-ZFA:0005169	
ZP:0101680	GO:1990454-BFO:0000050-ZFA:0009114-PATO:0000070-0-0-0	
ZP:0101681	GO:0014808-BFO:0000066-ZFA:0009114-PATO:0001236-0-0-0	
ZP:0101700	ZFA:0009181-BFO:0000050-ZFA:0000014-PATO:0000070-0-0-0	
ZP:0101718	0-0-ZFA:0000014-PATO:0000070-0-0-0	
ZP:0101839	GO:0051899-BFO:0000066-ZFA:0000778-PATO:0000044-0-0-0	
ZP:0101841	GO:0051899-BFO:0000066-ZFA:0009052-PATO:0000044-0-0-0	
ZP:0101857	0-0-ZFA:0001620-PATO:0000117-0-0-0	
ZP:0101904	GO:0097475-BFO:0000066-ZFA:0000206-PATO:0000057-0-0-0	
ZP:0101905	GO:0043005-BFO:0000050-ZFA:0000206-PATO:0000070-0-0-0	
ZP:0101906	GO:0043005-BFO:0000050-ZFA:0000206-PATO:0000122-0-0-0	
ZP:0101907	ZFA:0009052-BFO:0000050-ZFA:0000206-PATO:0000052-0-0-0	
ZP:0101908	ZFA:0009052-BFO:0000050-ZFA:0000206-PATO:0000918-0-0-0	
ZP:0101921	BSPO:0000075-BFO:0000050-ZFA:0000152-PATO:0000070-0-0-0	
ZP:0102033	0-0-ZFA:0001458-PATO:0000141-0-0-0	
ZP:0102047	GO:0014003-BFO:0000066-ZFA:0000029-PATO:0001236-0-0-0	
ZP:0102096	0-0-ZFA:0001072-PATO:0000070-0-0-0	
ZP:0102100	GO:0098723-BFO:0000050-ZFA:0009116-PATO:0002264-0-0-0	
ZP:0102101	0-0-ZFA:0001056-PATO:0000921-0-0-0	
ZP:0102102	0-0-ZFA:0005784-PATO:0000122-0-0-0	
ZP:0102103	0-0-ZFA:0005784-PATO:0000921-0-0-0	
ZP:0102151	0-0-ZFA:0000135-PATO:0001020-0-0-0	
ZP:0102165	MPATH:376-BFO:0000050-ZFA:0001345-PATO:0000918-0-0-0	
ZP:0102207	GO:0035622-BFO:0000066-ZFA:0000123-PATO:0001236-0-0-0	
ZP:0102208	GO:0061138-BFO:0000066-ZFA:0005164-PATO:0001236-0-0-0	
ZP:0102209	0-0-ZFA:0000036-PATO:0001509-0-0-0	
ZP:0102214	GO:0002040-BFO:0000066-ZFA:0001285-PATO:0000057-0-0-0	
ZP:0102217	0-0-ZFA:0005024-PATO:0000070-0-0-0	
ZP:0102248	BSPO:0000072-BFO:0000050-ZFA:0005023-PATO:0001555-0-0-ZFA:0009354	
ZP:0102249	ZFA:0005249-BFO:0000050-ZFA:0005023-PATO:0000070-0-0-0	
ZP:0102288	GO:0008219-BFO:0000066-ZFA:0005023-PATO:0000057-0-0-0	
ZP:0102310	GO:0006915-BFO:0000066-ZFA:0001345-PATO:0000057-0-0-0	
ZP:0102311	GO:0008283-BFO:0000066-ZFA:0001345-PATO:0000057-0-0-0	
ZP:0102312	ZFA:0009000-BFO:0000050-ZFA:0001345-PATO:0000070-0-0-0	
ZP:0102313	GO:0005730-BFO:0000050-ZFA:0001345-PATO:0000060-0-0-0	
ZP:0102314	GO:0005730-BFO:0000050-ZFA:0001345-PATO:0001323-0-0-0	
ZP:0102315	MPATH:376-BFO:0000050-ZFA:0001345-PATO:0000117-0-0-0	
ZP:0102420	0-0-GO:0006096-PATO:0001236-0-0-0	
ZP:0102425	0-0-ZFA:0009116-PATO:0001435-0-0-ZFA:0009116	
ZP:0102426	0-0-ZFA:0009116-PATO:0002037-0-0-0	
ZP:0102427	GO:0005927-BFO:0000050-ZFA:0001056-PATO:0000070-0-0-0	
ZP:0102444	GO:0000423-BFO:0000066-ZFA:0005237-PATO:0000057-0-0-0	
ZP:0102445	GO:0005739-BFO:0000050-ZFA:0005237-PATO:0000070-0-0-0	
ZP:0102460	GO:0016055-BFO:0000066-ZFA:0000123-PATO:0000057-0-0-0	
ZP:0102470	CHEBI:17855-BFO:0000050-ZFA:0005654-PATO:0000070-0-0-0	
ZP:0102483	GO:0008137-BFO:0000050-ZFA:0001094-PATO:0000057-0-0-0	
ZP:0102484	0-0-ZFA:0001315-PATO:0000070-0-0-0	
ZP:0102488	GO:0005262-BFO:0000050-ZFA:0009367-PATO:0002304-0-0-0	
ZP:0102532	0-0-GO:0098508-PATO:0000057-0-0-0	
ZP:0102533	CHEBI:17650-BFO:0000050-ZFA:0000037-PATO:0000070-0-0-0	
ZP:0102556	0-0-ZFA:0000120-PATO:0000060-0-0-0	
ZP:0102559	0-0-ZFA:0000107-PATO:0000060-0-0-0	
ZP:0102560	0-0-GO:0097153-PATO:0000057-0-0-0	
ZP:0102621	CHEBI:16113-BFO:0000050-ZFA:0005654-PATO:0000070-0-0-0	
ZP:0102691	GO:0042995-BFO:0000050-ZFA:0009163-PATO:0000070-0-0-0	
ZP:0102701	CHEBI:16865-BFO:0000050-ZFA:0001094-PATO:0002050-0-0-0	
ZP:0102724	0-0-ZFA:0000368-PATO:0000070-0-0-0	
ZP:0102725	0-0-ZFA:0000477-PATO:0000070-0-0-0	
ZP:0102726	0-0-ZFA:0005020-PATO:0000070-0-0-0	
ZP:0102727	0-0-ZFA:0005025-PATO:0000070-0-0-0	
ZP:0102732	ZFA:0005249-BFO:0000050-ZFA:0001338-PATO:0000070-0-0-0	
ZP:0102759	ZFA:0009014-BFO:0000050-ZFA:0000094-PATO:0000070-0-0-0	
ZP:0102760	GO:0071425-BFO:0000066-ZFA:0000669-PATO:0000161-0-0-0	
ZP:0102761	ZFA:0009014-BFO:0000050-ZFA:0000669-PATO:0000070-0-0-0	
ZP:0102764	GO:0060975-BFO:0000066-ZFA:0005490-PATO:0000057-0-0-0	
ZP:0102765	0-0-ZFA:0001319-PATO:0000642-0-0-ZFA:0001319	
ZP:0102823	ZFA:0009327-BFO:0000050-ZFA:0000051-PATO:0000070-0-0-0	
ZP:0102824	ZFA:0009327-BFO:0000050-ZFA:0001117-PATO:0000070-0-0-0	
ZP:0102834	ZFA:0009014-BFO:0000050-ZFA:0005898-PATO:0000070-0-0-0	
ZP:0102873	0-0-ZFA:0000135-PATO:0000122-0-0-0	
ZP:0102874	0-0-ZFA:0007029-PATO:0000921-0-0-0	
ZP:0102879	CHEBI:18059-BFO:0000050-ZFA:0005249-PATO:0000070-0-0-0	
ZP:0102880	CHEBI:18059-BFO:0000050-ZFA:0005654-PATO:0000070-0-0-0	
ZP:0102917	GO:0004601-BFO:0000050-ZFA:0001094-PATO:0002051-0-0-0	
ZP:0102928	0-0-ZFA:0000076-PATO:0002014-0-0-0	
ZP:0102930	GO:0030263-BFO:0000066-ZFA:0001289-PATO:0000057-0-0-0	
ZP:0102955	BSPO:0000070-BFO:0000050-ZFA:0000107-PATO:0002011-0-0-0	
ZP:0102973	0-0-ZFA:0001613-PATO:0000070-0-0-0	
ZP:0102985	CHEBI:17996-BFO:0000050-ZFA:0001094-PATO:0000070-0-0-0	
ZP:0102989	CHEBI:29103-BFO:0000050-ZFA:0001094-PATO:0000070-0-0-0	
ZP:0102990	0-0-GO:0060348-PATO:0000057-0-0-0	
ZP:0103031	GO:0016422-BFO:0000050-ZFA:0000008-PATO:0002052-0-0-0	
ZP:0103032	GO:0016422-BFO:0000050-ZFA:0000123-PATO:0002052-0-0-0	
ZP:0103033	GO:0016422-BFO:0000050-ZFA:0000403-PATO:0002052-0-0-0	
ZP:0103034	GO:0016422-BFO:0000050-ZFA:0000598-PATO:0002052-0-0-0	
ZP:0103035	GO:0016422-BFO:0000050-ZFA:0005145-PATO:0002052-0-0-0	
ZP:0103198	ZFA:0009366-BFO:0000050-ZFA:0000940-PATO:0000070-0-0-0	
ZP:0103290	0-0-ZFA:0001622-PATO:0000117-0-0-0	
ZP:0103291	0-0-ZFA:0001624-PATO:0000117-0-0-0	
ZP:0103366	0-0-ZFA:0000151-PATO:0001509-0-0-0	
ZP:0103369	0-0-ZFA:0001557-PATO:0000117-0-0-0	
ZP:0103500	ZFA:0009141-BFO:0000050-ZFA:0001114-PATO:0000070-0-0-0	
ZP:0103509	GO:0004465-BFO:0000050-ZFA:0000303-PATO:0002304-0-0-0	
ZP:0103510	GO:0004465-BFO:0000050-ZFA:0005654-PATO:0002304-0-0-0	
ZP:0103623	ZFA:0009397-BFO:0000050-ZFA:0000123-PATO:0000070-0-0-0	
ZP:0103640	BSPO:0000079-BFO:0000050-ZFA:0001094-PATO:0001555-0-0-ZFA:0009091	
ZP:0103649	GO:0005811-BFO:0000050-ZFA:0000123-PATO:0000070-0-0-0	
ZP:0103670	0-0-ZFA:0000416-PATO:0000070-0-0-0	
ZP:0103673	0-0-ZFA:0001377-PATO:0000070-0-0-0	
ZP:0103714	0-0-GO:0061386-PATO:0001236-0-0-0	
ZP:0103737	GO:0001750-BFO:0000050-ZFA:0009275-PATO:0000070-0-0-0	
ZP:0103738	GO:0005929-BFO:0000050-ZFA:0000386-PATO:0000467-0-0-0	
ZP:0103739	GO:0032391-BFO:0000050-ZFA:0009127-PATO:0000070-0-0-0	
ZP:0103743	0-0-ZFA:0000017-PATO:0000070-0-0-0	
ZP:0103744	0-0-ZFA:0000092-PATO:0000070-0-0-0	
ZP:0103761	GO:0098981-BFO:0000050-ZFA:0001056-PATO:0000070-0-0-0	
ZP:0103875	GO:0004364-BFO:0000050-ZFA:0001094-PATO:0002302-0-0-0	
ZP:0103876	GO:0004364-BFO:0000050-ZFA:0001094-PATO:0001236-0-0-0	
ZP:0103963	GO:0016324-BFO:0000050-ZFA:0009111-PATO:0000060-0-0-0	
ZP:0103964	0-0-ZFA:0005163-PATO:0000140-0-0-0	
ZP:0103974	GO:0031101-BFO:0000066-ZFA:0001550-PATO:0015002-0-0-0	
ZP:0103975	ZFA:0001550-BFO:0000050-ZFA:0001269-PATO:0000122-0-0-0	
ZP:0103976	0-0-GO:0031101-PATO:0015002-0-0-0	
ZP:0104062	0-0-ZFA:0000079-PATO:0000070-0-0-0	
ZP:0104082	0-0-ZFA:0005622-PATO:0000070-0-0-0	
ZP:0104087	GO:0006915-BFO:0000066-ZFA:0009046-PATO:0000057-0-0-0	
ZP:0104108	ZFA:0009327-BFO:0000050-ZFA:0000112-PATO:0000070-0-0-0	
ZP:0104164	GO:0005739-BFO:0000050-ZFA:0001094-PATO:0000070-0-0-0	
ZP:0104180	CHEBI:29034-BFO:0000050-ZFA:0000008-PATO:0000070-0-0-0	
ZP:0104182	CHEBI:29034-BFO:0000050-ZFA:0000112-PATO:0000070-0-0-0	
ZP:0104185	CHEBI:29034-BFO:0000050-ZFA:0001094-PATO:0000070-0-0-0	
ZP:0104186	CHEBI:29034-BFO:0000050-ZFA:0005145-PATO:0000070-0-0-0	
ZP:0104204	0-0-GO:0030593-PATO:0015002-0-0-0	
ZP:0104207	GO:0007249-BFO:0000066-ZFA:0001058-PATO:0001236-0-0-0	
ZP:0104419	0-0-ZFA:0001346-PATO:0000060-0-0-0	
ZP:0104488	GO:0097621-BFO:0000050-ZFA:0000008-PATO:0002052-0-0-0	
ZP:0104492	GO:0030282-BFO:0000066-ZFA:0000135-PATO:0001236-0-0-0	
ZP:0104503	ZFA:0000123-BFO:0000050-ZFA:0000303-PATO:0000070-0-0-0	
ZP:0104504	ZFA:0005759-BFO:0000050-ZFA:0000303-PATO:0000070-0-0-0	
ZP:0104525	GO:0001568-BFO:0000066-ZFA:0001094-PATO:0000057-0-0-0	
ZP:0104713	BSPO:0000071-BFO:0000050-ZFA:0000035-PATO:0000060-0-0-0	
ZP:0104714	BSPO:0000071-BFO:0000050-ZFA:0000035-PATO:0000140-0-0-0	
ZP:0104717	0-0-ZFA:0001326-PATO:0000070-0-0-0	
ZP:0104718	0-0-ZFA:0001326-PATO:0000140-0-0-0	
ZP:0104720	0-0-ZFA:0001326-PATO:0000915-0-0-0	
ZP:0104733	GO:0003146-BFO:0000066-ZFA:0000114-PATO:0002302-0-0-0	
ZP:0104737	0-0-ZFA:0001326-PATO:0045059-0-0-0	
ZP:0104741	GO:0005929-BFO:0000050-ZFA:0000001-PATO:0000140-0-0-0	
ZP:0104746	GO:0033142-BFO:0000050-ZFA:0000403-PATO:0001236-0-0-0	
ZP:0104775	0-0-GO:0002118-PATO:0000057-0-0-0	
ZP:0104778	GO:0072089-BFO:0000066-ZFA:0009292-PATO:0000057-0-0-0	
